{
    "providers": [
        {"type": "bitmap","file": "minecraft:font/e000.png","height": 17,"ascent": 8,"chars": ["\ue000"]},
        {"type": "bitmap","file": "minecraft:font/hat/e101.png","height": 32,"ascent": 7,"chars": ["\ue101"]},
        {"type": "bitmap","file": "minecraft:font/hat/e102.png","height": 32,"ascent": 7,"chars": ["\ue102"]},
        {"type": "bitmap","file": "minecraft:font/hat/e103.png","height": 32,"ascent": 7,"chars": ["\ue103"]},
        {"type": "bitmap","file": "minecraft:font/hat/e104.png","height": 32,"ascent": 7,"chars": ["\ue104"]},
        {"type": "bitmap","file": "minecraft:font/hat/e105.png","height": 32,"ascent": 7,"chars": ["\ue105"]},
        {"type": "bitmap","file": "minecraft:font/hat/e106.png","height": 32,"ascent": 7,"chars": ["\ue106"]},
        {"type": "bitmap","file": "minecraft:font/hat/e107.png","height": 32,"ascent": 7,"chars": ["\ue107"]},
        {"type": "bitmap","file": "minecraft:font/hat/e108.png","height": 32,"ascent": 7,"chars": ["\ue108"]},
        {"type": "bitmap","file": "minecraft:font/hat/e109.png","height": 32,"ascent": 7,"chars": ["\ue109"]},
        {"type": "bitmap","file": "minecraft:font/hat/e110.png","height": 32,"ascent": 7,"chars": ["\ue110"]},
        {"type": "bitmap","file": "minecraft:font/hat/e111.png","height": 32,"ascent": 7,"chars": ["\ue111"]},
        {"type": "bitmap","file": "minecraft:font/hat/e112.png","height": 32,"ascent": 7,"chars": ["\ue112"]},
        {"type": "bitmap","file": "minecraft:font/hat/e113.png","height": 32,"ascent": 7,"chars": ["\ue113"]},
        {"type": "bitmap","file": "minecraft:font/hat/e114.png","height": 32,"ascent": 7,"chars": ["\ue114"]},
        {"type": "bitmap","file": "minecraft:font/hat/e115.png","height": 32,"ascent": 7,"chars": ["\ue115"]},
        {"type": "bitmap","file": "minecraft:font/hat/e116.png","height": 32,"ascent": 7,"chars": ["\ue116"]},
        {"type": "bitmap","file": "minecraft:font/hat/e117.png","height": 32,"ascent": 7,"chars": ["\ue117"]},
        {"type": "bitmap","file": "minecraft:font/hat/e118.png","height": 32,"ascent": 7,"chars": ["\ue118"]},
        {"type": "bitmap","file": "minecraft:font/hat/e119.png","height": 32,"ascent": 7,"chars": ["\ue119"]},
        {"type": "bitmap","file": "minecraft:font/hat/e120.png","height": 32,"ascent": 7,"chars": ["\ue120"]},
        {"type": "bitmap","file": "minecraft:font/hat/e121.png","height": 32,"ascent": 7,"chars": ["\ue121"]},
        {"type": "bitmap","file": "minecraft:font/hat/e122.png","height": 32,"ascent": 7,"chars": ["\ue122"]}
    ]    
}