{
  "parent": "minecraft:item/template_spawn_egg",
  "textures": {
        "layer0": "item/spawn_egg",
        "layer1": "item/spawn_egg_overlay"
  },
  "overrides" :[
    {"predicate":{"custom_model_data":1},"model":"item/block/1","text":"进度空白图标"},
    {"predicate":{"custom_model_data":2},"model":"item/block/2","text":"光源消除栓"},
    {"predicate":{"custom_model_data":3},"model":"item/block/3","text":"座位发生器"},




    {"predicate":{"custom_model_data":92},"model":"item/block/92","text":"茶杯"},
    {"predicate":{"custom_model_data":93},"model":"item/block/93","text":"动态茶壶"},
    {"predicate":{"custom_model_data":94},"model":"item/block/94","text":"木盆"},
    {"predicate":{"custom_model_data":95},"model":"item/block/95","text":"木盆"},
    {"predicate":{"custom_model_data":96},"model":"item/block/96","text":"木盆"},
    {"predicate":{"custom_model_data":97},"model":"item/block/97","text":"木盆"},
    {"predicate":{"custom_model_data":98},"model":"item/block/98","text":"木盆"},
    {"predicate":{"custom_model_data":99},"model":"item/block/99","text":"木盆"},


    {"predicate":{"custom_model_data":100},"model":"item/block/100","text":"木盆"},
    {"predicate":{"custom_model_data":101},"model":"item/block/101","text":"无头观星架"},
    {"predicate":{"custom_model_data":102},"model":"item/block/102","text":"有头观星架"},
    {"predicate":{"custom_model_data":103},"model":"item/block/103","text":"展板"},
    {"predicate":{"custom_model_data":104},"model":"item/block/104","text":"带草展板"},
    {"predicate":{"custom_model_data":105},"model":"item/block/105","text":"小铃铛"},
    {"predicate":{"custom_model_data":106},"model":"item/block/106","text":"书本"},
    {"predicate":{"custom_model_data":107},"model":"item/block/107","text":"书本"},
    {"predicate":{"custom_model_data":108},"model":"item/block/108","text":"书本"},
    {"predicate":{"custom_model_data":109},"model":"item/block/109","text":"书本"},
    {"predicate":{"custom_model_data":110},"model":"item/block/110","text":"书本"},
    {"predicate":{"custom_model_data":111},"model":"item/block/111","text":"书本"},
    {"predicate":{"custom_model_data":112},"model":"item/block/112","text":"抽签"},
    {"predicate":{"custom_model_data":113},"model":"item/block/113","text":"签"},
    {"predicate":{"custom_model_data":114},"model":"item/block/114","text":"路障"},
    {"predicate":{"custom_model_data":115},"model":"item/block/115","text":"黄色雪糕筒"},
    {"predicate":{"custom_model_data":116},"model":"item/block/116","text":"红色雪糕筒"},
    {"predicate":{"custom_model_data":117},"model":"item/block/117","text":"黄色警戒线"},
    {"predicate":{"custom_model_data":118},"model":"item/block/118","text":"红色警戒线"},

    {"predicate":{"custom_model_data":119},"model":"item/block/119","text":"黄色警示牌"},
    {"predicate":{"custom_model_data":120},"model":"item/block/120","text":"黄色警示牌"},
    {"predicate":{"custom_model_data":121},"model":"item/block/121","text":"黄色警示牌"},
    {"predicate":{"custom_model_data":122},"model":"item/block/122","text":"黄色警示牌"},
    {"predicate":{"custom_model_data":123},"model":"item/block/123","text":"红色警示线"},
    {"predicate":{"custom_model_data":124},"model":"item/block/124","text":"红色警示线"},
    {"predicate":{"custom_model_data":125},"model":"item/block/125","text":"红色警示线"},
    {"predicate":{"custom_model_data":126},"model":"item/block/126","text":"红色警示线"},
    {"predicate":{"custom_model_data":127},"model":"item/block/127","text":"稻草人"},
    {"predicate":{"custom_model_data":128},"model":"item/block/128","text":"黑色警示条"},
    {"predicate":{"custom_model_data":129},"model":"item/block/129","text":"白色警示条"},
    {"predicate":{"custom_model_data":130},"model":"item/block/130","text":"地球仪"},
    {"predicate":{"custom_model_data":131},"model":"item/block/131","text":"旋转地球仪"},

    {"predicate":{"custom_model_data":132},"model":"item/block/132","text":"啤啤酒"},
    {"predicate":{"custom_model_data":133},"model":"item/block/133","text":"葡葡酒"},
    {"predicate":{"custom_model_data":134},"model":"item/block/134","text":"香槟"},
    {"predicate":{"custom_model_data":135},"model":"item/block/135","text":"果果酒"},
    {"predicate":{"custom_model_data":136},"model":"item/block/136","text":"清果酒"},
    {"predicate":{"custom_model_data":137},"model":"item/block/137","text":"朗姆酒"},
    {"predicate":{"custom_model_data":138},"model":"item/block/138","text":"白酒"},
    {"predicate":{"custom_model_data":139},"model":"item/block/139","text":"竹酒"},
    {"predicate":{"custom_model_data":140},"model":"item/block/140","text":"苹果酒"},
    {"predicate":{"custom_model_data":141},"model":"item/block/141","text":"威士忌"},
    {"predicate":{"custom_model_data":142},"model":"item/block/142","text":"高脚杯"},
    {"predicate":{"custom_model_data":143},"model":"item/block/143","text":"白瓷杯"},
    {"predicate":{"custom_model_data":144},"model":"item/block/144","text":"玻璃杯"},
    {"predicate":{"custom_model_data":145},"model":"item/block/145","text":"茶壶"},

    {"predicate":{"custom_model_data":146},"model":"item/block/146","text":"青色遮阳棚"},
    {"predicate":{"custom_model_data":147},"model":"item/block/147","text":"蓝色遮阳棚"},
    {"predicate":{"custom_model_data":148},"model":"item/block/148","text":"紫色遮阳棚"},
    {"predicate":{"custom_model_data":149},"model":"item/block/149","text":"褐色遮阳棚"},
    {"predicate":{"custom_model_data":150},"model":"item/block/150","text":"红色遮阳棚"},
    {"predicate":{"custom_model_data":151},"model":"item/block/151","text":"橙色遮阳棚"},
    {"predicate":{"custom_model_data":152},"model":"item/block/152","text":"黄色遮阳棚"},
    {"predicate":{"custom_model_data":153},"model":"item/block/153","text":"柠色遮阳棚"},
    {"predicate":{"custom_model_data":154},"model":"item/block/154","text":"绿色遮阳棚"},

    {"predicate":{"custom_model_data":155},"model":"item/block/155","text":"青色遮阳伞"},
    {"predicate":{"custom_model_data":156},"model":"item/block/156","text":"蓝色遮阳伞"},
    {"predicate":{"custom_model_data":157},"model":"item/block/157","text":"紫色遮阳伞"},
    {"predicate":{"custom_model_data":158},"model":"item/block/158","text":"褐色遮阳伞"},
    {"predicate":{"custom_model_data":159},"model":"item/block/159","text":"红色遮阳伞"},
    {"predicate":{"custom_model_data":160},"model":"item/block/160","text":"橙色遮阳伞"},
    {"predicate":{"custom_model_data":161},"model":"item/block/161","text":"黄色遮阳伞"},
    {"predicate":{"custom_model_data":162},"model":"item/block/162","text":"柠色遮阳伞"},
    {"predicate":{"custom_model_data":163},"model":"item/block/163","text":"绿色遮阳伞"},

    {"predicate":{"custom_model_data":164},"model":"item/block/164","text":"显微镜"},
    {"predicate":{"custom_model_data":165},"model":"item/block/165","text":"试管架"},
    {"predicate":{"custom_model_data":166},"model":"item/block/166","text":"1试管架"},
    {"predicate":{"custom_model_data":167},"model":"item/block/167","text":"2试管架"},
    {"predicate":{"custom_model_data":168},"model":"item/block/168","text":"3试管架"},
    {"predicate":{"custom_model_data":169},"model":"item/block/169","text":"绿色试管"},
    {"predicate":{"custom_model_data":170},"model":"item/block/170","text":"紫色试管"},
    {"predicate":{"custom_model_data":171},"model":"item/block/171","text":"黄色试管"},
    {"predicate":{"custom_model_data":172},"model":"item/block/172","text":"蓝色试管"},

    {"predicate":{"custom_model_data":173},"model":"item/block/173","text":"天平"},
    {"predicate":{"custom_model_data":174},"model":"item/block/174","text":"斜放天平"},

    {"predicate":{"custom_model_data":175},"model":"item/block/175","text":"墨水瓶"},
    {"predicate":{"custom_model_data":176},"model":"item/block/176","text":"莎草纸"},
    {"predicate":{"custom_model_data":177},"model":"item/block/177","text":"莎草纸"},


    {"predicate":{"custom_model_data":180},"model":"item/block/180","text":"橡木椅子"},
    {"predicate":{"custom_model_data":181},"model":"item/block/181","text":"云杉椅子"},
    {"predicate":{"custom_model_data":182},"model":"item/block/182","text":"白桦椅子"},
    {"predicate":{"custom_model_data":183},"model":"item/block/183","text":"从林木椅子"},
    {"predicate":{"custom_model_data":184},"model":"item/block/184","text":"金合欢椅子"},
    {"predicate":{"custom_model_data":185},"model":"item/block/185","text":"深色橡木椅子"},
    {"predicate":{"custom_model_data":186},"model":"item/block/186","text":"红树椅子"},
    {"predicate":{"custom_model_data":187},"model":"item/block/187","text":"樱花椅子"},
    {"predicate":{"custom_model_data":188},"model":"item/block/188","text":"竹木椅子"},
    {"predicate":{"custom_model_data":189},"model":"item/block/189","text":"绯红木椅子"},
    {"predicate":{"custom_model_data":190},"model":"item/block/190","text":"诡异木椅子"},






    {"predicate":{"custom_model_data":191},"model":"item/block/191","text":"橡木长椅-左"},
    {"predicate":{"custom_model_data":192},"model":"item/block/192","text":"橡木长椅-中"},
    {"predicate":{"custom_model_data":193},"model":"item/block/193","text":"橡木长椅-右"},

    {"predicate":{"custom_model_data":194},"model":"item/block/194","text":"云杉长椅-左"},
    {"predicate":{"custom_model_data":195},"model":"item/block/195","text":"云杉长椅-中"},
    {"predicate":{"custom_model_data":196},"model":"item/block/196","text":"云杉长椅-右"},

    {"predicate":{"custom_model_data":197},"model":"item/block/197","text":"白桦长椅-左"},
    {"predicate":{"custom_model_data":198},"model":"item/block/198","text":"白桦长椅-中"},
    {"predicate":{"custom_model_data":199},"model":"item/block/199","text":"白桦长椅-右"},

    {"predicate":{"custom_model_data":200},"model":"item/block/200","text":"丛林长椅-左"},
    {"predicate":{"custom_model_data":201},"model":"item/block/201","text":"丛林长椅-中"},
    {"predicate":{"custom_model_data":202},"model":"item/block/202","text":"丛林长椅-右"},

    {"predicate":{"custom_model_data":203},"model":"item/block/203","text":"金合欢长椅-左"},
    {"predicate":{"custom_model_data":204},"model":"item/block/204","text":"金合欢长椅-中"},
    {"predicate":{"custom_model_data":205},"model":"item/block/205","text":"金合欢长椅-右"},

    {"predicate":{"custom_model_data":206},"model":"item/block/206","text":"深色橡木长椅-左"},
    {"predicate":{"custom_model_data":207},"model":"item/block/207","text":"深色橡木长椅-中"},
    {"predicate":{"custom_model_data":208},"model":"item/block/208","text":"深色橡木长椅-右"},

    {"predicate":{"custom_model_data":209},"model":"item/block/209","text":"红木长椅-左"},
    {"predicate":{"custom_model_data":210},"model":"item/block/210","text":"红木长椅-中"},
    {"predicate":{"custom_model_data":211},"model":"item/block/211","text":"红木长椅-右"},

    {"predicate":{"custom_model_data":212},"model":"item/block/212","text":"樱花长椅-左"},
    {"predicate":{"custom_model_data":213},"model":"item/block/213","text":"樱花长椅-中"},
    {"predicate":{"custom_model_data":214},"model":"item/block/214","text":"樱花长椅-右"},

    {"predicate":{"custom_model_data":215},"model":"item/block/215","text":"竹木长椅-左"},
    {"predicate":{"custom_model_data":216},"model":"item/block/216","text":"竹木长椅-中"},
    {"predicate":{"custom_model_data":217},"model":"item/block/217","text":"竹木长椅-右"},

    {"predicate":{"custom_model_data":218},"model":"item/block/218","text":"绯红木长椅-左"},
    {"predicate":{"custom_model_data":219},"model":"item/block/219","text":"绯红木长椅-中"},
    {"predicate":{"custom_model_data":220},"model":"item/block/220","text":"绯红木长椅-右"},

    {"predicate":{"custom_model_data":221},"model":"item/block/221","text":"诡异木长椅-左"},
    {"predicate":{"custom_model_data":222},"model":"item/block/222","text":"诡异木长椅-中"},
    {"predicate":{"custom_model_data":223},"model":"item/block/223","text":"诡异木长椅-右"},








    {"predicate":{"custom_model_data":224},"model":"item/block/224","text":"橡木桌子"},
    {"predicate":{"custom_model_data":225},"model":"item/block/225","text":"橡木桌子"},
    {"predicate":{"custom_model_data":226},"model":"item/block/226","text":"橡木桌子"},

    {"predicate":{"custom_model_data":227},"model":"item/block/227","text":"云杉桌子"},
    {"predicate":{"custom_model_data":228},"model":"item/block/228","text":"云杉桌子"},
    {"predicate":{"custom_model_data":229},"model":"item/block/229","text":"云杉桌子"},

    {"predicate":{"custom_model_data":230},"model":"item/block/230","text":"白桦桌子"},
    {"predicate":{"custom_model_data":231},"model":"item/block/231","text":"白桦桌子"},
    {"predicate":{"custom_model_data":232},"model":"item/block/232","text":"白桦桌子"},

    {"predicate":{"custom_model_data":233},"model":"item/block/233","text":"丛林桌子"},
    {"predicate":{"custom_model_data":234},"model":"item/block/234","text":"丛林桌子"},
    {"predicate":{"custom_model_data":235},"model":"item/block/235","text":"丛林桌子"},

    {"predicate":{"custom_model_data":236},"model":"item/block/236","text":"金合欢桌子"},
    {"predicate":{"custom_model_data":237},"model":"item/block/237","text":"金合欢桌子"},
    {"predicate":{"custom_model_data":238},"model":"item/block/238","text":"金合欢桌子"},

    {"predicate":{"custom_model_data":239},"model":"item/block/239","text":"深色橡木桌子"},
    {"predicate":{"custom_model_data":240},"model":"item/block/240","text":"深色橡木桌子"},
    {"predicate":{"custom_model_data":241},"model":"item/block/241","text":"深色橡木桌子"},

    {"predicate":{"custom_model_data":242},"model":"item/block/242","text":"红木桌子"},
    {"predicate":{"custom_model_data":243},"model":"item/block/243","text":"红木桌子"},
    {"predicate":{"custom_model_data":244},"model":"item/block/244","text":"红木桌子"},

    {"predicate":{"custom_model_data":245},"model":"item/block/245","text":"桌子"},
    {"predicate":{"custom_model_data":246},"model":"item/block/246","text":"樱花桌子"},
    {"predicate":{"custom_model_data":247},"model":"item/block/247","text":"樱花桌子"},

    {"predicate":{"custom_model_data":248},"model":"item/block/248","text":"桌子"},
    {"predicate":{"custom_model_data":249},"model":"item/block/249","text":"竹木桌子"},
    {"predicate":{"custom_model_data":250},"model":"item/block/250","text":"竹木桌子"},

    {"predicate":{"custom_model_data":251},"model":"item/block/251","text":"竹木桌子"},
    {"predicate":{"custom_model_data":252},"model":"item/block/252","text":"绯红木桌子"},
    {"predicate":{"custom_model_data":253},"model":"item/block/253","text":"绯红木桌子"},

    {"predicate":{"custom_model_data":254},"model":"item/block/254","text":"绯红木桌子"},
    {"predicate":{"custom_model_data":255},"model":"item/block/255","text":"诡异木桌子"},
    {"predicate":{"custom_model_data":256},"model":"item/block/256","text":"诡异木桌子"},




    {"predicate":{"custom_model_data":260},"model":"item/block/260","text":"矮矮凳"},
    {"predicate":{"custom_model_data":261},"model":"item/block/261","text":"矮矮凳"},
    {"predicate":{"custom_model_data":262},"model":"item/block/262","text":"矮矮凳"},
    {"predicate":{"custom_model_data":263},"model":"item/block/263","text":"矮矮凳"},
    {"predicate":{"custom_model_data":264},"model":"item/block/264","text":"矮矮凳"},
    {"predicate":{"custom_model_data":265},"model":"item/block/265","text":"矮矮凳"},
    {"predicate":{"custom_model_data":266},"model":"item/block/266","text":"矮矮凳"},
    {"predicate":{"custom_model_data":267},"model":"item/block/267","text":"矮矮凳"},
    {"predicate":{"custom_model_data":268},"model":"item/block/268","text":"矮矮凳"},
    {"predicate":{"custom_model_data":269},"model":"item/block/269","text":"矮矮凳"},
    {"predicate":{"custom_model_data":270},"model":"item/block/270","text":"矮矮凳"},



    {"predicate":{"custom_model_data":280},"model":"item/block/280","text":"高高凳"},
    {"predicate":{"custom_model_data":281},"model":"item/block/281","text":"高高凳"},
    {"predicate":{"custom_model_data":282},"model":"item/block/282","text":"高高凳"},
    {"predicate":{"custom_model_data":283},"model":"item/block/283","text":"高高凳"},
    {"predicate":{"custom_model_data":284},"model":"item/block/284","text":"高高凳"},
    {"predicate":{"custom_model_data":285},"model":"item/block/285","text":"高高凳"},
    {"predicate":{"custom_model_data":286},"model":"item/block/286","text":"高高凳"},
    {"predicate":{"custom_model_data":287},"model":"item/block/287","text":"高高凳"},
    {"predicate":{"custom_model_data":288},"model":"item/block/288","text":"高高凳"},
    {"predicate":{"custom_model_data":289},"model":"item/block/289","text":"高高凳"},
    {"predicate":{"custom_model_data":290},"model":"item/block/290","text":"高高凳"},


    {"predicate":{"custom_model_data":301},"model":"item/block/301","text":"蛋糕"},
    {"predicate":{"custom_model_data":302},"model":"item/block/302","text":"蛋糕"},
    {"predicate":{"custom_model_data":303},"model":"item/block/303","text":"蛋糕"},
    {"predicate":{"custom_model_data":304},"model":"item/block/304","text":"蛋糕"},
    {"predicate":{"custom_model_data":305},"model":"item/block/305","text":"蛋糕"},
    {"predicate":{"custom_model_data":306},"model":"item/block/306","text":"蛋糕"},
    {"predicate":{"custom_model_data":307},"model":"item/block/307","text":"蛋糕"},
    {"predicate":{"custom_model_data":308},"model":"item/block/308","text":"蛋糕"},
    {"predicate":{"custom_model_data":309},"model":"item/block/309","text":"蛋糕"},
    {"predicate":{"custom_model_data":310},"model":"item/block/310","text":"蛋糕"},
    {"predicate":{"custom_model_data":311},"model":"item/block/311","text":"蛋糕"},
    {"predicate":{"custom_model_data":312},"model":"item/block/312","text":"蛋糕"},
    {"predicate":{"custom_model_data":313},"model":"item/block/313","text":"蛋糕"},
    {"predicate":{"custom_model_data":314},"model":"item/block/314","text":"蛋糕"},
    {"predicate":{"custom_model_data":315},"model":"item/block/315","text":"蛋糕"},



    {"predicate":{"custom_model_data":320},"model":"item/block/320","text":"礼品盒"},
    {"predicate":{"custom_model_data":321},"model":"item/block/321","text":"礼品盒"},
    {"predicate":{"custom_model_data":322},"model":"item/block/322","text":"礼品盒"},




    {"predicate":{"custom_model_data":331},"model":"item/block/331","text":"拼盘"},
    {"predicate":{"custom_model_data":332},"model":"item/block/332","text":"拼盘"},
    {"predicate":{"custom_model_data":333},"model":"item/block/333","text":"拼盘"},
    {"predicate":{"custom_model_data":334},"model":"item/block/334","text":"拼盘"},
    {"predicate":{"custom_model_data":335},"model":"item/block/335","text":"拼盘"},
    {"predicate":{"custom_model_data":336},"model":"item/block/336","text":"拼盘"},
    {"predicate":{"custom_model_data":337},"model":"item/block/337","text":"拼盘"},
    {"predicate":{"custom_model_data":338},"model":"item/block/338","text":"拼盘"},
    {"predicate":{"custom_model_data":339},"model":"item/block/339","text":"拼盘"},
    {"predicate":{"custom_model_data":340},"model":"item/block/340","text":"拼盘"},
    {"predicate":{"custom_model_data":341},"model":"item/block/341","text":"拼盘"},
    {"predicate":{"custom_model_data":342},"model":"item/block/342","text":"拼盘"},







    {"predicate":{"custom_model_data":10000},"model":"item/block/10000","text":"药水棒冰"},
    {"predicate":{"custom_model_data":10001},"model":"item/block/10001","text":"花樽栗守"},
    {"predicate":{"custom_model_data":10002},"model":"item/block/10002","text":"焰焰宝宝"},
    {"predicate":{"custom_model_data":10003},"model":"item/block/10003","text":"末末栗守"},
    {"predicate":{"custom_model_data":10004},"model":"item/block/10004","text":"蛛蛛栗守"},
    {"predicate":{"custom_model_data":10005},"model":"item/block/10005","text":"怕怕栗守"},
    {"predicate":{"custom_model_data":10006},"model":"item/block/10006","text":"溺溺栗守"},
    {"predicate":{"custom_model_data":10007},"model":"item/block/10007","text":"僵僵栗守"},
    {"predicate":{"custom_model_data":10008},"model":"item/block/10008","text":"壳壳栗守"},
    {"predicate":{"custom_model_data":10009},"model":"item/block/10009","text":"唤唤玩偶"},
    {"predicate":{"custom_model_data":10010},"model":"item/block/10010","text":"僵僵栗守"},
    {"predicate":{"custom_model_data":10011},"model":"item/block/10011","text":"僵僵栗守"},
    {"predicate":{"custom_model_data":10012},"model":"item/block/10012","text":"僵僵栗守"},
    {"predicate":{"custom_model_data":10013},"model":"item/block/10013","text":"僵僵栗守"},
    {"predicate":{"custom_model_data":10014},"model":"item/block/10014","text":"僵僵栗守"},
    {"predicate":{"custom_model_data":10015},"model":"item/block/10015","text":"僵僵栗守"},
    {"predicate":{"custom_model_data":10016},"model":"item/block/10016","text":"僵僵栗守"},
    {"predicate":{"custom_model_data":10017},"model":"item/block/10017","text":"僵僵栗守"},
    {"predicate":{"custom_model_data":10018},"model":"item/block/10018","text":"僵僵栗守"},
    {"predicate":{"custom_model_data":10019},"model":"item/block/10019","text":"僵僵栗守"},
    {"predicate":{"custom_model_data":10020},"model":"item/block/10020","text":"僵僵栗守"},
    {"predicate":{"custom_model_data":10021},"model":"item/block/10021","text":"僵僵栗守"},
    {"predicate":{"custom_model_data":10022},"model":"item/block/10022","text":"僵僵栗守"},
    {"predicate":{"custom_model_data":10023},"model":"item/block/10023","text":"僵僵栗守"},
    {"predicate":{"custom_model_data":10024},"model":"item/block/10024","text":"僵僵栗守"},
    {"predicate":{"custom_model_data":10025},"model":"item/block/10025","text":"僵僵栗守"},
    {"predicate":{"custom_model_data":10026},"model":"item/block/10026","text":"僵僵栗守"},
    {"predicate":{"custom_model_data":10027},"model":"item/block/10027","text":"僵僵栗守"},
    {"predicate":{"custom_model_data":10028},"model":"item/block/10028","text":"僵僵栗守"},
    {"predicate":{"custom_model_data":10029},"model":"item/block/10029","text":"僵僵栗守"},
    {"predicate":{"custom_model_data":10030},"model":"item/block/10030","text":"僵僵栗守"},
    {"predicate":{"custom_model_data":10031},"model":"item/block/10031","text":"僵僵栗守"},
    {"predicate":{"custom_model_data":10032},"model":"item/block/10032","text":"僵僵栗守"},
    {"predicate":{"custom_model_data":10033},"model":"item/block/10033","text":"僵僵栗守"},
    {"predicate":{"custom_model_data":10034},"model":"item/block/10034","text":"僵僵栗守"}



	]
}