{
  "parent": "minecraft:block/crafting_shaped",
  "textures": {
    "layer0": "minecraft:item/crafting_shaped"
  },
  "overrides" :[
    {"predicate":{"custom_model_data":101},"model":"item/hat/101","text":"小龙趴"},
    {"predicate":{"custom_model_data":102},"model":"item/hat/102","text":"小龙趴"},
    {"predicate":{"custom_model_data":103},"model":"item/hat/103","text":"小龙趴"},
    {"predicate":{"custom_model_data":104},"model":"item/hat/104","text":"小龙趴"},
    {"predicate":{"custom_model_data":105},"model":"item/hat/105","text":"幽匿双马尾"},
    {"predicate":{"custom_model_data":106},"model":"item/hat/106","text":"嘴叼扑腾扑腾"},
    {"predicate":{"custom_model_data":107},"model":"item/hat/107","text":"头顶扑腾扑腾"},
    {"predicate":{"custom_model_data":108},"model":"item/hat/108","text":"思考者"},
    {"predicate":{"custom_model_data":109},"model":"item/hat/109","text":"农夫帽"},
    {"predicate":{"custom_model_data":110},"model":"item/hat/110","text":"魔女帽子"},
    {"predicate":{"custom_model_data":111},"model":"item/hat/111","text":"魔女帽子"},
    {"predicate":{"custom_model_data":112},"model":"item/hat/112","text":"魔女帽子"},
    {"predicate":{"custom_model_data":113},"model":"item/hat/113","text":"魔女帽子"},
    {"predicate":{"custom_model_data":114},"model":"item/hat/114","text":"边翘羽毛帽"},
    {"predicate":{"custom_model_data":115},"model":"item/hat/115","text":"洞穴探险家之帽"},
    {"predicate":{"custom_model_data":116},"model":"item/hat/116","text":"樱花点点高丘帽"},
    {"predicate":{"custom_model_data":117},"model":"item/hat/117","text":"睡不醒帽"},
    {"predicate":{"custom_model_data":118},"model":"item/hat/118","text":"胶粘小帽"},
    {"predicate":{"custom_model_data":119},"model":"item/hat/119","text":"皇阿帽"},
    {"predicate":{"custom_model_data":120},"model":"item/hat/120","text":"厨师帽"},
    {"predicate":{"custom_model_data":121},"model":"item/hat/121","text":"魔术帽"},
    {"predicate":{"custom_model_data":122},"model":"item/hat/122","text":"高筒礼帽"}
	]
}