{
  "parent": "minecraft:item/generated",
  "textures": {
    "layer0": "minecraft:item/wooden_sword"
  },
  "overrides" :[
    {"predicate":{"custom_model_data":1},"model":"item/tool/1","text":"四相移轴器-指指点点法杖-垂直旋转czxz"},
    {"predicate":{"custom_model_data":2},"model":"item/tool/2","text":"垂直移动czyd"},
    {"predicate":{"custom_model_data":3},"model":"item/tool/3","text":"水平旋转spxz"},
    {"predicate":{"custom_model_data":4},"model":"item/tool/4","text":"水平移动spyd"}
	]
}