{
	"credit": "Made by YSBB with Blockbench",
	"texture_size": [64, 64],
	"textures": {
		"1": "item/block/10001",
		"particle": "item/block/10001"
	},
	"elements": [
		{
			"from": [6.83086, 17.81474, -0.3],
			"to": [13.58086, 20.06474, 6.9],
			"rotation": {"angle": -22.5, "axis": "z", "origin": [10.58086, 19.31474, 3.4]},
			"faces": {
				"north": {"uv": [0, 0.1875, 1.6875, 0.75], "texture": "#1"},
				"east": {"uv": [0, 0.1875, 1.75, 0.75], "texture": "#1"},
				"south": {"uv": [0, 0.1875, 1.75, 0.75], "texture": "#1"},
				"west": {"uv": [0, 0.1875, 1.75, 0.75], "texture": "#1"},
				"up": {"uv": [1.5, 1.5, 3.25, 3.25], "texture": "#1"},
				"down": {"uv": [0, 0, 1.75, 1.75], "texture": "#1"}
			}
		},
		{
			"from": [4.1, 18.6, 3.9],
			"to": [6.1, 21.6, 4],
			"rotation": {"angle": 0, "axis": "z", "origin": [3.85, 20, 3.9]},
			"faces": {
				"north": {"uv": [8.25, 0, 8.75, 1], "texture": "#1"},
				"south": {"uv": [8.75, 0, 8.25, 1], "texture": "#1"}
			}
		},
		{
			"from": [4.94134, 15.58806, -0.15],
			"to": [9.69134, 17.58806, -0.15],
			"rotation": {"angle": 45, "axis": "z", "origin": [7.44134, 16.68806, 0.35]},
			"faces": {
				"north": {"uv": [8.75, 0, 9.25, 1], "rotation": 90, "texture": "#1"}
			}
		},
		{
			"from": [9.53493, 14.37112, -0.2],
			"to": [11.53493, 18.12112, -0.2],
			"rotation": {"angle": 0, "axis": "z", "origin": [10.53493, 16.24612, 0]},
			"faces": {
				"north": {"uv": [8.75, 0, 9.25, 1], "rotation": 180, "texture": "#1"}
			}
		},
		{
			"from": [11.10534, 14.29667, 3.9],
			"to": [15.10534, 16.29667, 4],
			"rotation": {"angle": 22.5, "axis": "z", "origin": [13.20534, 15.29667, 3.95]},
			"faces": {
				"north": {"uv": [8.75, 0, 8.25, 1], "rotation": 270, "texture": "#1"},
				"south": {"uv": [8.25, 0, 8.75, 1], "rotation": 90, "texture": "#1"}
			}
		},
		{
			"from": [11.28169, 16.63081, -0.4],
			"to": [13.03169, 17.63081, -0.4],
			"rotation": {"angle": 45, "axis": "z", "origin": [12.34419, 16.83081, -0.39995]},
			"faces": {
				"north": {"uv": [9.5, 0, 9.75, 0.5], "rotation": 270, "texture": "#1"}
			}
		},
		{
			"from": [12.13223, 15.6254, -0.3999],
			"to": [13.13223, 17.6254, -0.3999],
			"rotation": {"angle": 22.5, "axis": "z", "origin": [12.34419, 16.83081, -0.39995]},
			"faces": {
				"north": {"uv": [9.5, 0, 9.75, 0.5], "texture": "#1"}
			}
		},
		{
			"from": [4, 11.35, 0.4],
			"to": [12, 18.6, 8.4],
			"rotation": {"angle": 0, "axis": "y", "origin": [0, 4.6, 0.4]},
			"faces": {
				"north": {"uv": [3.75, 0, 5.75, 1.75], "texture": "#1"},
				"east": {"uv": [16, 2.25, 14.25, 4], "texture": "#1"},
				"south": {"uv": [3.75, 0, 5.75, 1.75], "texture": "#1"},
				"west": {"uv": [14.25, 2.25, 16, 4], "texture": "#1"},
				"up": {"uv": [3.75, 0, 5.75, 1.75], "texture": "#1"},
				"down": {"uv": [4.5, 1.25, 5, 1.5], "texture": "#1"}
			}
		},
		{
			"from": [3.5, 11.25, -0.1],
			"to": [12.5, 19.25, 8.9],
			"rotation": {"angle": 0, "axis": "y", "origin": [0, 5, 0.4]},
			"faces": {
				"north": {"uv": [5.75, 0, 8, 2], "texture": "#1"},
				"east": {"uv": [7.75, 2.25, 5.75, 4.25], "texture": "#1"},
				"south": {"uv": [14, 0, 16, 2], "texture": "#1"},
				"west": {"uv": [5.75, 2.25, 7.75, 4.25], "texture": "#1"},
				"up": {"uv": [7, 0, 7.625, 0.375], "texture": "#1"}
			}
		},
		{
			"from": [4.59567, 3.51903, 8.5],
			"to": [11.59567, 13.51903, 13.5],
			"rotation": {"angle": 0, "axis": "x", "origin": [8.09567, 9.76903, 12.75]},
			"faces": {
				"north": {"uv": [2.75, 10, 4.75, 12], "texture": "#1"},
				"east": {"uv": [3.75, 13.5, 2.5, 16], "texture": "#1"},
				"south": {"uv": [2.2, 16, 0.25, 13.5], "texture": "#1"},
				"west": {"uv": [2.5, 13.5, 3.75, 16], "texture": "#1"},
				"up": {"uv": [4.75, 10.25, 2.75, 10.625], "texture": "#1"},
				"down": {"uv": [2.7875, 10, 4.7375, 11], "texture": "#1"}
			}
		},
		{
			"from": [4.59567, 3.51903, 6],
			"to": [11.59567, 5.51903, 8.5],
			"rotation": {"angle": 0, "axis": "y", "origin": [8.09567, 8.51903, 10]},
			"faces": {
				"north": {"uv": [2.75, 10, 4.5, 10.5], "texture": "#1"},
				"east": {"uv": [2.975, 15.5, 2.5, 16], "texture": "#1"},
				"south": {"uv": [2.75, 10, 4.5, 10.5], "texture": "#1"},
				"west": {"uv": [2.75, 15.5, 3.225, 16], "texture": "#1"},
				"up": {"uv": [4.5, 10.25, 2.75, 10.725], "texture": "#1"},
				"down": {"uv": [4.725, 10, 2.75, 10.475], "texture": "#1"}
			}
		},
		{
			"from": [4.59567, 8.51903, 13.5],
			"to": [11.59567, 13.51903, 15.5],
			"rotation": {"angle": 0, "axis": "x", "origin": [8.09567, 9.76903, 12.75]},
			"faces": {
				"north": {"uv": [2.75, 10, 4.75, 12], "texture": "#1"},
				"east": {"uv": [4.25, 13.5, 3.75, 14.75], "texture": "#1"},
				"south": {"uv": [2.825, 9.525, 4.75, 12], "texture": "#1"},
				"west": {"uv": [3.75, 13.5, 4.25, 14.75], "texture": "#1"},
				"up": {"uv": [4.75, 10.25, 2.75, 10.625], "texture": "#1"},
				"down": {"uv": [0.3125, 14, 2.2375, 15], "texture": "#1"}
			}
		},
		{
			"from": [4.5, 4, 2],
			"to": [11.5, 12, 7],
			"rotation": {"angle": 0, "axis": "y", "origin": [4.5, 5, 3]},
			"faces": {
				"north": {"uv": [0, 3.75, 1.75, 5.75], "texture": "#1"},
				"east": {"uv": [2.75, 7.5, 1.5, 9.5], "texture": "#1"},
				"south": {"uv": [0, 7.5, 1.75, 9.5], "texture": "#1"},
				"west": {"uv": [1.5, 7.5, 2.75, 9.5], "texture": "#1"},
				"up": {"uv": [0, 3.75, 1.75, 5], "texture": "#1"}
			}
		},
		{
			"from": [4.75, 3.5, 2.25],
			"to": [11.25, 11.5, 6.75],
			"rotation": {"angle": 0, "axis": "y", "origin": [4.5, 4.5, 3]},
			"faces": {
				"north": {"uv": [0, 3.75, 1.75, 5.25], "texture": "#1"},
				"south": {"uv": [0, 3.75, 1.75, 5.25], "texture": "#1"},
				"up": {"uv": [0, 3.75, 1.75, 5], "texture": "#1"}
			}
		},
		{
			"from": [4.5, 4.5, 2],
			"to": [11.5, 4.5, 7],
			"rotation": {"angle": 0, "axis": "y", "origin": [4.5, 5.5, 3]},
			"faces": {
				"down": {"uv": [11.25, 0, 12, 0.25], "texture": "#1"}
			}
		},
		{
			"from": [2.57612, 7.38268, 3],
			"to": [4.57612, 11.88268, 6],
			"rotation": {"angle": -45, "axis": "z", "origin": [3.57612, 9.38268, 4.5]},
			"faces": {
				"north": {"uv": [0, 6.5, 1.25, 7], "rotation": 90, "texture": "#1"},
				"east": {"uv": [0, 6.5, 1.25, 7.25], "rotation": 270, "texture": "#1"},
				"south": {"uv": [1.25, 6.5, 0, 7], "rotation": 270, "texture": "#1"},
				"west": {"uv": [1.25, 6.5, 0, 7.25], "rotation": 270, "texture": "#1"},
				"up": {"uv": [0, 6.5, 0.75, 7], "rotation": 270, "texture": "#1"},
				"down": {"uv": [0, 6.5, 0.75, 7], "rotation": 270, "texture": "#1"}
			}
		},
		{
			"from": [10.07612, 8.38268, 3],
			"to": [14.57612, 10.38268, 6],
			"rotation": {"angle": -45, "axis": "z", "origin": [12.57612, 9.38268, 4.5]},
			"faces": {
				"north": {"uv": [0, 6.5, 1.25, 7], "rotation": 180, "texture": "#1"},
				"east": {"uv": [0, 6.5, 0.75, 7], "rotation": 180, "texture": "#1"},
				"south": {"uv": [1.25, 6.5, 0, 7], "rotation": 180, "texture": "#1"},
				"west": {"uv": [0, 6.5, 0.75, 7], "rotation": 180, "texture": "#1"},
				"up": {"uv": [1.25, 6.5, 0, 7.25], "rotation": 180, "texture": "#1"},
				"down": {"uv": [0, 6.5, 1.25, 7.25], "rotation": 180, "texture": "#1"}
			}
		},
		{
			"from": [12.84389, 5.61492, 1.6],
			"to": [15.74389, 9.81492, 7.1],
			"rotation": {"angle": 45, "axis": "z", "origin": [14.34389, 7.61492, 4.5]},
			"faces": {
				"north": {"uv": [0.25, 10.5, 1.25, 11.25], "rotation": 90, "texture": "#1"},
				"east": {"uv": [1.25, 10.25, 0.25, 11.25], "rotation": 270, "texture": "#1"},
				"south": {"uv": [1.25, 10.5, 0.25, 11.25], "rotation": 270, "texture": "#1"},
				"west": {"uv": [1.25, 10.25, 0.25, 11.25], "rotation": 270, "texture": "#1"},
				"up": {"uv": [2.75, 5.25, 3.75, 6], "rotation": 270, "texture": "#1"},
				"down": {"uv": [0.125, 11.625, 0.875, 12.125], "rotation": 270, "texture": "#1"}
			}
		},
		{
			"from": [0.28782, 5.55028, 1.6],
			"to": [3.18782, 9.75028, 7.1],
			"rotation": {"angle": -45, "axis": "z", "origin": [1.73782, 7.65028, 4.35]},
			"faces": {
				"north": {"uv": [0.25, 10.5, 1.25, 11.25], "rotation": 90, "texture": "#1"},
				"east": {"uv": [1.25, 10.25, 0.25, 11.25], "rotation": 270, "texture": "#1"},
				"south": {"uv": [1.25, 10.5, 0.25, 11.25], "rotation": 270, "texture": "#1"},
				"west": {"uv": [1.25, 10.25, 0.25, 11.25], "rotation": 270, "texture": "#1"},
				"up": {"uv": [2.75, 5.25, 3.75, 6], "rotation": 270, "texture": "#1"},
				"down": {"uv": [0.125, 11.625, 0.875, 12.125], "rotation": 270, "texture": "#1"}
			}
		},
		{
			"from": [12.59389, 3.61492, 1.6],
			"to": [12.59389, 8.61492, 7.15],
			"rotation": {"angle": 0, "axis": "z", "origin": [14.09389, 9.61492, 9.25]},
			"faces": {
				"east": {"uv": [11.75, 10.5, 13.25, 9.25], "rotation": 180, "texture": "#1"}
			}
		},
		{
			"from": [3.34389, 3.61492, 1.6],
			"to": [3.34389, 8.61492, 7.15],
			"rotation": {"angle": 0, "axis": "z", "origin": [4.84389, 9.61492, 9.25]},
			"faces": {
				"west": {"uv": [8.75, 10.5, 10.25, 9.25], "rotation": 180, "texture": "#1"}
			}
		},
		{
			"from": [3.34389, 3.61492, 7.15],
			"to": [12.59389, 8.61492, 7.15],
			"rotation": {"angle": 0, "axis": "y", "origin": [7.96889, 6.11492, 7.15]},
			"faces": {
				"south": {"uv": [13.2625, 9.25, 15.5, 10.5], "texture": "#1"}
			}
		},
		{
			"from": [3.34389, 3.61492, 1.6],
			"to": [12.59389, 8.51492, 1.65],
			"rotation": {"angle": 0, "axis": "y", "origin": [7.96889, 6.11492, 1.65]},
			"faces": {
				"north": {"uv": [13.625, 8.5, 11.375, 7.25], "rotation": 180, "texture": "#1"}
			}
		},
		{
			"from": [10.24389, 7.51492, 1.65],
			"to": [14.29389, 9.51492, 7.05],
			"rotation": {"angle": 22.5, "axis": "z", "origin": [12.36889, 8.51492, 1.65]},
			"faces": {
				"north": {"uv": [12.625, 10, 14.875, 8.75], "rotation": 180, "texture": "#1"},
				"east": {"uv": [11.5, 10.5, 13, 9.25], "rotation": 180, "texture": "#1"},
				"south": {"uv": [10.75, 8.75, 13.0625, 10], "texture": "#1"},
				"west": {"uv": [11.75, 10.5, 13.25, 9.25], "rotation": 180, "texture": "#1"}
			}
		},
		{
			"from": [9.99389, 7.31492, 1.45],
			"to": [14.34389, 9.51492, 7.35],
			"rotation": {"angle": 22.5, "axis": "z", "origin": [12.36889, 8.51492, 1.45]},
			"faces": {
				"north": {"uv": [5.375, 9, 6.3875, 8.5], "rotation": 180, "texture": "#1"},
				"south": {"uv": [5.25, 8.5, 7.5625, 8.8125], "texture": "#1"}
			}
		},
		{
			"from": [1.54738, 7.246, 1.45],
			"to": [5.89738, 9.446, 7.35],
			"rotation": {"angle": -22.5, "axis": "z", "origin": [3.72238, 8.346, 4.4]},
			"faces": {
				"north": {"uv": [5.375, 9, 6.3875, 8.5], "rotation": 180, "texture": "#1"},
				"south": {"uv": [5.25, 8.5, 7.5625, 8.8125], "texture": "#1"}
			}
		},
		{
			"from": [13.99702, 9.65738, 1.45],
			"to": [14.64702, 11.65738, 7.35],
			"rotation": {"angle": 45, "axis": "z", "origin": [15.97202, 10.00738, 7.35]},
			"faces": {
				"north": {"uv": [5.375, 9, 6.3875, 8.5], "rotation": 180, "texture": "#1"},
				"east": {"uv": [5.5, 8.5, 7.5, 9], "texture": "#1"},
				"south": {"uv": [5.25, 8.5, 7.5625, 9], "texture": "#1"}
			}
		},
		{
			"from": [0.64567, 8.97527, 1.45],
			"to": [2.64567, 9.62527, 7.35],
			"rotation": {"angle": 45, "axis": "z", "origin": [1.64567, 9.30027, 4.4]},
			"faces": {
				"north": {"uv": [5.375, 8.5, 6.3875, 9], "rotation": 270, "texture": "#1"},
				"south": {"uv": [5.25, 9, 7.5625, 8.5], "rotation": 270, "texture": "#1"},
				"up": {"uv": [5.5, 9, 7.5, 8.5], "rotation": 270, "texture": "#1"}
			}
		},
		{
			"from": [8.9, 0, 3],
			"to": [11.4, 5, 6],
			"rotation": {"angle": 0, "axis": "y", "origin": [9.4, 3, 4]},
			"faces": {
				"north": {"uv": [10, 1, 10.625, 2.25], "texture": "#1"},
				"east": {"uv": [10, 1, 10.75, 2.25], "texture": "#1"},
				"south": {"uv": [10, 1, 10.625, 2.25], "texture": "#1"},
				"west": {"uv": [10, 1, 10.75, 2.25], "texture": "#1"},
				"up": {"uv": [10, 1.25, 10.625, 2], "texture": "#1"},
				"down": {"uv": [10, 2, 10.625, 2.75], "texture": "#1"}
			}
		},
		{
			"from": [4.65, 0, 3],
			"to": [7.15, 5, 6],
			"rotation": {"angle": 0, "axis": "y", "origin": [5.15, 3, 4]},
			"faces": {
				"north": {"uv": [10, 1, 10.625, 2.25], "texture": "#1"},
				"east": {"uv": [10, 1, 10.75, 2.25], "texture": "#1"},
				"south": {"uv": [10, 1, 10.625, 2.25], "texture": "#1"},
				"west": {"uv": [10, 1, 10.6875, 2.25], "texture": "#1"},
				"up": {"uv": [10, 1.25, 10.625, 2], "texture": "#1"},
				"down": {"uv": [10, 2, 10.625, 2.75], "texture": "#1"}
			}
		},
		{
			"from": [6.65821, 7.99309, 1.25],
			"to": [12.45821, 8.99309, 7.5],
			"rotation": {"angle": -22.5, "axis": "z", "origin": [5.55821, 9.49309, 1]},
			"faces": {
				"north": {"uv": [15.5, 12.75, 15.75, 14.2], "rotation": 90, "texture": "#1"},
				"east": {"uv": [15.75, 13.125, 16, 14.6875], "rotation": 270, "texture": "#1"},
				"south": {"uv": [15.75, 13.125, 16, 16], "rotation": 270, "texture": "#1"}
			}
		},
		{
			"from": [2.21231, 6.54277, 1.25],
			"to": [6.26231, 7.54277, 7.5],
			"rotation": {"angle": -45, "axis": "z", "origin": [7.56231, 7.29277, 4.375]},
			"faces": {
				"north": {"uv": [15.5, 13.5, 15.75, 14.5125], "rotation": 90, "texture": "#1"},
				"south": {"uv": [15.75, 13.125, 16, 16], "rotation": 270, "texture": "#1"},
				"west": {"uv": [15.5, 13.5, 15.75, 15.0625], "rotation": 270, "texture": "#1"}
			}
		},
		{
			"from": [11.41425, 3.53473, 1.25],
			"to": [13.41425, 6.28473, 7.55],
			"rotation": {"angle": 0, "axis": "y", "origin": [0.41425, -0.21527, -0.05]},
			"faces": {
				"north": {"uv": [8.25, 12, 8.75, 12.6875], "texture": "#1"},
				"east": {"uv": [8.25, 12, 9.55, 12.6875], "texture": "#1"},
				"south": {"uv": [8.5, 12, 9, 12.6875], "texture": "#1"},
				"west": {"uv": [11.75, 13.75, 13.3, 14.4375], "texture": "#1"},
				"up": {"uv": [11.75, 13.75, 12.25, 15.3], "texture": "#1"},
				"down": {"uv": [11.75, 13.75, 12.25, 15.3], "texture": "#1"}
			}
		},
		{
			"from": [4.55, 11.9, 0.35],
			"to": [5.05, 12.4, 0.35],
			"rotation": {"angle": 0, "axis": "y", "origin": [2.75, 11.4, -1.05]},
			"faces": {
				"north": {"uv": [13.5, 0, 13.625, 0.125], "texture": "#1"}
			}
		},
		{
			"from": [2.9, 14, -0.25],
			"to": [5.9, 17, -0.25],
			"rotation": {"angle": -45, "axis": "z", "origin": [4.4, 15.5, -0.25]},
			"faces": {
				"north": {"uv": [2.25, 12.25, 3, 13], "texture": "#1"}
			}
		}
	],
	"display": {
		"thirdperson_righthand": {
			"rotation": [75, 45, 0],
			"translation": [0, 2.5, 0],
			"scale": [0.375, 0.375, 0.375]
		},
		"thirdperson_lefthand": {
			"rotation": [75, 45, 0],
			"translation": [0, 2.5, 0],
			"scale": [0.375, 0.375, 0.375]
		},
		"firstperson_righthand": {
			"rotation": [0, 145, 0],
			"translation": [0, 4, 0],
			"scale": [0.4, 0.4, 0.4]
		},
		"firstperson_lefthand": {
			"rotation": [0, 145, 0],
			"translation": [0, 4, 0],
			"scale": [0.4, 0.4, 0.4]
		},
		"ground": {
			"translation": [0, 2, 0],
			"scale": [0.5, 0.5, 0.5]
		},
		"gui": {
			"rotation": [30, 225, 0],
			"translation": [-1, -0.75, 0],
			"scale": [0.74, 0.74, 0.74]
		},
		"head": {
			"translation": [0, 13, 0],
			"scale": [0.8, 0.8, 0.8]
		},
		"fixed": {
			"translation": [0, -2, 0]
		}
	},
	"groups": [
		{
			"name": "group",
			"origin": [15, -4, 0],
			"color": 0,
			"children": []
		},
		{
			"name": "group",
			"origin": [0, 0, 0],
			"color": 0,
			"children": [0, 1, 2, 3, 4, 5, 6]
		},
		7,
		8,
		9,
		10,
		11,
		12,
		13,
		14,
		15,
		16,
		17,
		18,
		19,
		20,
		21,
		22,
		23,
		24,
		25,
		26,
		27,
		28,
		29,
		30,
		31,
		32,
		33,
		34
	]
}