{
	"credit": "Made with Blockbench",
	"texture_size": [32, 32],
	"textures": {
		"3": "item/block/10004"
	},
	"elements": [
		{
			"from": [5, 0, 1],
			"to": [11, 6, 7],
			"rotation": {"angle": 0, "axis": "y", "origin": [8, 2.25, 8.25]},
			"faces": {
				"north": {"uv": [12, 13, 15, 16], "texture": "#3"},
				"east": {"uv": [8, 13, 11, 16], "texture": "#3"},
				"south": {"uv": [1, 13, 4, 16], "texture": "#3"},
				"west": {"uv": [11, 13, 8, 16], "texture": "#3"},
				"up": {"uv": [4.5, 13, 7.5, 16], "texture": "#3"},
				"down": {"uv": [4.5, 13, 7.5, 16], "texture": "#3"}
			}
		},
		{
			"from": [4.85, 1.1, 0.9],
			"to": [6.35, 2.6, 0.9],
			"rotation": {"angle": 0, "axis": "y", "origin": [8.1, 11.5, 7.45]},
			"faces": {
				"north": {"uv": [15, 11.5, 16, 12.5], "texture": "#3"},
				"east": {"uv": [0, 0, 0, 1], "texture": "#3"},
				"south": {"uv": [0, 0, 1, 1], "texture": "#3"},
				"west": {"uv": [0, 0, 0, 1], "texture": "#3"},
				"up": {"uv": [0, 0, 1, 0], "texture": "#3"},
				"down": {"uv": [0, 0, 1, 0], "texture": "#3"}
			}
		},
		{
			"from": [9.6, 1.1, 0.9],
			"to": [11.1, 2.6, 0.9],
			"rotation": {"angle": 0, "axis": "y", "origin": [8.1, 11.5, 7.45]},
			"faces": {
				"north": {"uv": [15, 11.5, 16, 12.5], "texture": "#3"},
				"east": {"uv": [0, 0, 0, 1], "texture": "#3"},
				"south": {"uv": [0, 0, 1, 1], "texture": "#3"},
				"west": {"uv": [0, 0, 0, 1], "texture": "#3"},
				"up": {"uv": [0, 0, 1, 0], "texture": "#3"},
				"down": {"uv": [0, 0, 1, 0], "texture": "#3"}
			}
		},
		{
			"from": [4, 0, 7],
			"to": [12, 7, 14],
			"rotation": {"angle": 0, "axis": "y", "origin": [0, 0, 1]},
			"faces": {
				"north": {"uv": [12, 7.5, 15, 10.5], "texture": "#3"},
				"east": {"uv": [0, 7.5, 3.5, 11], "rotation": 90, "texture": "#3"},
				"south": {"uv": [4.5, 7.5, 8.5, 11], "texture": "#3"},
				"west": {"uv": [0, 7.5, 3.5, 11], "rotation": 270, "texture": "#3"},
				"up": {"uv": [0, 7.5, 4, 11], "texture": "#3"},
				"down": {"uv": [0, 7.5, 4, 11], "rotation": 180, "texture": "#3"}
			}
		},
		{
			"from": [1, -0.25, 4],
			"to": [6, 2.75, 7],
			"rotation": {"angle": 22.5, "axis": "z", "origin": [3, 1.25, 6.5]},
			"faces": {
				"north": {"uv": [13.5, 0, 15.5, 1.5], "texture": "#3"},
				"east": {"uv": [13.5, 0, 15, 1.5], "texture": "#3"},
				"south": {"uv": [13.5, 0, 16, 1.5], "texture": "#3"},
				"west": {"uv": [5, 14, 6.5, 15.5], "texture": "#3"},
				"up": {"uv": [14, 0, 16, 1.5], "texture": "#3"},
				"down": {"uv": [14, 0, 16, 1.5], "texture": "#3"}
			}
		},
		{
			"from": [0, 0.25, 7.1],
			"to": [5, 3.25, 10.1],
			"rotation": {"angle": 22.5, "axis": "z", "origin": [2, 1.75, 10.5]},
			"faces": {
				"north": {"uv": [14, 0, 16, 1.5], "texture": "#3"},
				"east": {"uv": [13.5, 0, 15, 1.5], "texture": "#3"},
				"south": {"uv": [14, 0, 16, 1.5], "texture": "#3"},
				"west": {"uv": [5, 14, 6.5, 15.5], "texture": "#3"},
				"up": {"uv": [14, 0, 16, 1.5], "texture": "#3"},
				"down": {"uv": [14, 0, 16, 1.5], "texture": "#3"}
			}
		},
		{
			"from": [10, -0.25, 4],
			"to": [15, 2.75, 7],
			"rotation": {"angle": -22.5, "axis": "z", "origin": [13, 1.25, 6.5]},
			"faces": {
				"north": {"uv": [13.5, 0, 15.5, 1.5], "texture": "#3"},
				"east": {"uv": [5, 14, 6.5, 15.5], "texture": "#3"},
				"south": {"uv": [13.5, 0, 16, 1.5], "texture": "#3"},
				"west": {"uv": [13.5, 0, 15, 1.5], "texture": "#3"},
				"up": {"uv": [14, 0, 16, 1.5], "texture": "#3"},
				"down": {"uv": [14, 0, 16, 1.5], "texture": "#3"}
			}
		},
		{
			"from": [11, 0.25, 7.1],
			"to": [16, 3.25, 10.1],
			"rotation": {"angle": -22.5, "axis": "z", "origin": [14, 1.75, 10.5]},
			"faces": {
				"north": {"uv": [13.5, 0, 15.5, 1.5], "texture": "#3"},
				"east": {"uv": [5, 14, 6.5, 15.5], "texture": "#3"},
				"south": {"uv": [14, 0, 16, 1.5], "texture": "#3"},
				"west": {"uv": [13.5, 0, 15, 1.5], "texture": "#3"},
				"up": {"uv": [14, 0, 16, 1.5], "texture": "#3"},
				"down": {"uv": [14, 0, 16, 1.5], "texture": "#3"}
			}
		},
		{
			"from": [1, -0.25, 10.9],
			"to": [5, 2.75, 13.9],
			"rotation": {"angle": 22.5, "axis": "z", "origin": [2, 1.25, 14.5]},
			"faces": {
				"north": {"uv": [14, 0, 15.5, 1.5], "texture": "#3"},
				"east": {"uv": [13.5, 0, 15, 1.5], "texture": "#3"},
				"south": {"uv": [14, 0, 15.5, 1.5], "texture": "#3"},
				"west": {"uv": [5, 14, 6.5, 15.5], "texture": "#3"},
				"up": {"uv": [14, 0, 15.5, 1.5], "texture": "#3"},
				"down": {"uv": [14, 0, 15.5, 1.5], "texture": "#3"}
			}
		},
		{
			"from": [11, -0.25, 10.9],
			"to": [15, 2.75, 13.9],
			"rotation": {"angle": -22.5, "axis": "z", "origin": [14, 1.25, 14.5]},
			"faces": {
				"north": {"uv": [14, 0, 15.5, 1.5], "texture": "#3"},
				"east": {"uv": [5, 14, 6.5, 15.5], "texture": "#3"},
				"south": {"uv": [14, 0, 15.5, 1.5], "texture": "#3"},
				"west": {"uv": [13.5, 0, 15, 1.5], "texture": "#3"},
				"up": {"uv": [14, 0, 15.5, 1.5], "texture": "#3"},
				"down": {"uv": [14, 0, 15.5, 1.5], "texture": "#3"}
			}
		},
		{
			"from": [6.5, 5, 4],
			"to": [9.5, 8, 4],
			"rotation": {"angle": 45, "axis": "y", "origin": [8, 7, 4], "rescale": true},
			"faces": {
				"north": {"uv": [10, 10, 11.5, 11.5], "texture": "#3"},
				"east": {"uv": [0, 0, 0, 1], "texture": "#3"},
				"south": {"uv": [11.5, 10, 10, 11.5], "texture": "#3"},
				"west": {"uv": [0, 0, 0, 1], "texture": "#3"},
				"up": {"uv": [0, 0, 1.5, 0], "texture": "#3"},
				"down": {"uv": [0, 0, 1.5, 0], "texture": "#3"}
			}
		},
		{
			"from": [8, 5, 2.5],
			"to": [8, 8, 5.5],
			"rotation": {"angle": 45, "axis": "y", "origin": [8, 7, 4], "rescale": true},
			"faces": {
				"north": {"uv": [0, 0, 0, 1], "texture": "#3"},
				"east": {"uv": [10, 10, 11.5, 11.5], "texture": "#3"},
				"south": {"uv": [0, 0, 0, 1], "texture": "#3"},
				"west": {"uv": [10, 10, 11.5, 11.5], "texture": "#3"},
				"up": {"uv": [0, 0, 1.5, 0], "rotation": 270, "texture": "#3"},
				"down": {"uv": [0, 0, 1.5, 0], "rotation": 90, "texture": "#3"}
			}
		}
	],
	"display": {
		"thirdperson_righthand": {
			"rotation": [75, 45, 0],
			"translation": [0, 2.5, 0],
			"scale": [0.375, 0.375, 0.375]
		},
		"thirdperson_lefthand": {
			"rotation": [75, 45, 0],
			"translation": [0, 2.5, 0],
			"scale": [0.375, 0.375, 0.375]
		},
		"firstperson_righthand": {
			"rotation": [0, 145, 0],
			"translation": [0, 5, 0],
			"scale": [0.4, 0.4, 0.4]
		},
		"firstperson_lefthand": {
			"rotation": [0, 145, 0],
			"translation": [0, 5, 0],
			"scale": [0.4, 0.4, 0.4]
		},
		"ground": {
			"translation": [0, 2, 0],
			"scale": [0.5, 0.5, 0.5]
		},
		"gui": {
			"rotation": [30, 225, 0],
			"translation": [0.75, 3.75, 0],
			"scale": [0.9, 0.9, 0.9]
		},
		"head": {
			"translation": [0, 13, 0],
			"scale": [0.8, 0.8, 0.8]
		},
		"fixed": {
			"translation": [0, -2, 0]
		}
	},
	"groups": [
		{
			"name": "group",
			"origin": [3.68686, 2.55, 8.05156],
			"color": 0,
			"children": [0, 1, 2]
		},
		3,
		4,
		5,
		6,
		7,
		8,
		9,
		10,
		11
	]
}