{
	"credit": "Made by YSBB with Blockbench",
	"textures": {
		"1": "item/block/10005"
	},
	"elements": [
		{
			"from": [4, 6, 4],
			"to": [12, 14, 12],
			"rotation": {"angle": 22.5, "axis": "y", "origin": [8, 10, 8]},
			"faces": {
				"north": {"uv": [0, 0, 8, 8], "texture": "#1"},
				"east": {"uv": [8, 8, 16, 16], "texture": "#1"},
				"south": {"uv": [8, 8, 16, 16], "texture": "#1"},
				"west": {"uv": [8, 8, 16, 16], "texture": "#1"},
				"up": {"uv": [8, 8, 16, 16], "rotation": 270, "texture": "#1"},
				"down": {"uv": [8, 8, 16, 16], "rotation": 90, "texture": "#1"}
			}
		},
		{
			"from": [5.5, 0, 5.5],
			"to": [10.5, 6, 10.5],
			"rotation": {"angle": 0, "axis": "y", "origin": [0, -3, 0]},
			"faces": {
				"north": {"uv": [11, 10, 16, 16], "texture": "#1"},
				"east": {"uv": [11, 10, 16, 16], "texture": "#1"},
				"south": {"uv": [11, 10, 16, 16], "texture": "#1"},
				"west": {"uv": [11, 10, 16, 16], "texture": "#1"},
				"up": {"uv": [11, 11, 16, 16], "texture": "#1"},
				"down": {"uv": [11, 11, 16, 16], "texture": "#1"}
			}
		},
		{
			"from": [3, 0, 4],
			"to": [7, 3, 8],
			"rotation": {"angle": 22.5, "axis": "y", "origin": [5, 2, 6]},
			"faces": {
				"north": {"uv": [12, 11, 16, 14], "texture": "#1"},
				"east": {"uv": [8, 13, 12, 16], "texture": "#1"},
				"south": {"uv": [11, 12, 15, 15], "texture": "#1"},
				"west": {"uv": [8, 8, 12, 11], "texture": "#1"},
				"up": {"uv": [15, 8, 11, 12], "texture": "#1"},
				"down": {"uv": [12, 11, 16, 15], "texture": "#1"}
			}
		},
		{
			"from": [8.5, 0, 3.5],
			"to": [12.5, 3, 7.5],
			"rotation": {"angle": -22.5, "axis": "y", "origin": [11, 1.5, 5.5]},
			"faces": {
				"north": {"uv": [8, 8, 12, 11], "texture": "#1"},
				"east": {"uv": [8, 12, 12, 15], "texture": "#1"},
				"south": {"uv": [9, 11, 13, 14], "texture": "#1"},
				"west": {"uv": [12, 13, 16, 16], "texture": "#1"},
				"up": {"uv": [16, 8, 12, 12], "rotation": 270, "texture": "#1"},
				"down": {"uv": [9, 11, 13, 15], "rotation": 90, "texture": "#1"}
			}
		},
		{
			"from": [9, 0, 9],
			"to": [13, 3, 13],
			"rotation": {"angle": 0, "axis": "y", "origin": [0, -3, 0]},
			"faces": {
				"north": {"uv": [8, 11, 12, 14], "texture": "#1"},
				"east": {"uv": [8, 8, 12, 11], "texture": "#1"},
				"south": {"uv": [10, 9, 14, 12], "texture": "#1"},
				"west": {"uv": [9, 11, 13, 14], "texture": "#1"},
				"up": {"uv": [12, 8, 8, 12], "texture": "#1"},
				"down": {"uv": [9, 11, 13, 15], "texture": "#1"}
			}
		},
		{
			"from": [3.25, 0, 9.25],
			"to": [7.25, 3, 13.25],
			"rotation": {"angle": 45, "axis": "y", "origin": [5, 2, 11]},
			"faces": {
				"north": {"uv": [12, 11, 16, 14], "texture": "#1"},
				"east": {"uv": [12, 11, 16, 14], "texture": "#1"},
				"south": {"uv": [11, 12, 15, 15], "texture": "#1"},
				"west": {"uv": [8, 13, 12, 16], "texture": "#1"},
				"up": {"uv": [15, 10, 11, 14], "texture": "#1"},
				"down": {"uv": [12, 11, 16, 15], "texture": "#1"}
			}
		},
		{
			"from": [5.84987, 5, 6.2179],
			"to": [6.84987, 8, 6.2179],
			"rotation": {"angle": 22.5, "axis": "y", "origin": [1.84987, 6, 6.2179]},
			"faces": {
				"north": {"uv": [4, 9, 5, 12], "texture": "#1"},
				"up": {"uv": [0, 0, 1, 0], "texture": "#1"}
			}
		}
	],
	"display": {
		"thirdperson_righthand": {
			"rotation": [75, 45, 0],
			"translation": [0, 2.5, 0],
			"scale": [0.375, 0.375, 0.375]
		},
		"thirdperson_lefthand": {
			"rotation": [75, 45, 0],
			"translation": [0, 2.5, 0],
			"scale": [0.375, 0.375, 0.375]
		},
		"firstperson_righthand": {
			"rotation": [0, 145, 0],
			"translation": [0, 4, 0],
			"scale": [0.4, 0.4, 0.4]
		},
		"firstperson_lefthand": {
			"rotation": [0, 145, 0],
			"translation": [0, 4, 0],
			"scale": [0.4, 0.4, 0.4]
		},
		"ground": {
			"translation": [0, 2, 0],
			"scale": [0.5, 0.5, 0.5]
		},
		"gui": {
			"rotation": [30, 180, 0],
			"translation": [0, 0.75, 0],
			"scale": [0.9, 0.9, 0.9]
		},
		"head": {
			"translation": [0, 13, 0],
			"scale": [0.8, 0.8, 0.8]
		},
		"fixed": {
			"rotation": [0, -22, 0],
			"translation": [0, -2, 0]
		}
	}
}