{
	"credit": "Made with Blockbench",
	"texture_size": [32, 32],
	"textures": {
		"0": "item/block/10003"
	},
	"elements": [
		{
			"from": [10.5, 2.25, 7.5],
			"to": [12.5, 9.25, 9.5],
			"rotation": {"angle": 22.5, "axis": "z", "origin": [11.5, 5.5, 8.5]},
			"faces": {
				"north": {"uv": [16, 6, 15, 8.5], "texture": "#0"},
				"east": {"uv": [15, 6, 16, 8.5], "texture": "#0"},
				"south": {"uv": [0, 0, 1, 3.5], "texture": "#0"},
				"west": {"uv": [15, 0, 16, 3.5], "texture": "#0"},
				"down": {"uv": [15, 5.5, 16, 6.5], "texture": "#0"}
			}
		},
		{
			"from": [3.5, 2.25, 7.5],
			"to": [5.5, 9.25, 9.5],
			"rotation": {"angle": -22.5, "axis": "z", "origin": [4.5, 5.5, 8.5]},
			"faces": {
				"north": {"uv": [15, 6, 16, 8.5], "texture": "#0"},
				"east": {"uv": [15, 0, 16, 3.5], "texture": "#0"},
				"south": {"uv": [0, 0, 1, 3.5], "texture": "#0"},
				"west": {"uv": [16, 6, 15, 8.5], "texture": "#0"},
				"down": {"uv": [15, 5.5, 16, 6.5], "rotation": 90, "texture": "#0"}
			}
		},
		{
			"from": [4, 9, 4.5],
			"to": [12, 17, 12.5],
			"rotation": {"angle": 0, "axis": "z", "origin": [8.1, 11.5, 6.45]},
			"faces": {
				"north": {"uv": [4.0125, 0, 8.0125, 4], "texture": "#0"},
				"east": {"uv": [0, 7.5, 4, 11.5], "texture": "#0"},
				"south": {"uv": [0, 0, 4, 4], "texture": "#0"},
				"west": {"uv": [4, 7.5, 0, 11.5], "texture": "#0"},
				"up": {"uv": [0, 0, 4, 4], "texture": "#0"},
				"down": {"uv": [12, 0, 16, 4], "texture": "#0"}
			}
		},
		{
			"from": [5.5, 4, 6.5],
			"to": [10.5, 9, 10.5],
			"rotation": {"angle": 0, "axis": "y", "origin": [8, 5.5, 7.75]},
			"faces": {
				"north": {"uv": [0, 13, 2.5, 15.5], "texture": "#0"},
				"east": {"uv": [4, 12, 2.5, 14.5], "texture": "#0"},
				"south": {"uv": [3, 12, 4, 14.5], "texture": "#0"},
				"west": {"uv": [2.5, 12, 4, 14.5], "texture": "#0"},
				"down": {"uv": [0.75, 1, 3.25, 3.25], "texture": "#0"}
			}
		},
		{
			"from": [8.5, 0, 7.5],
			"to": [10.5, 4, 9.5],
			"rotation": {"angle": 0, "axis": "y", "origin": [8.25, 3.5, 7.75]},
			"faces": {
				"north": {"uv": [16, 8.5, 15, 5], "texture": "#0"},
				"east": {"uv": [15, 8.5, 16, 5], "texture": "#0"},
				"south": {"uv": [0, 3, 1, 0], "texture": "#0"},
				"west": {"uv": [0, 3, 1, 0], "texture": "#0"},
				"down": {"uv": [15, 6.5, 16, 5.5], "texture": "#0"}
			}
		},
		{
			"from": [5.5, 0, 7.5],
			"to": [7.5, 4, 9.5],
			"rotation": {"angle": 0, "axis": "y", "origin": [5.25, 3.5, 7.75]},
			"faces": {
				"north": {"uv": [15, 8.5, 16, 5], "texture": "#0"},
				"east": {"uv": [0, 3, 1, 0], "texture": "#0"},
				"south": {"uv": [0, 3, 1, 0], "texture": "#0"},
				"west": {"uv": [16, 8.5, 15, 5], "texture": "#0"},
				"down": {"uv": [15, 6.5, 16, 5.5], "texture": "#0"}
			}
		},
		{
			"from": [4.5, 11.25, 4.4],
			"to": [6, 12.75, 4.4],
			"rotation": {"angle": 0, "axis": "z", "origin": [8.1, 11.5, 6.45]},
			"faces": {
				"north": {"uv": [3.5, 5.5, 4.5, 6.5], "texture": "#0"},
				"east": {"uv": [0, 0, 0, 1], "texture": "#0"},
				"south": {"uv": [0, 0, 1, 1], "texture": "#0"},
				"west": {"uv": [0, 0, 0, 1], "texture": "#0"},
				"up": {"uv": [0, 0, 1, 0], "texture": "#0"},
				"down": {"uv": [0, 0, 1, 0], "texture": "#0"}
			}
		},
		{
			"from": [10.1, 11.25, 4.4],
			"to": [11.6, 12.75, 4.4],
			"rotation": {"angle": 0, "axis": "z", "origin": [8.1, 11.5, 6.45]},
			"faces": {
				"north": {"uv": [3.5, 5.5, 4.5, 6.5], "texture": "#0"},
				"east": {"uv": [0, 0, 0, 1], "texture": "#0"},
				"south": {"uv": [0, 0, 1, 1], "texture": "#0"},
				"west": {"uv": [0, 0, 0, 1], "texture": "#0"},
				"up": {"uv": [0, 0, 1, 0], "texture": "#0"},
				"down": {"uv": [0, 0, 1, 0], "texture": "#0"}
			}
		},
		{
			"from": [5, 14, 4.2],
			"to": [10, 17, 4.2],
			"faces": {
				"north": {"uv": [7.5, 6, 10, 7.5], "texture": "#0"}
			}
		},
		{
			"from": [5.5, 7, 6.4],
			"to": [10.5, 9, 6.4],
			"rotation": {"angle": 0, "axis": "z", "origin": [8, 6.5, 6.4]},
			"faces": {
				"north": {"uv": [8, 13.5, 10.5, 14.5], "texture": "#0"}
			}
		}
	],
	"display": {
		"thirdperson_righthand": {
			"rotation": [75, 45, 0],
			"translation": [0, 2.5, 0],
			"scale": [0.375, 0.375, 0.375]
		},
		"thirdperson_lefthand": {
			"rotation": [75, 45, 0],
			"translation": [0, 2.5, 0],
			"scale": [0.375, 0.375, 0.375]
		},
		"firstperson_righthand": {
			"rotation": [0, 145, 0],
			"translation": [0, 3, 0],
			"scale": [0.4, 0.4, 0.4]
		},
		"firstperson_lefthand": {
			"rotation": [0, 145, 0],
			"translation": [0, 3.25, 0],
			"scale": [0.4, 0.4, 0.4]
		},
		"ground": {
			"translation": [0, 2, 0],
			"scale": [0.5, 0.5, 0.5]
		},
		"gui": {
			"rotation": [30, 225, 0],
			"translation": [0.25, -1.25, 0],
			"scale": [0.85, 0.85, 0.85]
		},
		"head": {
			"translation": [0, 13, 0],
			"scale": [0.8, 0.8, 0.8]
		},
		"fixed": {
			"translation": [0, -2, 0]
		}
	},
	"groups": [
		{
			"name": "group",
			"origin": [8, 8, 8],
			"color": 0,
			"children": [0, 1, 2, 3, 4, 5, 6, 7, 8]
		},
		9
	]
}