{
	"credit": "Made by YSBB with Blockbench",
	"texture_size": [32, 32],
	"textures": {
		"0": "item/block/10008"
	},
	"elements": [
		{
			"from": [3.96634, 5, 5.73366],
			"to": [11.96634, 13, 13.73366],
			"rotation": {"angle": 0, "axis": "y", "origin": [7.9, 8.25, 7.93366]},
			"faces": {
				"north": {"uv": [12, 0, 16, 4], "texture": "#0"},
				"east": {"uv": [7.5, 0, 11.5, 4], "texture": "#0"},
				"south": {"uv": [12, 9, 16, 13], "texture": "#0"},
				"west": {"uv": [11.5, 0, 7.5, 4], "texture": "#0"},
				"up": {"uv": [3, 0, 7, 4], "rotation": 270, "texture": "#0"},
				"down": {"uv": [7.5, 9, 11.5, 13], "rotation": 90, "texture": "#0"}
			}
		},
		{
			"from": [4.96634, 7.3, 5.68366],
			"to": [6.46634, 8.8, 5.68366],
			"rotation": {"angle": 0, "axis": "y", "origin": [7.9, 8.25, 7.93366]},
			"faces": {
				"north": {"uv": [10.5, 5, 11.5, 6], "texture": "#0"}
			}
		},
		{
			"from": [9.46634, 7.3, 5.68366],
			"to": [10.96634, 8.8, 5.68366],
			"rotation": {"angle": 0, "axis": "y", "origin": [7.9, 8.25, 7.93366]},
			"faces": {
				"north": {"uv": [10.5, 5, 11.5, 6], "texture": "#0"}
			}
		},
		{
			"from": [4.96634, 0.1, 7.73366],
			"to": [10.96634, 5, 11.73366],
			"rotation": {"angle": 0, "axis": "y", "origin": [7.9, 8.25, 7.93366]},
			"faces": {
				"north": {"uv": [0, 9, 3, 11.5], "texture": "#0"},
				"east": {"uv": [0, 9, 1, 11.5], "texture": "#0"},
				"south": {"uv": [0, 12, 3, 14.5], "texture": "#0"},
				"west": {"uv": [0, 9, 1, 11.5], "texture": "#0"},
				"down": {"uv": [0, 10, 3, 11], "rotation": 180, "texture": "#0"}
			}
		},
		{
			"from": [3.19717, -0.97198, 8.83366],
			"to": [5.19717, 5.02802, 11.53366],
			"rotation": {"angle": -22.5, "axis": "z", "origin": [6.69717, 2.02802, 10.18366]},
			"faces": {
				"north": {"uv": [0, 5.5, 1, 8.5], "texture": "#0"},
				"east": {"uv": [0, 5.5, 1.5, 8.5], "texture": "#0"},
				"south": {"uv": [0.5, 5.5, 1.5, 8.5], "texture": "#0"},
				"west": {"uv": [0, 5.5, 1.5, 8.5], "texture": "#0"},
				"down": {"uv": [0.5, 7.5, 2, 8.5], "rotation": 90, "texture": "#0"}
			}
		},
		{
			"from": [10.85283, -0.97198, 8.83366],
			"to": [12.85283, 5.02802, 11.53366],
			"rotation": {"angle": 22.5, "axis": "z", "origin": [9.10283, 2.02802, 10.18366]},
			"faces": {
				"north": {"uv": [0.5, 5.5, 1.5, 8.5], "texture": "#0"},
				"east": {"uv": [1.5, 5.5, 0, 8.5], "texture": "#0"},
				"south": {"uv": [1, 5.5, 2, 8.5], "texture": "#0"},
				"west": {"uv": [0, 5.5, 1.5, 8.5], "texture": "#0"},
				"down": {"uv": [0.5, 7.5, 2, 8.5], "rotation": 90, "texture": "#0"}
			}
		},
		{
			"from": [4.30467, 0, 4.43279],
			"to": [7.30467, 3, 8.73279],
			"rotation": {"angle": 22.5, "axis": "y", "origin": [7.9, 8.25, 7.93366]},
			"faces": {
				"north": {"uv": [0.5, 7, 2, 8.5], "rotation": 90, "texture": "#0"},
				"east": {"uv": [4, 8, 5.5, 6], "rotation": 90, "texture": "#0"},
				"west": {"uv": [3, 6, 4.5, 8], "rotation": 90, "texture": "#0"},
				"up": {"uv": [4, 6, 5.5, 8], "rotation": 180, "texture": "#0"},
				"down": {"uv": [4, 8, 5.5, 6], "rotation": 180, "texture": "#0"}
			}
		},
		{
			"from": [8.61792, 0, 4.38201],
			"to": [11.61792, 3, 8.68201],
			"rotation": {"angle": -22.5, "axis": "y", "origin": [7.9, 8.25, 7.93366]},
			"faces": {
				"north": {"uv": [4, 7, 5.5, 8.5], "rotation": 90, "texture": "#0"},
				"east": {"uv": [4, 8, 5.5, 6], "rotation": 90, "texture": "#0"},
				"west": {"uv": [3, 6, 4.5, 8], "rotation": 90, "texture": "#0"},
				"up": {"uv": [4, 6, 5.5, 8], "rotation": 180, "texture": "#0"},
				"down": {"uv": [4, 8, 5.5, 6], "rotation": 180, "texture": "#0"}
			}
		},
		{
			"from": [1.6597, 13.14329, 9],
			"to": [6.6597, 19.14329, 9],
			"rotation": {"angle": 0, "axis": "z", "origin": [4.1597, 16.14329, 9]},
			"faces": {
				"north": {"uv": [5.5, 13, 3, 16], "texture": "#0"},
				"east": {"uv": [0, 0, 0, 3], "texture": "#0"},
				"south": {"uv": [3, 13, 5.5, 16], "texture": "#0"},
				"west": {"uv": [0, 0, 0, 3], "texture": "#0"},
				"up": {"uv": [0, 0, 2, 0], "texture": "#0"},
				"down": {"uv": [0, 0, 2, 0], "texture": "#0"}
			}
		},
		{
			"from": [9.6597, 13.14329, 9],
			"to": [14.6597, 19.14329, 9],
			"rotation": {"angle": 0, "axis": "y", "origin": [12.1597, 16.14329, 9]},
			"faces": {
				"north": {"uv": [3, 13, 5.5, 16], "texture": "#0"},
				"east": {"uv": [0, 0, 0, 3], "texture": "#0"},
				"south": {"uv": [3, 13, 5.5, 16], "texture": "#0"},
				"west": {"uv": [0, 0, 0, 3], "texture": "#0"},
				"up": {"uv": [0, 0, 2, 0], "texture": "#0"},
				"down": {"uv": [0, 0, 2, 0], "texture": "#0"}
			}
		}
	],
	"display": {
		"thirdperson_righthand": {
			"rotation": [60, 68, 0],
			"translation": [-5.5, 0, 3]
		},
		"thirdperson_lefthand": {
			"rotation": [60, -68, 0],
			"translation": [-6.5, 0, 3]
		},
		"firstperson_righthand": {
			"rotation": [0, -180, 0],
			"translation": [0, 3, 0],
			"scale": [0.4, 0.4, 0.4]
		},
		"firstperson_lefthand": {
			"rotation": [0, 45, 0],
			"translation": [0, 3, 0],
			"scale": [0.4, 0.4, 0.4]
		},
		"ground": {
			"translation": [0, 2, 0],
			"scale": [0.5, 0.5, 0.5]
		},
		"gui": {
			"rotation": [30, 225, 0],
			"translation": [0.5, 0.25, 0],
			"scale": [0.9, 0.9, 0.9]
		},
		"head": {
			"rotation": [0, 72, 0],
			"translation": [0, 14.25, 0]
		},
		"fixed": {
			"rotation": [-90, 0, 0],
			"translation": [0, 0, -14],
			"scale": [2, 2, 2]
		}
	}
}