{
	"credit": "Made by YSBB with Blockbench",
	"texture_size": [32, 32],
	"textures": {
		"0": "item/block/10006"
	},
	"elements": [
		{
			"from": [3.86634, 5, 5.73366],
			"to": [11.86634, 13, 13.73366],
			"rotation": {"angle": 0, "axis": "y", "origin": [7.8, 8.25, 7.93366]},
			"faces": {
				"north": {"uv": [12, 0, 16, 4], "texture": "#0"},
				"east": {"uv": [7.5, 0, 11.5, 4], "texture": "#0"},
				"south": {"uv": [12, 9, 16, 13], "texture": "#0"},
				"west": {"uv": [7.5, 0, 11.5, 4], "texture": "#0"},
				"up": {"uv": [3, 0, 7, 4], "rotation": 270, "texture": "#0"},
				"down": {"uv": [7.5, 9, 11.5, 13], "rotation": 90, "texture": "#0"}
			}
		},
		{
			"from": [4.86634, 7.3, 5.68366],
			"to": [6.36634, 8.8, 5.68366],
			"rotation": {"angle": 0, "axis": "y", "origin": [7.8, 8.25, 7.93366]},
			"faces": {
				"north": {"uv": [10.5, 5, 11.5, 6], "texture": "#0"}
			}
		},
		{
			"from": [9.36634, 7.3, 5.68366],
			"to": [10.86634, 8.8, 5.68366],
			"rotation": {"angle": 0, "axis": "y", "origin": [7.8, 8.25, 7.93366]},
			"faces": {
				"north": {"uv": [10.5, 5, 11.5, 6], "texture": "#0"}
			}
		},
		{
			"from": [3.61634, 10, 5.48366],
			"to": [12.11634, 12, 13.98366],
			"rotation": {"angle": 0, "axis": "y", "origin": [7.8, 8.25, 7.93366]},
			"faces": {
				"north": {"uv": [3, 4.5, 7, 5.5], "texture": "#0"},
				"east": {"uv": [10, 6.5, 6, 7.5], "texture": "#0"},
				"south": {"uv": [3, 4.5, 7, 5.5], "texture": "#0"},
				"west": {"uv": [6, 6.5, 10, 7.5], "texture": "#0"}
			}
		},
		{
			"from": [4.86634, 0.1, 7.73366],
			"to": [10.86634, 5, 11.73366],
			"rotation": {"angle": 0, "axis": "y", "origin": [7.8, 8.25, 7.93366]},
			"faces": {
				"north": {"uv": [0, 9, 3, 11.5], "texture": "#0"},
				"east": {"uv": [0, 9, 1, 11.5], "texture": "#0"},
				"south": {"uv": [0, 12, 3, 14.5], "texture": "#0"},
				"west": {"uv": [0, 9, 1, 11.5], "texture": "#0"},
				"down": {"uv": [0, 9, 3, 11], "rotation": 180, "texture": "#0"}
			}
		},
		{
			"from": [3.09717, -0.97198, 8.83366],
			"to": [5.09717, 5.02802, 11.53366],
			"rotation": {"angle": -22.5, "axis": "z", "origin": [6.59717, 2.02802, 10.18366]},
			"faces": {
				"north": {"uv": [0, 5.5, 1, 8.5], "texture": "#0"},
				"east": {"uv": [0, 5.5, 1.5, 8.5], "texture": "#0"},
				"south": {"uv": [0.5, 5.5, 1.5, 8.5], "texture": "#0"},
				"west": {"uv": [0, 5.5, 1.5, 8.5], "texture": "#0"},
				"down": {"uv": [0.5, 7.5, 2, 8.5], "rotation": 90, "texture": "#0"}
			}
		},
		{
			"from": [10.75283, -0.97198, 8.83366],
			"to": [12.75283, 5.02802, 11.53366],
			"rotation": {"angle": 22.5, "axis": "z", "origin": [9.00283, 2.02802, 10.18366]},
			"faces": {
				"north": {"uv": [0.5, 5.5, 1.5, 8.5], "texture": "#0"},
				"east": {"uv": [0, 5.5, 1.5, 8.5], "texture": "#0"},
				"south": {"uv": [1, 5.5, 2, 8.5], "texture": "#0"},
				"west": {"uv": [0, 5.5, 1.5, 8.5], "texture": "#0"},
				"down": {"uv": [0.5, 7.5, 2, 8.5], "rotation": 90, "texture": "#0"}
			}
		},
		{
			"from": [4.20467, 0, 4.43279],
			"to": [7.20467, 3, 8.73279],
			"rotation": {"angle": 22.5, "axis": "y", "origin": [7.8, 8.25, 7.93366]},
			"faces": {
				"north": {"uv": [8.5, 10, 10, 11.5], "rotation": 90, "texture": "#0"},
				"east": {"uv": [4, 8, 5.5, 6], "rotation": 90, "texture": "#0"},
				"west": {"uv": [3, 6, 4.5, 8], "rotation": 90, "texture": "#0"},
				"up": {"uv": [4, 6, 5.5, 8], "rotation": 180, "texture": "#0"},
				"down": {"uv": [4, 8, 5.5, 6], "rotation": 180, "texture": "#0"}
			}
		},
		{
			"from": [8.51792, 0, 4.38201],
			"to": [11.51792, 3, 8.68201],
			"rotation": {"angle": -22.5, "axis": "y", "origin": [7.8, 8.25, 7.93366]},
			"faces": {
				"north": {"uv": [8.5, 10, 10, 11.5], "rotation": 90, "texture": "#0"},
				"east": {"uv": [4, 8, 5.5, 6], "rotation": 90, "texture": "#0"},
				"west": {"uv": [3, 6, 4.5, 8], "rotation": 90, "texture": "#0"},
				"up": {"uv": [4, 6, 5.5, 8], "rotation": 180, "texture": "#0"},
				"down": {"uv": [4, 8, 5.5, 6], "rotation": 180, "texture": "#0"}
			}
		},
		{
			"from": [3.86634, 12.17502, 7.71353],
			"to": [11.86634, 18.17502, 7.71353],
			"rotation": {"angle": 0, "axis": "y", "origin": [7.8, 8.25, 7.93366]},
			"faces": {
				"north": {"uv": [7.5, 12.5, 3.5, 15.5], "texture": "#0"},
				"south": {"uv": [3.5, 12.5, 7.5, 15.5], "texture": "#0"}
			}
		}
	],
	"display": {
		"thirdperson_righthand": {
			"rotation": [75, 45, 0],
			"translation": [0, 2.5, 0],
			"scale": [0.375, 0.375, 0.375]
		},
		"thirdperson_lefthand": {
			"rotation": [75, 45, 0],
			"translation": [0, 2.5, 0],
			"scale": [0.375, 0.375, 0.375]
		},
		"firstperson_righthand": {
			"rotation": [0, 145, 0],
			"translation": [0, 4, 0],
			"scale": [0.4, 0.4, 0.4]
		},
		"firstperson_lefthand": {
			"rotation": [0, 145, 0],
			"translation": [0, 4, 0],
			"scale": [0.4, 0.4, 0.4]
		},
		"ground": {
			"translation": [0, 2, 0],
			"scale": [0.5, 0.5, 0.5]
		},
		"gui": {
			"rotation": [30, 225, 0],
			"translation": [0.5, 0.25, 0],
			"scale": [0.9, 0.9, 0.9]
		},
		"head": {
			"translation": [0, 13, 0],
			"scale": [0.8, 0.8, 0.8]
		},
		"fixed": {
			"translation": [0, -2, 0]
		}
	}
}