{
	"credit": "Made with Blockbench",
	"texture_size": [32, 32],
	"textures": {
		"1": "item/block/10002"
	},
	"elements": [
		{
			"from": [4, 7.25, 4],
			"to": [12, 15.25, 12],
			"rotation": {"angle": 0, "axis": "y", "origin": [8, 5.5, 7.5]},
			"faces": {
				"north": {"uv": [6, 10, 10, 14], "texture": "#1"},
				"east": {"uv": [1.5, 10, 5.5, 14], "texture": "#1"},
				"south": {"uv": [1.5, 10, 5.5, 14], "texture": "#1"},
				"west": {"uv": [1.5, 10, 5.5, 14], "texture": "#1"},
				"up": {"uv": [10.5, 10, 14.5, 14], "texture": "#1"},
				"down": {"uv": [2.5, 5.5, 6.5, 9.5], "texture": "#1"}
			}
		},
		{
			"from": [12.01016, 5.0716, 2],
			"to": [14.51016, 10.0716, 4.5],
			"rotation": {"angle": 0, "axis": "z", "origin": [15.26016, 9.5716, 3.5]},
			"faces": {
				"north": {"uv": [0, 6.5, 1, 8.5], "texture": "#1"},
				"east": {"uv": [0, 6.5, 1, 8.5], "texture": "#1"},
				"south": {"uv": [0, 6.5, 1, 8.5], "texture": "#1"},
				"west": {"uv": [0, 6.5, 1, 8.5], "texture": "#1"},
				"up": {"uv": [3, 7, 4.5, 8.5], "texture": "#1"},
				"down": {"uv": [0, 8, 1, 9], "texture": "#1"}
			}
		},
		{
			"from": [1.51016, 5.0716, 2],
			"to": [4.01016, 10.0716, 4.5],
			"rotation": {"angle": 0, "axis": "z", "origin": [2.76016, 5.5716, 3.25]},
			"faces": {
				"north": {"uv": [0, 6.5, 1, 8.5], "texture": "#1"},
				"east": {"uv": [0, 6.5, 1, 8.5], "texture": "#1"},
				"south": {"uv": [0, 6.5, 1, 8.5], "texture": "#1"},
				"west": {"uv": [0, 6.5, 1, 8.5], "texture": "#1"},
				"up": {"uv": [3, 7, 4.5, 8.5], "texture": "#1"},
				"down": {"uv": [0, 8, 1, 9], "texture": "#1"}
			}
		},
		{
			"from": [12.01016, 6.0716, 12],
			"to": [14.51016, 11.0716, 14.5],
			"rotation": {"angle": 0, "axis": "z", "origin": [15.26016, 9.5716, 3.5]},
			"faces": {
				"north": {"uv": [0, 6.5, 1, 8.5], "texture": "#1"},
				"east": {"uv": [0, 6.5, 1, 8.5], "texture": "#1"},
				"south": {"uv": [0, 6.5, 1, 8.5], "texture": "#1"},
				"west": {"uv": [0, 6.5, 1, 8.5], "texture": "#1"},
				"up": {"uv": [3, 7, 4.5, 8.5], "texture": "#1"},
				"down": {"uv": [0, 8, 1, 9], "texture": "#1"}
			}
		},
		{
			"from": [1.51016, 6.0716, 12],
			"to": [4.01016, 11.0716, 14.5],
			"rotation": {"angle": 0, "axis": "z", "origin": [15.26016, 9.5716, 3.5]},
			"faces": {
				"north": {"uv": [0, 6.5, 1, 8.5], "texture": "#1"},
				"east": {"uv": [0, 6.5, 1, 8.5], "texture": "#1"},
				"south": {"uv": [0, 6.5, 1, 8.5], "texture": "#1"},
				"west": {"uv": [0, 6.5, 1, 8.5], "texture": "#1"},
				"up": {"uv": [3, 7, 4.5, 8.5], "texture": "#1"},
				"down": {"uv": [0, 8, 1, 9], "texture": "#1"}
			}
		},
		{
			"from": [3.60741, 3.0716, 4.97522],
			"to": [6.10741, 7.0716, 7.47522],
			"rotation": {"angle": 0, "axis": "y", "origin": [19.10741, 3.0716, 3.22522]},
			"faces": {
				"north": {"uv": [0, 6.5, 1, 8.5], "texture": "#1"},
				"east": {"uv": [0, 6.5, 1, 8.5], "texture": "#1"},
				"south": {"uv": [0, 6.5, 1, 8.5], "texture": "#1"},
				"west": {"uv": [0, 6.5, 1, 8.5], "texture": "#1"},
				"up": {"uv": [3, 7, 4.5, 8.5], "texture": "#1"},
				"down": {"uv": [0, 8, 1, 9], "texture": "#1"}
			}
		},
		{
			"from": [8.26487, 2.0716, 3.75314],
			"to": [10.76487, 6.0716, 6.25314],
			"rotation": {"angle": 0, "axis": "y", "origin": [23.26487, 3.0716, 1.50314]},
			"faces": {
				"north": {"uv": [0, 6.5, 1, 8.5], "texture": "#1"},
				"east": {"uv": [0, 6.5, 1, 8.5], "texture": "#1"},
				"south": {"uv": [0, 6.5, 1, 8.5], "texture": "#1"},
				"west": {"uv": [0, 6.5, 1, 8.5], "texture": "#1"},
				"up": {"uv": [3, 7, 4.5, 8.5], "texture": "#1"},
				"down": {"uv": [0, 8, 1, 9], "texture": "#1"}
			}
		},
		{
			"from": [9.91292, 3.0716, 8.02478],
			"to": [12.41292, 7.0716, 10.52478],
			"rotation": {"angle": 0, "axis": "y", "origin": [24.41292, 3.0716, 4.27478]},
			"faces": {
				"north": {"uv": [0, 6.5, 1, 8.5], "texture": "#1"},
				"east": {"uv": [0, 6.5, 1, 8.5], "texture": "#1"},
				"south": {"uv": [0, 6.5, 1, 8.5], "texture": "#1"},
				"west": {"uv": [0, 6.5, 1, 8.5], "texture": "#1"},
				"up": {"uv": [3, 7, 4.5, 8.5], "texture": "#1"},
				"down": {"uv": [0, 8, 1, 9], "texture": "#1"}
			}
		},
		{
			"from": [5.25546, 2.0716, 9.24686],
			"to": [7.75546, 6.0716, 11.74686],
			"rotation": {"angle": 0, "axis": "y", "origin": [20.25546, 3.0716, 5.99686]},
			"faces": {
				"north": {"uv": [0, 6.5, 1, 8.5], "texture": "#1"},
				"east": {"uv": [0, 6.5, 1, 8.5], "texture": "#1"},
				"south": {"uv": [0, 6.5, 1, 8.5], "texture": "#1"},
				"west": {"uv": [0, 6.5, 1, 8.5], "texture": "#1"},
				"up": {"uv": [3, 7, 4.5, 8.5], "texture": "#1"},
				"down": {"uv": [0, 8, 1, 9], "texture": "#1"}
			}
		},
		{
			"from": [5.3, 9.5, 3.9],
			"to": [6.7, 10.95, 3.9],
			"rotation": {"angle": 0, "axis": "y", "origin": [0, -0.75, 0]},
			"faces": {
				"north": {"uv": [8.5, 8.5, 9.25, 9.25], "texture": "#1"},
				"east": {"uv": [0, 0, 0, 0.75], "texture": "#1"},
				"south": {"uv": [0, 0, 0.75, 0.75], "texture": "#1"},
				"west": {"uv": [0, 0, 0, 0.75], "texture": "#1"},
				"up": {"uv": [0, 0, 0.75, 0], "texture": "#1"},
				"down": {"uv": [0, 0, 0.75, 0], "texture": "#1"}
			}
		},
		{
			"from": [9.3, 9.5, 3.9],
			"to": [10.7, 10.95, 3.9],
			"rotation": {"angle": 0, "axis": "y", "origin": [0, -0.75, 0]},
			"faces": {
				"north": {"uv": [8.5, 8.5, 9.25, 9.25], "texture": "#1"},
				"east": {"uv": [0, 0, 0, 0.75], "texture": "#1"},
				"south": {"uv": [0, 0, 0.75, 0.75], "texture": "#1"},
				"west": {"uv": [0, 0, 0, 0.75], "texture": "#1"},
				"up": {"uv": [0, 0, 0.75, 0], "texture": "#1"},
				"down": {"uv": [0, 0, 0.75, 0], "texture": "#1"}
			}
		}
	],
	"display": {
		"thirdperson_righthand": {
			"rotation": [75, 45, 0],
			"translation": [0, 2.5, 0],
			"scale": [0.375, 0.375, 0.375]
		},
		"thirdperson_lefthand": {
			"rotation": [75, 45, 0],
			"translation": [0, 2.5, 0],
			"scale": [0.375, 0.375, 0.375]
		},
		"firstperson_righthand": {
			"rotation": [0, 145, 0],
			"translation": [0, 3.25, 0],
			"scale": [0.4, 0.4, 0.4]
		},
		"firstperson_lefthand": {
			"rotation": [0, 145, 0],
			"translation": [0, 3.5, 0],
			"scale": [0.4, 0.4, 0.4]
		},
		"ground": {
			"translation": [0, 2, 0],
			"scale": [0.5, 0.5, 0.5]
		},
		"gui": {
			"rotation": [30, 225, 0],
			"translation": [0.25, -0.75, 0],
			"scale": [0.86, 0.86, 0.86]
		},
		"head": {
			"translation": [0, 13, 0],
			"scale": [0.8, 0.8, 0.8]
		},
		"fixed": {
			"translation": [0, -2, 0]
		}
	},
	"groups": [
		{
			"name": "group",
			"origin": [8, 8, 8],
			"color": 0,
			"children": [0]
		},
		1,
		2,
		3,
		4,
		5,
		6,
		7,
		8,
		9,
		10
	]
}