{
	"credit": "Made by YSBB with Blockbench",
	"textures": {
		"0": "item/block/10010"
	},
	"elements": [
		{
			"from": [3.95, 8.25, 4.75],
			"to": [12.05, 16.75, 12.75],
			"rotation": {"angle": 22.5, "axis": "x", "origin": [7.9375, 10.3125, 6.5]},
			"faces": {
				"north": {"uv": [8, 0, 16, 9], "texture": "#0"},
				"east": {"uv": [8, 0, 12, 4], "texture": "#0"},
				"south": {"uv": [14, 0, 16, 2], "texture": "#0"},
				"west": {"uv": [12, 0, 16, 4], "texture": "#0"},
				"up": {"uv": [14, 0, 16, 1.75], "texture": "#0"},
				"down": {"uv": [4, 0, 8, 4], "texture": "#0"}
			}
		},
		{
			"from": [4.5, 2.25, 4.75],
			"to": [11.5, 8.25, 10.75],
			"rotation": {"angle": 0, "axis": "y", "origin": [4.5, 15.25, 19.75]},
			"faces": {
				"north": {"uv": [3, 9, 10, 15], "texture": "#0"},
				"east": {"uv": [7, 12, 10, 16], "texture": "#0"},
				"south": {"uv": [3, 12, 10, 16], "texture": "#0"},
				"west": {"uv": [7, 12, 10, 16], "texture": "#0"},
				"up": {"uv": [7, 12, 10, 16], "texture": "#0"},
				"down": {"uv": [7, 12, 10, 16], "texture": "#0"}
			}
		},
		{
			"from": [4.75, 0, 5],
			"to": [11.25, 3.25, 10.5],
			"rotation": {"angle": 0, "axis": "y", "origin": [4.5, 15.25, 19.75]},
			"faces": {
				"north": {"uv": [11, 9, 15, 15], "texture": "#0"},
				"east": {"uv": [11, 9, 15, 15], "texture": "#0"},
				"south": {"uv": [11, 9, 15, 15], "texture": "#0"},
				"west": {"uv": [11, 9, 15, 15], "texture": "#0"},
				"up": {"uv": [7, 12, 10, 16], "texture": "#0"},
				"down": {"uv": [4.5, 0, 7.5, 4], "texture": "#0"}
			}
		},
		{
			"from": [6.55, 6.95, 3.75],
			"to": [9.5, 10.7, 5.75],
			"rotation": {"angle": 22.5, "axis": "x", "origin": [8.0375, 10.3125, 6.5]},
			"faces": {
				"north": {"uv": [4, 0, 8, 4], "texture": "#0"},
				"east": {"uv": [4, 0, 6, 4], "texture": "#0"},
				"south": {"uv": [4, 0, 8, 4], "texture": "#0"},
				"west": {"uv": [4, 0, 6, 4], "texture": "#0"},
				"up": {"uv": [8, 0, 4, 2], "texture": "#0"},
				"down": {"uv": [8, 0, 4, 2], "texture": "#0"}
			}
		},
		{
			"from": [-0.25, 5.55, 6.25],
			"to": [4.75, 8.3, 9.25],
			"rotation": {"angle": -22.5, "axis": "z", "origin": [3.25, 4.25, 7.75]},
			"faces": {
				"north": {"uv": [1, 3, 3.75, 8], "rotation": 270, "texture": "#0"},
				"east": {"uv": [1, 0, 3.75, 3], "rotation": 90, "texture": "#0"},
				"south": {"uv": [1, 3, 3.75, 8], "rotation": 90, "texture": "#0"},
				"west": {"uv": [4.5, 0, 7.25, 3], "rotation": 90, "texture": "#0"},
				"up": {"uv": [1, 3, 4, 8], "rotation": 90, "texture": "#0"},
				"down": {"uv": [1, 3, 4, 8], "rotation": 90, "texture": "#0"}
			}
		},
		{
			"from": [11, 5.75, 6.25],
			"to": [16, 8.5, 9.25],
			"rotation": {"angle": 22.5, "axis": "z", "origin": [13.25, 4.25, 7.75]},
			"faces": {
				"north": {"uv": [1, 3, 3.75, 8], "rotation": 90, "texture": "#0"},
				"east": {"uv": [5, 0, 7, 2], "rotation": 270, "texture": "#0"},
				"south": {"uv": [1, 3, 3.75, 8], "rotation": 270, "texture": "#0"},
				"west": {"uv": [1, 0, 3.75, 3], "rotation": 270, "texture": "#0"},
				"up": {"uv": [1, 3, 4, 8], "rotation": 270, "texture": "#0"},
				"down": {"uv": [1, 3, 4, 8], "rotation": 270, "texture": "#0"}
			}
		},
		{
			"from": [9.45, 12, 4.8],
			"to": [10.8, 13.35, 4.8],
			"rotation": {"angle": 22.5, "axis": "x", "origin": [0.75, 11.25, 2.75]},
			"faces": {
				"north": {"uv": [0, 15, 1, 16], "texture": "#0"},
				"east": {"uv": [0, 0, 0, 1], "texture": "#0"},
				"south": {"uv": [0, 0, 1, 1], "texture": "#0"},
				"west": {"uv": [0, 0, 0, 1], "texture": "#0"},
				"up": {"uv": [0, 0, 1, 0], "texture": "#0"},
				"down": {"uv": [0, 0, 1, 0], "texture": "#0"}
			}
		},
		{
			"from": [5.2, 12, 4.8],
			"to": [6.55, 13.35, 4.8],
			"rotation": {"angle": 22.5, "axis": "x", "origin": [0.75, 11.25, 2.75]},
			"faces": {
				"north": {"uv": [0, 15, 1, 16], "texture": "#0"},
				"east": {"uv": [0, 0, 0, 1], "texture": "#0"},
				"south": {"uv": [0, 0, 1, 1], "texture": "#0"},
				"west": {"uv": [0, 0, 0, 1], "texture": "#0"},
				"up": {"uv": [0, 0, 1, 0], "texture": "#0"},
				"down": {"uv": [0, 0, 1, 0], "texture": "#0"}
			}
		}
	],
	"display": {
		"thirdperson_righthand": {
			"rotation": [60, 0, 0],
			"translation": [-6, 0, 3]
		},
		"thirdperson_lefthand": {
			"rotation": [60, 0, 0],
			"translation": [-6, 0, 3]
		},
		"firstperson_righthand": {
			"rotation": [0, 125, 0],
			"translation": [0, 3, 0],
			"scale": [0.4, 0.4, 0.4]
		},
		"firstperson_lefthand": {
			"rotation": [0, 125, 0],
			"translation": [0, 3, 0],
			"scale": [0.4, 0.4, 0.4]
		},
		"ground": {
			"translation": [0, 2, 0],
			"scale": [0.5, 0.5, 0.5]
		},
		"gui": {
			"rotation": [30, 225, 0],
			"translation": [0.5, 0, 0],
			"scale": [0.88, 0.88, 0.88]
		},
		"head": {
			"translation": [0, 14.25, 0]
		},
		"fixed": {
			"rotation": [-90, 0, 0],
			"translation": [0, 0, -14],
			"scale": [2, 2, 2]
		}
	}
}