{
	"credit": "Made by YSBB with Blockbench",
	"textures": {
		"0": "item/block/10014"
	},
	"elements": [
		{
			"from": [3.95, 8.13771, 2.91531],
			"to": [12.05, 16.63771, 10.91531],
			"rotation": {"angle": 0, "axis": "y", "origin": [8, 10.67188, 4.86491]},
			"faces": {
				"north": {"uv": [8, 0, 16, 9], "texture": "#0"},
				"east": {"uv": [12, 0, 8, 4], "texture": "#0"},
				"south": {"uv": [10, 0, 14, 4], "texture": "#0"},
				"west": {"uv": [8, 0, 12, 4], "texture": "#0"},
				"up": {"uv": [8, 0, 12, 4], "rotation": 90, "texture": "#0"},
				"down": {"uv": [8, 0, 12, 4], "texture": "#0"}
			}
		},
		{
			"from": [4.5, 2.25, 4.75],
			"to": [11.5, 8.25, 10.75],
			"rotation": {"angle": 0, "axis": "y", "origin": [4.5, 15.25, 19.75]},
			"faces": {
				"north": {"uv": [2, 9, 10, 15], "texture": "#0"},
				"east": {"uv": [2, 10, 8, 16], "texture": "#0"},
				"south": {"uv": [4, 10, 11, 16], "texture": "#0"},
				"west": {"uv": [2, 10, 8, 16], "texture": "#0"},
				"up": {"uv": [7, 12, 10, 16], "texture": "#0"},
				"down": {"uv": [7, 12, 10, 16], "texture": "#0"}
			}
		},
		{
			"from": [4.75, 0, 5],
			"to": [11.25, 3.25, 10.5],
			"rotation": {"angle": 0, "axis": "y", "origin": [4.5, 15.25, 19.75]},
			"faces": {
				"north": {"uv": [11, 11, 15, 15], "texture": "#0"},
				"east": {"uv": [11, 11, 15, 15], "texture": "#0"},
				"south": {"uv": [11, 11, 15, 15], "texture": "#0"},
				"west": {"uv": [11, 11, 15, 15], "texture": "#0"},
				"up": {"uv": [7, 12, 10, 16], "texture": "#0"},
				"down": {"uv": [7, 12, 10, 16], "texture": "#0"}
			}
		},
		{
			"from": [6.55, 6.83771, 1.91531],
			"to": [9.5, 10.58771, 3.91531],
			"rotation": {"angle": 0, "axis": "y", "origin": [8, 10.67188, 4.86491]},
			"faces": {
				"north": {"uv": [4, 0, 8, 4], "texture": "#0"},
				"east": {"uv": [4, 0, 6, 4], "texture": "#0"},
				"south": {"uv": [4, 0, 8, 4], "texture": "#0"},
				"west": {"uv": [4, 0, 6, 4], "texture": "#0"},
				"up": {"uv": [8, 0, 4, 2], "texture": "#0"},
				"down": {"uv": [8, 0, 4, 2], "texture": "#0"}
			}
		},
		{
			"from": [3, 5.55, 2.25],
			"to": [6, 8.3, 7.25],
			"rotation": {"angle": 0, "axis": "y", "origin": [4.5, 4.25, 5.75]},
			"faces": {
				"north": {"uv": [12.3, 0, 14.85, 3], "rotation": 90, "texture": "#0"},
				"east": {"uv": [1, 0, 3.75, 5], "rotation": 270, "texture": "#0"},
				"south": {"uv": [1, 0, 3.75, 3], "rotation": 90, "texture": "#0"},
				"west": {"uv": [1, 0, 3.75, 5], "rotation": 90, "texture": "#0"},
				"up": {"uv": [1, 0, 4, 5], "rotation": 180, "texture": "#0"},
				"down": {"uv": [1, 0, 4, 5], "texture": "#0"}
			}
		},
		{
			"from": [9.75, 5.75, 2],
			"to": [12.75, 8.5, 7],
			"rotation": {"angle": 0, "axis": "y", "origin": [11.25, 4.25, 4.75]},
			"faces": {
				"north": {"uv": [12.1, 0, 14.85, 3], "rotation": 270, "texture": "#0"},
				"east": {"uv": [1, 0, 3.75, 5], "rotation": 270, "texture": "#0"},
				"south": {"uv": [1, 0, 3.75, 3], "rotation": 270, "texture": "#0"},
				"west": {"uv": [1, 0, 3.75, 5], "rotation": 90, "texture": "#0"},
				"up": {"uv": [1, 0, 4, 5], "rotation": 180, "texture": "#0"},
				"down": {"uv": [1, 0, 4, 5], "texture": "#0"}
			}
		},
		{
			"from": [9.55, 10.33129, 2.89199],
			"to": [10.9, 11.68129, 2.89199],
			"rotation": {"angle": 0, "axis": "y", "origin": [8, 10.67188, 4.86491]},
			"faces": {
				"north": {"uv": [0, 15, 1, 16], "texture": "#0"},
				"east": {"uv": [0, 0, 0, 1], "texture": "#0"},
				"south": {"uv": [0, 0, 1, 1], "texture": "#0"},
				"west": {"uv": [0, 0, 0, 1], "texture": "#0"},
				"up": {"uv": [0, 0, 1, 0], "texture": "#0"},
				"down": {"uv": [0, 0, 1, 0], "texture": "#0"}
			}
		},
		{
			"from": [5.1, 10.33129, 2.89199],
			"to": [6.45, 11.68129, 2.89199],
			"rotation": {"angle": 0, "axis": "y", "origin": [8, 10.67188, 4.86491]},
			"faces": {
				"north": {"uv": [0, 15, 1, 16], "texture": "#0"},
				"east": {"uv": [0, 0, 0, 1], "texture": "#0"},
				"south": {"uv": [0, 0, 1, 1], "texture": "#0"},
				"west": {"uv": [0, 0, 0, 1], "texture": "#0"},
				"up": {"uv": [0, 0, 1, 0], "texture": "#0"},
				"down": {"uv": [0, 0, 1, 0], "texture": "#0"}
			}
		}
	],
	"display": {
		"thirdperson_righthand": {
			"rotation": [60, 0, 0],
			"translation": [-6, 0, 3]
		},
		"thirdperson_lefthand": {
			"rotation": [60, 0, 0],
			"translation": [-6, 0, 3]
		},
		"firstperson_righthand": {
			"rotation": [0, 125, 0],
			"translation": [0, 3, 0],
			"scale": [0.4, 0.4, 0.4]
		},
		"firstperson_lefthand": {
			"rotation": [0, 125, 0],
			"translation": [0, 3, 0],
			"scale": [0.4, 0.4, 0.4]
		},
		"ground": {
			"translation": [0, 2, 0],
			"scale": [0.5, 0.5, 0.5]
		},
		"gui": {
			"rotation": [30, 225, 0],
			"translation": [0, -0.25, 0],
			"scale": [0.85, 0.85, 0.85]
		},
		"head": {
			"translation": [0, 14.25, 0]
		},
		"fixed": {
			"rotation": [-90, 0, 0],
			"translation": [0, 0, -14],
			"scale": [2, 2, 2]
		}
	},
	"groups": [
		{
			"name": "group",
			"origin": [16.75, 11.25, 2.75],
			"color": 0,
			"children": [0, 1, 2, 3, 4, 5, 6, 7]
		}
	]
}