{
	"credit": "Made by YSBB with Blockbench",
	"textures": {
		"0": "item/block/10013"
	},
	"elements": [
		{
			"from": [10.33579, 5.75, 2.58579],
			"to": [12.83579, 8.75, 8.58579],
			"rotation": {"angle": -22.5, "axis": "x", "origin": [10, 7.25, 8]},
			"faces": {
				"north": {"uv": [8.75, 0, 11.25, 3], "rotation": 180, "texture": "#0"},
				"east": {"uv": [1, 0, 4, 6], "rotation": 270, "texture": "#0"},
				"south": {"uv": [1, 0, 3.5, 3], "texture": "#0"},
				"west": {"uv": [1, 0, 4, 6], "rotation": 90, "texture": "#0"},
				"up": {"uv": [1, 0, 3.5, 6], "rotation": 180, "texture": "#0"},
				"down": {"uv": [1, 0, 3.5, 6], "texture": "#0"}
			}
		},
		{
			"from": [2.83579, 2.84773, 6.19134],
			"to": [5.33579, 7.84773, 9.19134],
			"rotation": {"angle": -22.5, "axis": "z", "origin": [4.08579, 5.34773, 7.69134]},
			"faces": {
				"north": {"uv": [1, 0, 4, 5], "texture": "#0"},
				"east": {"uv": [1, 0, 4, 8], "texture": "#0"},
				"south": {"uv": [1, 0, 3.5, 5], "texture": "#0"},
				"west": {"uv": [1, 0, 4, 5], "texture": "#0"},
				"up": {"uv": [1, 0, 3.5, 5], "texture": "#0"},
				"down": {"uv": [9.75, 0, 12.5, 3], "texture": "#0"}
			}
		},
		{
			"from": [2, 14.75, 1.75],
			"to": [14, 16.75, 13.75],
			"rotation": {"angle": 0, "axis": "x", "origin": [8, 15.75, 7.75]},
			"faces": {
				"north": {"uv": [5, 4, 6, 5], "texture": "#0"},
				"east": {"uv": [5, 4, 7, 5], "texture": "#0"},
				"south": {"uv": [5, 4, 6, 5], "texture": "#0"},
				"west": {"uv": [5, 4, 7, 5], "texture": "#0"},
				"up": {"uv": [4, 4, 8, 8], "texture": "#0"},
				"down": {"uv": [4, 4, 8, 8], "texture": "#0"}
			}
		},
		{
			"from": [5, 15.5, 5.25],
			"to": [11, 19.5, 12.25],
			"rotation": {"angle": 22.5, "axis": "x", "origin": [8, 18.5, 7.75]},
			"faces": {
				"north": {"uv": [4, 4, 7, 7], "texture": "#0"},
				"east": {"uv": [4, 4, 8, 7], "texture": "#0"},
				"south": {"uv": [4, 4, 7, 7], "texture": "#0"},
				"west": {"uv": [4, 4, 8, 7], "texture": "#0"},
				"up": {"uv": [4, 4, 7, 7], "texture": "#0"},
				"down": {"uv": [4, 4, 7, 10], "texture": "#0"}
			}
		},
		{
			"from": [6, 18.13896, 8.32193],
			"to": [10, 22.13896, 12.32193],
			"rotation": {"angle": 45, "axis": "x", "origin": [8, 20.88896, 9.82193]},
			"faces": {
				"north": {"uv": [4, 4, 8, 8], "texture": "#0"},
				"east": {"uv": [4, 4, 8, 8], "texture": "#0"},
				"south": {"uv": [4, 4, 8, 8], "texture": "#0"},
				"west": {"uv": [4, 4, 8, 8], "texture": "#0"},
				"up": {"uv": [4, 4, 8, 8], "texture": "#0"},
				"down": {"uv": [4, 4, 8, 8], "texture": "#0"}
			}
		},
		{
			"from": [7, 16.75, 4.25],
			"to": [9, 18.75, 6.25],
			"rotation": {"angle": 0, "axis": "y", "origin": [0, -2.25, 0.25]},
			"faces": {
				"north": {"uv": [0, 10, 1, 11], "texture": "#0"},
				"east": {"uv": [0, 10, 1, 11], "texture": "#0"},
				"south": {"uv": [0, 10, 1, 11], "texture": "#0"},
				"west": {"uv": [0, 10, 1, 11], "texture": "#0"},
				"up": {"uv": [0, 10, 1, 11], "texture": "#0"},
				"down": {"uv": [0, 10, 1, 11], "texture": "#0"}
			}
		},
		{
			"from": [10.5, 4.75, 1],
			"to": [12.5, 7.75, 3],
			"rotation": {"angle": 0, "axis": "y", "origin": [-1, -2.25, 1.5]},
			"faces": {
				"north": {"uv": [0, 11, 2, 14], "texture": "#0"},
				"east": {"uv": [2, 11, 0, 14], "texture": "#0"},
				"south": {"uv": [0, 11, 2, 14], "texture": "#0"},
				"west": {"uv": [0, 11, 2, 14], "texture": "#0"},
				"up": {"uv": [2, 12, 0, 11], "texture": "#0"},
				"down": {"uv": [0, 12, 2, 14], "texture": "#0"}
			}
		},
		{
			"from": [3.95, 8.13771, 3.91531],
			"to": [12.05, 16.63771, 11.91531],
			"rotation": {"angle": 0, "axis": "x", "origin": [8, 10.67188, 5.86491]},
			"faces": {
				"north": {"uv": [8, 0, 16, 9], "texture": "#0"},
				"east": {"uv": [8, 0, 12, 4], "texture": "#0"},
				"south": {"uv": [8, 0, 12, 4], "texture": "#0"},
				"west": {"uv": [8, 0, 12, 4], "texture": "#0"},
				"up": {"uv": [8, 0, 12, 4], "texture": "#0"},
				"down": {"uv": [8, 0, 12, 4], "texture": "#0"}
			}
		},
		{
			"from": [4.5, 2.25, 4.75],
			"to": [11.5, 8.25, 10.75],
			"rotation": {"angle": 0, "axis": "y", "origin": [4.5, 15.25, 19.75]},
			"faces": {
				"north": {"uv": [3, 10, 10, 16], "texture": "#0"},
				"east": {"uv": [2, 12, 5, 16], "texture": "#0"},
				"south": {"uv": [2, 12, 5, 16], "texture": "#0"},
				"west": {"uv": [8, 12, 11, 16], "texture": "#0"},
				"down": {"uv": [8, 12, 11, 16], "texture": "#0"}
			}
		},
		{
			"from": [4.75, 0, 5],
			"to": [11.25, 3.25, 10.5],
			"rotation": {"angle": 0, "axis": "y", "origin": [4.5, 15.25, 19.75]},
			"faces": {
				"north": {"uv": [11, 11, 15, 14], "texture": "#0"},
				"east": {"uv": [11, 11, 15, 14], "texture": "#0"},
				"south": {"uv": [11, 11, 15, 14], "texture": "#0"},
				"west": {"uv": [11, 11, 15, 14], "texture": "#0"},
				"up": {"uv": [7, 12, 10, 16], "texture": "#0"},
				"down": {"uv": [11, 13, 14, 15], "texture": "#0"}
			}
		},
		{
			"from": [6.55, 6.83771, 2.91531],
			"to": [9.5, 10.58771, 4.91531],
			"rotation": {"angle": 0, "axis": "x", "origin": [8, 10.67188, 5.86491]},
			"faces": {
				"north": {"uv": [4, 0, 8, 4], "texture": "#0"},
				"east": {"uv": [4, 0, 6, 4], "texture": "#0"},
				"south": {"uv": [4, 0, 8, 4], "texture": "#0"},
				"west": {"uv": [4, 0, 6, 4], "texture": "#0"},
				"up": {"uv": [8, 0, 4, 2], "texture": "#0"},
				"down": {"uv": [8, 0, 4, 2], "texture": "#0"}
			}
		},
		{
			"from": [9.05, 10.33129, 3.89199],
			"to": [10.4, 11.68129, 3.89199],
			"rotation": {"angle": 0, "axis": "x", "origin": [7.5, 10.67188, 5.86491]},
			"faces": {
				"north": {"uv": [15, 15, 16, 16], "texture": "#0"},
				"east": {"uv": [0, 0, 0, 1], "texture": "#0"},
				"south": {"uv": [0, 0, 1, 1], "texture": "#0"},
				"west": {"uv": [0, 0, 0, 1], "texture": "#0"},
				"up": {"uv": [0, 0, 1, 0], "texture": "#0"},
				"down": {"uv": [0, 0, 1, 0], "texture": "#0"}
			}
		},
		{
			"from": [4.85, 10.33129, 3.89199],
			"to": [6.2, 11.68129, 3.89199],
			"rotation": {"angle": 0, "axis": "x", "origin": [7.75, 10.67188, 5.86491]},
			"faces": {
				"north": {"uv": [15, 15, 16, 16], "texture": "#0"},
				"east": {"uv": [0, 0, 0, 1], "texture": "#0"},
				"south": {"uv": [0, 0, 1, 1], "texture": "#0"},
				"west": {"uv": [0, 0, 0, 1], "texture": "#0"},
				"up": {"uv": [0, 0, 1, 0], "texture": "#0"},
				"down": {"uv": [0, 0, 1, 0], "texture": "#0"}
			}
		}
	],
	"display": {
		"thirdperson_righthand": {
			"rotation": [60, 0, 0],
			"translation": [-6, 0, 3]
		},
		"thirdperson_lefthand": {
			"rotation": [60, 0, 0],
			"translation": [-6, 0, 3]
		},
		"firstperson_righthand": {
			"rotation": [0, 125, 0],
			"translation": [0, 3, 0],
			"scale": [0.4, 0.4, 0.4]
		},
		"firstperson_lefthand": {
			"rotation": [0, 125, 0],
			"translation": [0, 3, 0],
			"scale": [0.4, 0.4, 0.4]
		},
		"ground": {
			"translation": [0, 2, 0],
			"scale": [0.5, 0.5, 0.5]
		},
		"gui": {
			"rotation": [30, 225, 0],
			"scale": [0.88, 0.88, 0.88]
		},
		"head": {
			"translation": [0, 14.25, 0]
		},
		"fixed": {
			"rotation": [-90, 0, 0],
			"translation": [0, 0, -14],
			"scale": [2, 2, 2]
		}
	},
	"groups": [
		0,
		1,
		2,
		3,
		4,
		5,
		6,
		{
			"name": "group",
			"origin": [16.75, 11.25, 2.75],
			"color": 0,
			"children": [7, 8, 9, 10, 11, 12]
		}
	]
}