{
	"credit": "Made by YSBB with Blockbench",
	"texture_size": [32, 32],
	"textures": {
		"1": "item/block/10019"
	},
	"elements": [
		{
			"from": [4, 10, 3.75],
			"to": [12, 18, 11.75],
			"rotation": {"angle": 0, "axis": "z", "origin": [7, 14, 7]},
			"faces": {
				"north": {"uv": [0, 0, 4, 4], "texture": "#1"},
				"east": {"uv": [8.5, 0, 4.5, 4], "texture": "#1"},
				"south": {"uv": [13, 0, 9, 4], "texture": "#1"},
				"west": {"uv": [4.5, 0, 8.5, 4], "texture": "#1"},
				"up": {"uv": [4.5, 0, 8.5, 4], "texture": "#1"},
				"down": {"uv": [9, 0, 13, 4], "texture": "#1"}
			}
		},
		{
			"from": [1, 15.78701, 0.60709],
			"to": [15, 15.78701, 14.60709],
			"rotation": {"angle": 0, "axis": "x", "origin": [8, 16.88701, 8.33209]},
			"faces": {
				"north": {"uv": [0, 0, 6, 0], "texture": "#1"},
				"east": {"uv": [0, 0, 6, 0], "texture": "#1"},
				"south": {"uv": [0, 0, 6, 0], "texture": "#1"},
				"west": {"uv": [0, 0, 6, 0], "texture": "#1"},
				"up": {"uv": [9, 9, 16, 16], "texture": "#1"},
				"down": {"uv": [9, 9, 16, 16], "texture": "#1"}
			}
		},
		{
			"from": [1, 15.58701, 0.60709],
			"to": [15, 15.58701, 14.60709],
			"rotation": {"angle": 0, "axis": "x", "origin": [8, 16.88701, 8.33209]},
			"faces": {
				"north": {"uv": [0, 0, 6, 0], "texture": "#1"},
				"east": {"uv": [0, 0, 6, 0], "texture": "#1"},
				"south": {"uv": [0, 0, 6, 0], "texture": "#1"},
				"west": {"uv": [0, 0, 6, 0], "texture": "#1"},
				"up": {"uv": [9, 9, 16, 16], "texture": "#1"},
				"down": {"uv": [9, 9, 16, 16], "texture": "#1"}
			}
		},
		{
			"from": [1, 15.48701, 0.60709],
			"to": [15, 15.48701, 14.60709],
			"rotation": {"angle": 0, "axis": "x", "origin": [8, 16.88701, 8.33209]},
			"faces": {
				"north": {"uv": [0, 0, 6, 0], "texture": "#1"},
				"east": {"uv": [0, 0, 6, 0], "texture": "#1"},
				"south": {"uv": [0, 0, 6, 0], "texture": "#1"},
				"west": {"uv": [0, 0, 6, 0], "texture": "#1"},
				"up": {"uv": [9, 9, 16, 16], "texture": "#1"},
				"down": {"uv": [9, 9, 16, 16], "texture": "#1"}
			}
		},
		{
			"from": [3.7, 15.78701, 3.25709],
			"to": [12.3, 18.78701, 12.05709],
			"rotation": {"angle": 0, "axis": "x", "origin": [8, 16.88701, 8.33209]},
			"faces": {
				"north": {"uv": [0.5, 14.5, 4.5, 16], "texture": "#1"},
				"east": {"uv": [0.5, 14.5, 4.5, 16], "texture": "#1"},
				"south": {"uv": [0.5, 14.5, 4.5, 16], "texture": "#1"},
				"west": {"uv": [0.5, 14.5, 4.5, 16], "texture": "#1"},
				"up": {"uv": [1, 10.5, 5, 14.5], "texture": "#1"}
			}
		},
		{
			"from": [5, 4, 5],
			"to": [11, 10, 9],
			"rotation": {"angle": 0, "axis": "y", "origin": [-1, 1, 0]},
			"faces": {
				"north": {"uv": [9, 5, 11.5, 8], "texture": "#1"},
				"east": {"uv": [2.5, 5, 4.5, 8], "texture": "#1"},
				"south": {"uv": [5.5, 5.5, 8.5, 8.5], "texture": "#1"},
				"west": {"uv": [3.5, 5, 5.5, 8], "texture": "#1"},
				"down": {"uv": [5.5, 9, 8.5, 11], "texture": "#1"}
			}
		},
		{
			"from": [11, 4, 5],
			"to": [5, 10, 9],
			"rotation": {"angle": 0, "axis": "y", "origin": [-1, 1, 0]},
			"faces": {
				"north": {"uv": [9, 5, 11.5, 8], "texture": "#1"},
				"east": {"uv": [2.5, 5, 4.5, 8], "texture": "#1"},
				"south": {"uv": [5.5, 5.5, 8.5, 8.5], "texture": "#1"},
				"west": {"uv": [3.5, 5, 5.5, 8], "texture": "#1"},
				"down": {"uv": [5.5, 9, 8.5, 11], "texture": "#1"}
			}
		},
		{
			"from": [3.5, 3, 9.05],
			"to": [12.5, 11, 14.05],
			"rotation": {"angle": 0, "axis": "y", "origin": [-1.5, 1, 0]},
			"faces": {
				"north": {"uv": [13.5, 4.5, 15.5, 7], "texture": "#1"},
				"east": {"uv": [13.5, 4.5, 15.5, 7], "texture": "#1"},
				"south": {"uv": [13.5, 4.5, 15.5, 7], "texture": "#1"},
				"west": {"uv": [13.5, 4.5, 15.5, 7], "texture": "#1"},
				"up": {"uv": [13.5, 1.5, 15.5, 3.5], "texture": "#1"},
				"down": {"uv": [13.5, 1.5, 15.5, 3.5], "texture": "#1"}
			}
		},
		{
			"from": [3.31537, 4.40224, 6],
			"to": [5.31537, 10.40224, 8],
			"rotation": {"angle": -22.5, "axis": "z", "origin": [3.26537, 8.15224, 7]},
			"faces": {
				"north": {"uv": [0, 6, 1, 8.5], "texture": "#1"},
				"east": {"uv": [0, 6, 1, 8.5], "texture": "#1"},
				"south": {"uv": [0, 6, 1, 8.5], "texture": "#1"},
				"west": {"uv": [0, 6, 1, 8.5], "texture": "#1"},
				"up": {"uv": [0, 6, 1, 7], "texture": "#1"},
				"down": {"uv": [0, 6, 1, 7], "texture": "#1"}
			}
		},
		{
			"from": [5, -0.1, 6],
			"to": [7, 3.9, 8],
			"rotation": {"angle": 0, "axis": "y", "origin": [-1, 1, 0]},
			"faces": {
				"north": {"uv": [0, 7.5, 1, 9.5], "texture": "#1"},
				"east": {"uv": [0, 7.5, 1, 9.5], "texture": "#1"},
				"south": {"uv": [0, 7.5, 1, 9.5], "texture": "#1"},
				"west": {"uv": [0, 7.5, 1, 9.5], "texture": "#1"},
				"up": {"uv": [0, 7.5, 1, 8.5], "texture": "#1"},
				"down": {"uv": [0, 7.5, 1, 8.5], "texture": "#1"}
			}
		},
		{
			"from": [9, -0.1, 6],
			"to": [11, 3.9, 8],
			"rotation": {"angle": 0, "axis": "y", "origin": [-1, 1, 0]},
			"faces": {
				"north": {"uv": [0, 7.5, 1, 9.5], "texture": "#1"},
				"east": {"uv": [0, 7.5, 1, 9.5], "texture": "#1"},
				"south": {"uv": [0, 7.5, 1, 9.5], "texture": "#1"},
				"west": {"uv": [0, 7.5, 1, 9.5], "texture": "#1"},
				"up": {"uv": [0, 7.5, 1, 8.5], "texture": "#1"},
				"down": {"uv": [0, 7.5, 1, 8.5], "texture": "#1"}
			}
		},
		{
			"from": [11, 4, 6],
			"to": [13, 10, 8],
			"rotation": {"angle": 22.5, "axis": "z", "origin": [12, 7, 7]},
			"faces": {
				"north": {"uv": [0, 5.5, 1, 8.5], "texture": "#1"},
				"east": {"uv": [0, 5.5, 1, 8.5], "texture": "#1"},
				"south": {"uv": [0, 5.5, 1, 8.5], "texture": "#1"},
				"west": {"uv": [0, 5.5, 1, 8.5], "texture": "#1"},
				"up": {"uv": [0, 5.5, 1, 6.5], "texture": "#1"},
				"down": {"uv": [0, 5.5, 1, 6.5], "texture": "#1"}
			}
		},
		{
			"from": [4, 18.75, 6],
			"to": [12, 21.75, 6],
			"rotation": {"angle": 0, "axis": "y", "origin": [0, 1, 0]},
			"faces": {
				"north": {"uv": [5, 13, 9, 14.5], "texture": "#1"},
				"south": {"uv": [5, 13, 9, 14.5], "texture": "#1"}
			}
		}
	],
	"display": {
		"thirdperson_righthand": {
			"rotation": [60, 90, 0],
			"translation": [-6.25, 0, 3]
		},
		"thirdperson_lefthand": {
			"rotation": [60, -90, 0],
			"translation": [-5.75, 0, 3]
		},
		"firstperson_righthand": {
			"rotation": [0, -180, 0],
			"translation": [0, 3, 0],
			"scale": [0.4, 0.4, 0.4]
		},
		"firstperson_lefthand": {
			"rotation": [0, 45, 0],
			"translation": [0, 3, 0],
			"scale": [0.4, 0.4, 0.4]
		},
		"ground": {
			"translation": [0, 2, 0],
			"scale": [0.5, 0.5, 0.5]
		},
		"gui": {
			"rotation": [30, 225, 0],
			"translation": [0.5, -1.25, 0],
			"scale": [0.75, 0.75, 0.75]
		},
		"head": {
			"rotation": [0, 72, 0],
			"translation": [0, 14.25, 0]
		},
		"fixed": {
			"rotation": [-90, 0, 0],
			"translation": [0, 0, -14],
			"scale": [2, 2, 2]
		}
	}
}