{
	"credit": "Made with Blockbench",
	"texture_size": [32, 32],
	"textures": {
		"1": "item/block/10025",
		"particle": "item/block/10025"
	},
	"elements": [
		{
			"from": [2, 1, 2],
			"to": [14, 13, 14],
			"rotation": {"angle": 0, "axis": "y", "origin": [0, 1, 0]},
			"faces": {
				"north": {"uv": [0, 0, 6, 6], "texture": "#1"},
				"east": {"uv": [6.5, 0, 12.5, 6], "texture": "#1"},
				"south": {"uv": [6.5, 0, 12.5, 6], "texture": "#1"},
				"west": {"uv": [6.5, 0, 12.5, 6], "texture": "#1"},
				"up": {"uv": [6.5, 0, 12.5, 6], "texture": "#1"},
				"down": {"uv": [6.5, 0, 12.5, 6], "texture": "#1"}
			}
		},
		{
			"from": [6.5, 10, 1],
			"to": [9.5, 15, 4],
			"rotation": {"angle": -22.5, "axis": "x", "origin": [8, 13.5, 2.5]},
			"faces": {
				"north": {"uv": [10, 6.5, 11.5, 9], "texture": "#1"},
				"east": {"uv": [10, 6.5, 11.5, 9], "texture": "#1"},
				"south": {"uv": [10, 6.5, 11.5, 9], "texture": "#1"},
				"west": {"uv": [10, 6.5, 11.5, 9], "texture": "#1"},
				"up": {"uv": [10, 6.5, 11.5, 8], "texture": "#1"},
				"down": {"uv": [10, 6.5, 11.5, 8], "texture": "#1"}
			}
		},
		{
			"from": [0.5, 9, 6.5],
			"to": [3.5, 14, 9.5],
			"rotation": {"angle": 45, "axis": "z", "origin": [2, 12.5, 8]},
			"faces": {
				"north": {"uv": [10, 6.5, 11.5, 9], "texture": "#1"},
				"east": {"uv": [10, 6.5, 11.5, 9], "texture": "#1"},
				"south": {"uv": [10, 6.5, 11.5, 9], "texture": "#1"},
				"west": {"uv": [10, 6.5, 11.5, 9], "texture": "#1"},
				"up": {"uv": [10, 6.5, 11.5, 8], "texture": "#1"},
				"down": {"uv": [10, 6.5, 11.5, 8], "texture": "#1"}
			}
		},
		{
			"from": [12.5, 9, 6.5],
			"to": [15.5, 14, 9.5],
			"rotation": {"angle": -45, "axis": "z", "origin": [14, 12.5, 8]},
			"faces": {
				"north": {"uv": [10, 6.5, 11.5, 9], "texture": "#1"},
				"east": {"uv": [10, 6.5, 11.5, 9], "texture": "#1"},
				"south": {"uv": [10, 6.5, 11.5, 9], "texture": "#1"},
				"west": {"uv": [10, 6.5, 11.5, 9], "texture": "#1"},
				"up": {"uv": [10, 6.5, 11.5, 8], "texture": "#1"},
				"down": {"uv": [10, 6.5, 11.5, 8], "texture": "#1"}
			}
		},
		{
			"from": [2.25736, 4.24264, 6.5],
			"to": [7.25736, 7.24264, 9.5],
			"rotation": {"angle": 45, "axis": "z", "origin": [8, 1.5, 8]},
			"faces": {
				"north": {"uv": [10, 6.5, 11.5, 9], "rotation": 90, "texture": "#1"},
				"east": {"uv": [10, 6.5, 11.5, 8], "rotation": 270, "texture": "#1"},
				"south": {"uv": [10, 6.5, 11.5, 9], "rotation": 270, "texture": "#1"},
				"west": {"uv": [10, 6.5, 11.5, 8], "rotation": 270, "texture": "#1"},
				"up": {"uv": [10, 6.5, 11.5, 9], "rotation": 270, "texture": "#1"},
				"down": {"uv": [10, 6.5, 11.5, 9], "rotation": 270, "texture": "#1"}
			}
		},
		{
			"from": [10.74264, -4.24264, 6.5],
			"to": [13.74264, 0.75736, 9.5],
			"rotation": {"angle": 45, "axis": "z", "origin": [8, 1.5, 8]},
			"faces": {
				"north": {"uv": [10, 6.5, 11.5, 9], "rotation": 180, "texture": "#1"},
				"east": {"uv": [10, 6.5, 11.5, 9], "rotation": 180, "texture": "#1"},
				"south": {"uv": [10, 6.5, 11.5, 9], "rotation": 180, "texture": "#1"},
				"west": {"uv": [10, 6.5, 11.5, 9], "rotation": 180, "texture": "#1"},
				"up": {"uv": [10, 6.5, 11.5, 8], "rotation": 180, "texture": "#1"},
				"down": {"uv": [10, 6.5, 11.5, 8], "rotation": 180, "texture": "#1"}
			}
		},
		{
			"from": [6.5, -1, 1],
			"to": [9.5, 4, 4],
			"rotation": {"angle": 22.5, "axis": "x", "origin": [8, 0.5, 2.5]},
			"faces": {
				"north": {"uv": [10, 6.5, 11.5, 9], "texture": "#1"},
				"east": {"uv": [10, 6.5, 11.5, 9], "texture": "#1"},
				"south": {"uv": [10, 6.5, 11.5, 9], "texture": "#1"},
				"west": {"uv": [10, 6.5, 11.5, 9], "texture": "#1"},
				"up": {"uv": [10, 6.5, 11.5, 8], "texture": "#1"},
				"down": {"uv": [10, 6.5, 11.5, 8], "texture": "#1"}
			}
		},
		{
			"from": [0, 5.5, 1],
			"to": [5, 8.5, 4],
			"rotation": {"angle": -22.5, "axis": "y", "origin": [1.5, 7, 2.5]},
			"faces": {
				"north": {"uv": [10, 6.5, 11.5, 9], "rotation": 90, "texture": "#1"},
				"east": {"uv": [10, 6.5, 11.5, 8], "rotation": 270, "texture": "#1"},
				"south": {"uv": [10, 6.5, 11.5, 9], "rotation": 270, "texture": "#1"},
				"west": {"uv": [10, 6.5, 11.5, 8], "rotation": 270, "texture": "#1"},
				"up": {"uv": [10, 6.5, 11.5, 9], "rotation": 270, "texture": "#1"},
				"down": {"uv": [10, 6.5, 11.5, 9], "rotation": 270, "texture": "#1"}
			}
		},
		{
			"from": [11, 5.5, 1],
			"to": [16, 8.5, 4],
			"rotation": {"angle": 22.5, "axis": "y", "origin": [14.5, 7, 2.5]},
			"faces": {
				"north": {"uv": [10, 6.5, 11.5, 9], "rotation": 90, "texture": "#1"},
				"east": {"uv": [10, 6.5, 11.5, 8], "rotation": 270, "texture": "#1"},
				"south": {"uv": [10, 6.5, 11.5, 9], "rotation": 270, "texture": "#1"},
				"west": {"uv": [10, 6.5, 11.5, 8], "rotation": 270, "texture": "#1"},
				"up": {"uv": [10, 6.5, 11.5, 9], "rotation": 270, "texture": "#1"},
				"down": {"uv": [10, 6.5, 11.5, 9], "rotation": 270, "texture": "#1"}
			}
		},
		{
			"from": [11, 5.5, 12],
			"to": [16, 8.5, 15],
			"rotation": {"angle": -22.5, "axis": "y", "origin": [14.5, 7, 13.5]},
			"faces": {
				"north": {"uv": [10, 6.5, 11.5, 9], "rotation": 90, "texture": "#1"},
				"east": {"uv": [10, 6.5, 11.5, 8], "rotation": 270, "texture": "#1"},
				"south": {"uv": [10, 6.5, 11.5, 9], "rotation": 270, "texture": "#1"},
				"west": {"uv": [10, 6.5, 11.5, 8], "rotation": 270, "texture": "#1"},
				"up": {"uv": [10, 6.5, 11.5, 9], "rotation": 270, "texture": "#1"},
				"down": {"uv": [10, 6.5, 11.5, 9], "rotation": 270, "texture": "#1"}
			}
		},
		{
			"from": [6.5, -1, 12],
			"to": [9.5, 4, 15],
			"rotation": {"angle": -22.5, "axis": "x", "origin": [8, 0.5, 13.5]},
			"faces": {
				"north": {"uv": [10, 6.5, 11.5, 9], "texture": "#1"},
				"east": {"uv": [10, 6.5, 11.5, 9], "texture": "#1"},
				"south": {"uv": [10, 6.5, 11.5, 9], "texture": "#1"},
				"west": {"uv": [10, 6.5, 11.5, 9], "texture": "#1"},
				"up": {"uv": [10, 6.5, 11.5, 8], "texture": "#1"},
				"down": {"uv": [10, 6.5, 11.5, 8], "texture": "#1"}
			}
		},
		{
			"from": [0, 5.5, 12],
			"to": [5, 8.5, 15],
			"rotation": {"angle": 22.5, "axis": "y", "origin": [1.5, 7, 13.5]},
			"faces": {
				"north": {"uv": [10, 6.5, 11.5, 9], "rotation": 90, "texture": "#1"},
				"east": {"uv": [10, 6.5, 11.5, 8], "rotation": 270, "texture": "#1"},
				"south": {"uv": [10, 6.5, 11.5, 9], "rotation": 270, "texture": "#1"},
				"west": {"uv": [10, 6.5, 11.5, 8], "rotation": 270, "texture": "#1"},
				"up": {"uv": [10, 6.5, 11.5, 9], "rotation": 270, "texture": "#1"},
				"down": {"uv": [10, 6.5, 11.5, 9], "rotation": 270, "texture": "#1"}
			}
		},
		{
			"from": [6.5, 10, 12],
			"to": [9.5, 15, 15],
			"rotation": {"angle": 22.5, "axis": "x", "origin": [8, 13.5, 13.5]},
			"faces": {
				"north": {"uv": [10, 6.5, 11.5, 9], "texture": "#1"},
				"east": {"uv": [10, 6.5, 11.5, 9], "texture": "#1"},
				"south": {"uv": [10, 6.5, 11.5, 9], "texture": "#1"},
				"west": {"uv": [10, 6.5, 11.5, 9], "texture": "#1"},
				"up": {"uv": [10, 6.5, 11.5, 8], "texture": "#1"},
				"down": {"uv": [10, 6.5, 11.5, 8], "texture": "#1"}
			}
		},
		{
			"from": [6.5, 4.5, 1.75],
			"to": [9.5, 7.5, 1.75],
			"rotation": {"angle": 0, "axis": "y", "origin": [0, 1, 0]},
			"faces": {
				"north": {"uv": [0.5, 14, 1.75, 15.25], "texture": "#1"}
			}
		}
	],
	"display": {
		"thirdperson_righthand": {
			"rotation": [60, 0, 0],
			"translation": [-6, 2, 3]
		},
		"thirdperson_lefthand": {
			"rotation": [60, 0, 0],
			"translation": [-6, 2, 3]
		},
		"firstperson_righthand": {
			"rotation": [0, 130, 0],
			"translation": [0, 3, 0],
			"scale": [0.4, 0.4, 0.4]
		},
		"firstperson_lefthand": {
			"rotation": [0, 130, 0],
			"translation": [0, 3, 0],
			"scale": [0.4, 0.4, 0.4]
		},
		"ground": {
			"translation": [0, 2, 0],
			"scale": [0.5, 0.5, 0.5]
		},
		"gui": {
			"rotation": [30, 225, 0],
			"translation": [0, 0.75, 0],
			"scale": [0.72, 0.72, 0.72]
		},
		"head": {
			"translation": [0, 14.25, 0]
		},
		"fixed": {
			"rotation": [-90, 0, 0],
			"translation": [0, 0, -24],
			"scale": [1.6, 1.6, 1.6]
		}
	}
}