{
	"credit": "Made with Blockbench",
	"textures": {
		"1": "item/block/10022"
	},
	"elements": [
		{
			"from": [3.03125, 5.1, 2.9571],
			"to": [13.03125, 10.1, 12.9571],
			"rotation": {"angle": 0, "axis": "y", "origin": [7.69505, 6.85, 7.05165]},
			"faces": {
				"north": {"uv": [10, 0, 15, 10], "rotation": 90, "texture": "#1"},
				"east": {"uv": [10, 0, 15, 10], "rotation": 90, "texture": "#1"},
				"south": {"uv": [10, 0, 15, 10], "rotation": 90, "texture": "#1"},
				"west": {"uv": [10, 0, 15, 10], "rotation": 90, "texture": "#1"},
				"up": {"uv": [0, 0, 10, 10], "texture": "#1"}
			}
		},
		{
			"from": [3.03125, 10.1, 2.9571],
			"to": [13.03125, 5.1, 12.9571],
			"rotation": {"angle": 0, "axis": "y", "origin": [7.69505, 6.85, 7.05165]},
			"faces": {
				"north": {"uv": [15, 0, 10, 10], "rotation": 90, "texture": "#1"},
				"east": {"uv": [15, 0, 10, 10], "rotation": 90, "texture": "#1"},
				"south": {"uv": [15, 0, 10, 10], "rotation": 90, "texture": "#1"},
				"west": {"uv": [15, 0, 10, 10], "rotation": 90, "texture": "#1"},
				"down": {"uv": [0, 0, 10, 10], "texture": "#1"}
			}
		},
		{
			"from": [3.03125, 0.1, 2.9571],
			"to": [13.03125, 3.1, 12.9571],
			"rotation": {"angle": 0, "axis": "y", "origin": [7.69505, 6.85, 7.05165]},
			"faces": {
				"north": {"uv": [6, 10, 16, 13], "texture": "#1"},
				"east": {"uv": [6, 10, 16, 13], "texture": "#1"},
				"south": {"uv": [6, 10, 16, 13], "texture": "#1"},
				"west": {"uv": [6, 10, 16, 13], "texture": "#1"},
				"down": {"uv": [0, 0, 10, 10], "texture": "#1"}
			}
		},
		{
			"from": [3.03125, 3.1, 2.9571],
			"to": [13.03125, 0.1, 12.9571],
			"rotation": {"angle": 0, "axis": "y", "origin": [7.69505, 6.85, 7.05165]},
			"faces": {
				"north": {"uv": [6, 13, 16, 10], "texture": "#1"},
				"east": {"uv": [6, 13, 16, 10], "texture": "#1"},
				"south": {"uv": [6, 13, 16, 10], "texture": "#1"},
				"west": {"uv": [6, 13, 16, 10], "texture": "#1"},
				"up": {"uv": [0, 0, 10, 10], "texture": "#1"}
			}
		},
		{
			"from": [4.53125, 1.6, 4.4571],
			"to": [11.53125, 8.6, 11.4571],
			"rotation": {"angle": 0, "axis": "y", "origin": [7.69505, 6.85, 7.05165]},
			"faces": {
				"north": {"uv": [0, 10, 6, 16], "texture": "#1"},
				"east": {"uv": [0, 10, 3, 13], "texture": "#1"},
				"south": {"uv": [0, 10, 3, 13], "texture": "#1"},
				"west": {"uv": [0, 10, 3, 13], "texture": "#1"},
				"up": {"uv": [0, 10, 3, 13], "texture": "#1"},
				"down": {"uv": [0, 10, 3, 13], "texture": "#1"}
			}
		},
		{
			"from": [4.19505, 10.1, 6.05164],
			"to": [7.19505, 14.1, 8.05164],
			"rotation": {"angle": 0, "axis": "y", "origin": [7.69505, 6.85, 7.05165]},
			"faces": {
				"north": {"uv": [8, 4, 11, 8], "texture": "#1"},
				"east": {"uv": [8, 4, 10, 8], "texture": "#1"},
				"south": {"uv": [8, 4, 11, 8], "texture": "#1"},
				"west": {"uv": [8, 4, 10, 8], "texture": "#1"},
				"up": {"uv": [8, 4, 10, 7], "rotation": 90, "texture": "#1"},
				"down": {"uv": [8, 4, 10, 7], "rotation": 270, "texture": "#1"}
			}
		},
		{
			"from": [8.19504, 10.1, 6.05165],
			"to": [11.19504, 14.1, 8.05165],
			"rotation": {"angle": 0, "axis": "y", "origin": [7.69505, 6.85, 7.05165]},
			"faces": {
				"north": {"uv": [8, 3, 11, 7], "texture": "#1"},
				"east": {"uv": [8, 3, 10, 7], "texture": "#1"},
				"south": {"uv": [8, 3, 11, 7], "texture": "#1"},
				"west": {"uv": [8, 3, 10, 7], "texture": "#1"},
				"up": {"uv": [8, 3, 10, 6], "rotation": 90, "texture": "#1"},
				"down": {"uv": [8, 3, 10, 6], "rotation": 270, "texture": "#1"}
			}
		}
	],
	"display": {
		"thirdperson_righthand": {
			"rotation": [60, 0, 0],
			"translation": [-6, 2, 3]
		},
		"thirdperson_lefthand": {
			"rotation": [60, 0, 0],
			"translation": [-6, 2, 3]
		},
		"firstperson_righthand": {
			"rotation": [0, 130, 0],
			"translation": [0, 3, 0],
			"scale": [0.4, 0.4, 0.4]
		},
		"firstperson_lefthand": {
			"rotation": [0, 130, 0],
			"translation": [0, 3, 0],
			"scale": [0.4, 0.4, 0.4]
		},
		"ground": {
			"translation": [0, 2, 0],
			"scale": [0.5, 0.5, 0.5]
		},
		"gui": {
			"rotation": [30, 225, 0],
			"translation": [0, 1.5, 0],
			"scale": [0.8, 0.8, 0.8]
		},
		"head": {
			"translation": [0, 14.25, 0]
		},
		"fixed": {
			"rotation": [-90, 0, 0],
			"translation": [0, 0, -14],
			"scale": [2, 2, 2]
		}
	}
}