{
	"credit": "by YSBB",
	"texture_size": [32, 32],
	"textures": {
		"0": "item/block/10028"
	},
	"elements": [
		{
			"name": "head_rotation",
			"from": [2, 8.82944, -1.39234],
			"to": [14, 21.82944, 4.60766],
			"rotation": {"angle": 22.5, "axis": "x", "origin": [8, 15.7813, -4.60359]},
			"faces": {
				"north": {"uv": [7, 6.5, 1, 0], "rotation": 180, "texture": "#0"},
				"east": {"uv": [4, 0, 1, 6.5], "texture": "#0"},
				"south": {"uv": [7, 0, 1, 6.5], "texture": "#0"},
				"west": {"uv": [4, 0, 7, 6.5], "texture": "#0"},
				"up": {"uv": [1, 3.5, 7, 6.5], "texture": "#0"},
				"down": {"uv": [1, 3.5, 7, 6.5], "rotation": 180, "texture": "#0"}
			}
		},
		{
			"name": "head_rotation",
			"from": [10, 9.93419, -5.34148],
			"to": [12, 11.93419, -3.34148],
			"rotation": {"angle": 22.5, "axis": "x", "origin": [8, 10.93419, -5.84148]},
			"faces": {
				"north": {"uv": [1, 1, 0, 0], "rotation": 180, "texture": "#0"},
				"east": {"uv": [0, 0, 1, 1], "rotation": 90, "texture": "#0"},
				"south": {"uv": [1, 0, 0, 1], "texture": "#0"},
				"west": {"uv": [0, 0, 1, 1], "rotation": 270, "texture": "#0"},
				"up": {"uv": [0, 0, 1, 1], "texture": "#0"},
				"down": {"uv": [0, 0, 1, 1], "rotation": 180, "texture": "#0"}
			}
		},
		{
			"name": "head_rotation",
			"from": [4, 9.93419, -5.34148],
			"to": [6, 11.93419, -3.34148],
			"rotation": {"angle": 22.5, "axis": "x", "origin": [8, 10.93419, -5.84148]},
			"faces": {
				"north": {"uv": [1, 1, 0, 0], "rotation": 180, "texture": "#0"},
				"east": {"uv": [0, 0, 1, 1], "rotation": 90, "texture": "#0"},
				"south": {"uv": [1, 0, 0, 1], "texture": "#0"},
				"west": {"uv": [0, 0, 1, 1], "rotation": 270, "texture": "#0"},
				"up": {"uv": [0, 0, 1, 1], "texture": "#0"},
				"down": {"uv": [0, 0, 1, 1], "rotation": 180, "texture": "#0"}
			}
		},
		{
			"name": "left_ear_rotation2",
			"from": [-2.02001, 14.73317, 0.28516],
			"to": [2.97999, 18.73317, 1.28516],
			"rotation": {"angle": 22.5, "axis": "x", "origin": [9, 15.7813, -4.60359]},
			"faces": {
				"north": {"uv": [5.5, 5, 2.5, 3], "rotation": 180, "texture": "#0"},
				"east": {"uv": [0.5, 5, 2.5, 5.5], "rotation": 90, "texture": "#0"},
				"south": {"uv": [5.5, 1, 2.5, 3], "texture": "#0"},
				"west": {"uv": [3.5, 2.5, 5.5, 3], "rotation": 270, "texture": "#0"},
				"up": {"uv": [1.5, 0, 4.5, 0.5], "texture": "#0"},
				"down": {"uv": [2.5, 5, 5.5, 5.5], "rotation": 180, "texture": "#0"}
			}
		},
		{
			"from": [1.5, 17, -2.4],
			"to": [4.25, 19.75, -2.4],
			"rotation": {"angle": 22.5, "axis": "x", "origin": [1, 15, -13]},
			"faces": {
				"north": {"uv": [0, 1, 1, 2], "texture": "#0"}
			}
		},
		{
			"from": [12, 17, -2.4],
			"to": [14.75, 19.75, -2.4],
			"rotation": {"angle": 22.5, "axis": "x", "origin": [1, 15, -13]},
			"faces": {
				"north": {"uv": [0, 1, 1, 2], "texture": "#0"}
			}
		},
		{
			"name": "right_ear_rotation2",
			"from": [13.02001, 14.73317, 0.18516],
			"to": [18.02001, 18.73317, 1.18516],
			"rotation": {"angle": 22.5, "axis": "x", "origin": [7, 15.7813, -4.60359]},
			"faces": {
				"north": {"uv": [5.5, 3.5, 2.5, 1.5], "rotation": 180, "texture": "#0"},
				"east": {"uv": [2, 1.5, 4, 2], "rotation": 90, "texture": "#0"},
				"south": {"uv": [6, 0, 3, 2], "texture": "#0"},
				"west": {"uv": [5.5, 2.5, 7.5, 3], "rotation": 270, "texture": "#0"},
				"up": {"uv": [1.5, 0, 4.5, 0.5], "texture": "#0"},
				"down": {"uv": [2.5, 2.5, 5.5, 3], "rotation": 180, "texture": "#0"}
			}
		},
		{
			"name": "body",
			"from": [1, 4.28545, 4.06494],
			"to": [15, 15.28545, 17.06494],
			"rotation": {"angle": 45, "axis": "x", "origin": [8, 11.28545, 8.56494]},
			"faces": {
				"north": {"uv": [4, 1, 11, 6.5], "texture": "#0"},
				"east": {"uv": [5, 0, 10.5, 6.5], "rotation": 90, "texture": "#0"},
				"south": {"uv": [7.5, 7, 14.5, 12.5], "texture": "#0"},
				"west": {"uv": [13.5, 6.5, 8, 0], "rotation": 90, "texture": "#0"},
				"up": {"uv": [14.5, 0, 7.5, 6.5], "texture": "#0"},
				"down": {"uv": [4.5, 6.5, 11.5, 0], "texture": "#0"}
			}
		},
		{
			"name": "mane",
			"from": [8, 13, -0.5],
			"to": [8, 20, 14.5],
			"rotation": {"angle": 22.5, "axis": "x", "origin": [8, 14.75, 10]},
			"faces": {
				"east": {"uv": [7.5, 11.5, 0, 15], "texture": "#0"},
				"west": {"uv": [0, 11.5, 7.5, 15], "texture": "#0"}
			}
		},
		{
			"name": "front_right_leg",
			"from": [8.75, 0, 2.5],
			"to": [12.75, 10, 6.5],
			"rotation": {"angle": 0, "axis": "y", "origin": [8, -6, 10]},
			"faces": {
				"north": {"uv": [7, 7, 2, 9], "rotation": 90, "texture": "#0"},
				"east": {"uv": [7, 7, 2, 9], "rotation": 90, "texture": "#0"},
				"south": {"uv": [7, 7, 2, 9], "rotation": 90, "texture": "#0"},
				"west": {"uv": [7, 7, 2, 9], "rotation": 90, "texture": "#0"},
				"down": {"uv": [2, 9, 0, 7], "rotation": 90, "texture": "#0"}
			}
		},
		{
			"name": "front_right_leg",
			"from": [10.75, 0, 10.5],
			"to": [14.75, 10, 14.5],
			"rotation": {"angle": 0, "axis": "y", "origin": [8, -6, 10]},
			"faces": {
				"north": {"uv": [7, 7, 2, 9], "rotation": 90, "texture": "#0"},
				"east": {"uv": [7, 7, 2, 9], "rotation": 90, "texture": "#0"},
				"south": {"uv": [7, 7, 2, 9], "rotation": 90, "texture": "#0"},
				"west": {"uv": [7, 7, 2, 9], "rotation": 90, "texture": "#0"},
				"down": {"uv": [2, 9, 0, 7], "rotation": 90, "texture": "#0"}
			}
		},
		{
			"name": "front_right_leg",
			"from": [3, 0, 2.5],
			"to": [7, 10, 6.5],
			"rotation": {"angle": 0, "axis": "y", "origin": [8, -6, 10]},
			"faces": {
				"north": {"uv": [7, 7, 2, 9], "rotation": 90, "texture": "#0"},
				"east": {"uv": [7, 7, 2, 9], "rotation": 90, "texture": "#0"},
				"south": {"uv": [7, 7, 2, 9], "rotation": 90, "texture": "#0"},
				"west": {"uv": [7, 7, 2, 9], "rotation": 90, "texture": "#0"},
				"down": {"uv": [2, 9, 0, 7], "rotation": 90, "texture": "#0"}
			}
		},
		{
			"name": "front_right_leg",
			"from": [1.1, 0, 10.5],
			"to": [5.1, 10, 14.5],
			"rotation": {"angle": 0, "axis": "y", "origin": [8, -6, 10]},
			"faces": {
				"north": {"uv": [7, 7, 2, 9], "rotation": 90, "texture": "#0"},
				"east": {"uv": [7, 7, 2, 9], "rotation": 90, "texture": "#0"},
				"south": {"uv": [7, 7, 2, 9], "rotation": 90, "texture": "#0"},
				"west": {"uv": [7, 7, 2, 9], "rotation": 90, "texture": "#0"},
				"down": {"uv": [2, 9, 0, 7], "rotation": 90, "texture": "#0"}
			}
		},
		{
			"from": [4.5, 6.25, -4.5],
			"to": [5.5, 9.25, -4.5],
			"rotation": {"angle": 0, "axis": "y", "origin": [3.5, 7.25, -4.5]},
			"faces": {
				"north": {"uv": [15.5, 14, 16, 15.5], "texture": "#0"},
				"south": {"uv": [15.5, 14, 16, 15.5], "texture": "#0"}
			}
		}
	],
	"display": {
		"thirdperson_righthand": {
			"rotation": [75, 45, 0],
			"translation": [0, 2.5, 0],
			"scale": [0.375, 0.375, 0.375]
		},
		"thirdperson_lefthand": {
			"rotation": [75, 45, 0],
			"translation": [0, 2.5, 0],
			"scale": [0.375, 0.375, 0.375]
		},
		"firstperson_righthand": {
			"rotation": [0, 145, 0],
			"translation": [0, 4, 0],
			"scale": [0.4, 0.4, 0.4]
		},
		"firstperson_lefthand": {
			"rotation": [0, 145, 0],
			"translation": [0, 4, 0],
			"scale": [0.4, 0.4, 0.4]
		},
		"ground": {
			"translation": [0, 2, 0],
			"scale": [0.5, 0.5, 0.5]
		},
		"gui": {
			"rotation": [30, -152, 0],
			"translation": [-0.5, -0.5, 0],
			"scale": [0.7, 0.7, 0.7]
		},
		"head": {
			"translation": [0, 14, -0.5]
		},
		"fixed": {
			"scale": [0.5, 0.5, 0.5]
		}
	},
	"groups": [
		{
			"name": "head",
			"origin": [8, 21, -0.5],
			"color": 0,
			"children": [
				{
					"name": "head_rotation",
					"origin": [8, 21, -0.5],
					"color": 0,
					"children": [0, 1, 2]
				}
			]
		},
		{
			"name": "left_ear",
			"origin": [2, 23, -3.5],
			"color": 0,
			"children": [
				{
					"name": "left_ear_rotation",
					"origin": [8.5, 21.25, -0.5],
					"color": 0,
					"children": [
						{
							"name": "left_ear_rotation2",
							"origin": [2, 23, -3.5],
							"color": 0,
							"children": [3, 4, 5]
						}
					]
				}
			]
		},
		{
			"name": "right_ear",
			"origin": [14, 23, -3.5],
			"color": 0,
			"children": [
				{
					"name": "right_ear_rotation",
					"origin": [7.5, 21.25, -0.5],
					"color": 0,
					"children": [
						{
							"name": "right_ear_rotation2",
							"origin": [14, 23, -3.5],
							"color": 0,
							"children": [6]
						}
					]
				}
			]
		},
		{
			"name": "body",
			"origin": [8, 17, 12.5],
			"color": 0,
			"children": [7]
		},
		{
			"name": "mane",
			"origin": [8, 31, 5.5],
			"color": 0,
			"children": [8]
		},
		{
			"name": "front_left_leg",
			"origin": [4, 14, 3.25],
			"color": 0,
			"children": []
		},
		{
			"name": "front_right_leg",
			"origin": [12, 14, 3.5],
			"color": 0,
			"children": [9, 10, 11, 12]
		},
		{
			"name": "back_left_leg",
			"origin": [3.5, 11, 22],
			"color": 0,
			"children": []
		},
		{
			"name": "back_right_leg",
			"origin": [12.5, 11, 22],
			"color": 0,
			"children": []
		},
		13
	]
}