{
	"credit": "Made by YSBB with Blockbench",
	"textures": {
		"0": "item/block/10026"
	},
	"elements": [
		{
			"from": [4.5, 3, 6],
			"to": [11.5, 10, 11],
			"rotation": {"angle": 0, "axis": "y", "origin": [4.5, 17, 21]},
			"faces": {
				"north": {"uv": [4, 8, 11, 1], "texture": "#0"},
				"east": {"uv": [12, 1, 16, 8], "rotation": 180, "texture": "#0"},
				"south": {"uv": [9, 8, 16, 1], "texture": "#0"},
				"west": {"uv": [15, 8, 11, 1], "texture": "#0"},
				"up": {"uv": [7, 10, 14, 16], "texture": "#0"},
				"down": {"uv": [9, 10, 16, 16], "texture": "#0"}
			}
		},
		{
			"from": [2.55029, 2.98896, 6.72836],
			"to": [5.05029, 8.98896, 9.72836],
			"rotation": {"angle": -22.5, "axis": "z", "origin": [3.80029, 5.98896, 8.22836]},
			"faces": {
				"north": {"uv": [0, 3, 2, 9], "texture": "#0"},
				"east": {"uv": [1, 0, 4, 6], "texture": "#0"},
				"south": {"uv": [2, 0, 4, 6], "texture": "#0"},
				"west": {"uv": [1, 1, 4, 7], "texture": "#0"},
				"up": {"uv": [1, 0, 3.5, 3], "texture": "#0"},
				"down": {"uv": [0, 7, 2, 9], "texture": "#0"}
			}
		},
		{
			"from": [10.80029, 2.98896, 6.72836],
			"to": [13.30029, 8.98896, 9.72836],
			"rotation": {"angle": 22.5, "axis": "z", "origin": [12.05029, 5.98896, 8.22836]},
			"faces": {
				"north": {"uv": [1, 1, 3, 7], "texture": "#0"},
				"east": {"uv": [1, 3, 4, 9], "texture": "#0"},
				"south": {"uv": [9, 9, 11, 15], "texture": "#0"},
				"west": {"uv": [1, 0, 4, 6], "texture": "#0"},
				"up": {"uv": [1, 0, 3.5, 3], "texture": "#0"},
				"down": {"uv": [0, 6, 2.5, 9], "texture": "#0"}
			}
		},
		{
			"from": [3.5, 9, 5],
			"to": [12.5, 16, 13],
			"rotation": {"angle": 0, "axis": "y", "origin": [-0.5, -2, 2]},
			"faces": {
				"north": {"uv": [0, 9, 8, 16], "texture": "#0"},
				"east": {"uv": [16, 9, 9, 16], "texture": "#0"},
				"south": {"uv": [9, 9, 16, 16], "texture": "#0"},
				"west": {"uv": [9, 9, 16, 16], "texture": "#0"},
				"up": {"uv": [8, 16, 16, 9], "rotation": 180, "texture": "#0"},
				"down": {"uv": [8, 9, 0, 16], "texture": "#0"}
			}
		},
		{
			"from": [5.75, 9, 3],
			"to": [10.25, 13, 5],
			"rotation": {"angle": 0, "axis": "y", "origin": [0, -2, 2]},
			"faces": {
				"north": {"uv": [2, 12, 6, 16], "texture": "#0"},
				"east": {"uv": [3, 9, 5, 13], "texture": "#0"},
				"south": {"uv": [0, 0, 4, 4], "texture": "#0"},
				"west": {"uv": [7, 9, 9, 13], "texture": "#0"},
				"up": {"uv": [6, 11, 2, 13], "texture": "#0"},
				"down": {"uv": [6, 11, 2, 13], "texture": "#0"}
			}
		},
		{
			"from": [10.25, 9, 3],
			"to": [11.5, 11, 5],
			"rotation": {"angle": 0, "axis": "y", "origin": [0, -2, 2]},
			"faces": {
				"north": {"uv": [3, 14, 4, 16], "texture": "#0"},
				"east": {"uv": [2, 14, 0, 16], "texture": "#0"},
				"south": {"uv": [6, 14, 7, 16], "texture": "#0"},
				"west": {"uv": [6, 14, 8, 16], "texture": "#0"},
				"up": {"uv": [1, 14, 2, 16], "texture": "#0"},
				"down": {"uv": [3, 14, 4, 16], "texture": "#0"}
			}
		},
		{
			"from": [4.5, 9, 3],
			"to": [5.75, 11, 5],
			"rotation": {"angle": 0, "axis": "y", "origin": [0, -2, 2]},
			"faces": {
				"north": {"uv": [6, 14, 7, 16], "texture": "#0"},
				"east": {"uv": [6, 14, 8, 16], "texture": "#0"},
				"south": {"uv": [6, 14, 7, 16], "texture": "#0"},
				"west": {"uv": [6, 14, 8, 16], "texture": "#0"},
				"up": {"uv": [6, 14, 7, 16], "texture": "#0"},
				"down": {"uv": [6, 14, 7, 16], "texture": "#0"}
			}
		},
		{
			"from": [2.5, 9, 7],
			"to": [3.5, 15, 11],
			"rotation": {"angle": -22.5, "axis": "z", "origin": [3, 12, 9]},
			"faces": {
				"north": {"uv": [1, 2, 2, 8], "texture": "#0"},
				"east": {"uv": [0, 5, 4, 11], "texture": "#0"},
				"south": {"uv": [10, 9, 11, 15], "texture": "#0"},
				"west": {"uv": [9, 10, 13, 16], "texture": "#0"},
				"up": {"uv": [0, 5, 1, 9], "texture": "#0"},
				"down": {"uv": [0, 5, 1, 9], "texture": "#0"}
			}
		},
		{
			"from": [12.46194, 9.19134, 7],
			"to": [13.46194, 15.19134, 11],
			"rotation": {"angle": 22.5, "axis": "z", "origin": [12.96194, 12.19134, 9]},
			"faces": {
				"north": {"uv": [0, 0, 1, 6], "texture": "#0"},
				"east": {"uv": [10, 10, 14, 16], "texture": "#0"},
				"south": {"uv": [2, 0, 3, 6], "texture": "#0"},
				"west": {"uv": [0, 4, 4, 10], "texture": "#0"},
				"up": {"uv": [0, 5, 1, 9], "texture": "#0"},
				"down": {"uv": [0, 5, 1, 9], "texture": "#0"}
			}
		},
		{
			"from": [4.45, 0, 6],
			"to": [11.45, 3, 11],
			"rotation": {"angle": 0, "axis": "y", "origin": [-0.3, 0, 2]},
			"faces": {
				"north": {"uv": [9, 3, 16, 0], "texture": "#0"},
				"east": {"uv": [14, 3, 10, 0], "texture": "#0"},
				"south": {"uv": [9, 3, 16, 0], "texture": "#0"},
				"west": {"uv": [12, 3, 16, 0], "texture": "#0"},
				"down": {"uv": [9, 11, 16, 16], "texture": "#0"}
			}
		}
	],
	"display": {
		"thirdperson_righthand": {
			"rotation": [60, 0, 0],
			"translation": [-6, 0, 3]
		},
		"thirdperson_lefthand": {
			"rotation": [60, 0, 0],
			"translation": [-6, 0, 3]
		},
		"firstperson_righthand": {
			"rotation": [0, 125, 0],
			"translation": [0, 3, 0],
			"scale": [0.4, 0.4, 0.4]
		},
		"firstperson_lefthand": {
			"rotation": [0, 125, 0],
			"translation": [0, 3, 0],
			"scale": [0.4, 0.4, 0.4]
		},
		"ground": {
			"translation": [0, 2, 0],
			"scale": [0.5, 0.5, 0.5]
		},
		"gui": {
			"rotation": [30, 225, 0],
			"translation": [0.5, -0.5, 0],
			"scale": [0.85, 0.85, 0.85]
		},
		"head": {
			"translation": [0, 14.25, 0]
		},
		"fixed": {
			"rotation": [-90, 0, 0],
			"translation": [0, 0, -14],
			"scale": [2, 2, 2]
		}
	}
}