{
	"credit": "Made with Blockbench",
	"textures": {
		"1": "item/block/10020"
	},
	"elements": [
		{
			"from": [2.44394, 0, 2.4384],
			"to": [13.44394, 11, 13.4384],
			"rotation": {"angle": 0, "axis": "y", "origin": [5.48814, 5, 8.08171]},
			"faces": {
				"north": {"uv": [0, 0, 5.5, 5.5], "texture": "#1"},
				"east": {"uv": [0, 0, 5.5, 5.5], "texture": "#1"},
				"south": {"uv": [0, 0, 5.5, 5.5], "texture": "#1"},
				"west": {"uv": [0, 0, 5.5, 5.5], "texture": "#1"},
				"up": {"uv": [0, 0, 5.5, 5.5], "texture": "#1"},
				"down": {"uv": [0, 0, 5.5, 5.5], "texture": "#1"}
			}
		},
		{
			"from": [3.44394, 1, 3.6884],
			"to": [12.44394, 10, 12.6884],
			"rotation": {"angle": 0, "axis": "y", "origin": [5.98814, 4.5, 7.58171]},
			"faces": {
				"north": {"uv": [7, 9.07059, 12.89706, 14.96765], "texture": "#1"},
				"east": {"uv": [0, 9.07059, 5.89706, 14.96765], "texture": "#1"},
				"south": {"uv": [0, 9.07059, 5.89706, 14.96765], "texture": "#1"},
				"west": {"uv": [0, 9.07059, 5.89706, 14.96765], "texture": "#1"},
				"up": {"uv": [0, 9.07059, 5.89706, 14.96765], "texture": "#1"},
				"down": {"uv": [0, 9.07059, 5.89706, 14.96765], "texture": "#1"}
			}
		},
		{
			"from": [4.5, 3, 3.5],
			"to": [11.5, 8, 3.5],
			"rotation": {"angle": 0, "axis": "y", "origin": [5, 2, 1.5]},
			"faces": {
				"north": {"uv": [10, 2, 16, 7], "texture": "#1"}
			}
		}
	],
	"display": {
		"thirdperson_righthand": {
			"rotation": [60, 0, 0],
			"translation": [-6, 2, 3]
		},
		"thirdperson_lefthand": {
			"rotation": [60, 0, 0],
			"translation": [-6, 2, 3]
		},
		"firstperson_righthand": {
			"rotation": [0, 130, 0],
			"translation": [0, 3, 0],
			"scale": [0.4, 0.4, 0.4]
		},
		"firstperson_lefthand": {
			"rotation": [0, 130, 0],
			"translation": [0, 3, 0],
			"scale": [0.4, 0.4, 0.4]
		},
		"ground": {
			"translation": [0, 2, 0],
			"scale": [0.5, 0.5, 0.5]
		},
		"gui": {
			"rotation": [30, 225, 0],
			"translation": [0, 1.5, 0],
			"scale": [0.8, 0.8, 0.8]
		},
		"head": {
			"translation": [0, 14.25, 0]
		},
		"fixed": {
			"rotation": [-90, 0, 0],
			"translation": [0, 0, -14],
			"scale": [2, 2, 2]
		}
	}
}