{
	"credit": "Made with Blockbench",
	"textures": {
		"1": "item/block/10021"
	},
	"elements": [
		{
			"from": [2.63967, 0, 2.53418],
			"to": [13.63967, 3, 13.53418],
			"rotation": {"angle": 0, "axis": "y", "origin": [8.13967, 5.5, 8.03418]},
			"faces": {
				"north": {"uv": [0, 0, 11, 2], "texture": "#1"},
				"east": {"uv": [0, 0, 11, 3], "texture": "#1"},
				"south": {"uv": [0, 0, 11, 3], "texture": "#1"},
				"west": {"uv": [0, 0, 11, 3], "texture": "#1"},
				"up": {"uv": [0, 0, 11, 11], "texture": "#1"},
				"down": {"uv": [0, 0, 11, 11], "texture": "#1"}
			}
		},
		{
			"from": [2.63967, 8, 2.53418],
			"to": [13.63967, 11, 13.53418],
			"rotation": {"angle": 0, "axis": "y", "origin": [8.13967, 13.5, 8.03418]},
			"faces": {
				"north": {"uv": [0, 0, 11, 2], "texture": "#1"},
				"east": {"uv": [0, 0, 11, 3], "texture": "#1"},
				"south": {"uv": [0, 0, 11, 3], "texture": "#1"},
				"west": {"uv": [0, 0, 11, 3], "texture": "#1"},
				"up": {"uv": [0, 0, 11, 11], "texture": "#1"},
				"down": {"uv": [0, 0, 11, 11], "texture": "#1"}
			}
		},
		{
			"from": [2.63967, 4, 2.53418],
			"to": [13.63967, 7, 13.53418],
			"rotation": {"angle": 0, "axis": "y", "origin": [8.13967, 9.5, 8.03418]},
			"faces": {
				"north": {"uv": [0, 0, 11, 2], "texture": "#1"},
				"east": {"uv": [0, 0, 11, 3], "texture": "#1"},
				"south": {"uv": [0, 0, 11, 3], "texture": "#1"},
				"west": {"uv": [0, 0, 11, 3], "texture": "#1"},
				"up": {"uv": [0, 0, 11, 11], "texture": "#1"},
				"down": {"uv": [0, 0, 11, 11], "texture": "#1"}
			}
		},
		{
			"from": [3.25, 1, 3.25],
			"to": [12.75, 9, 12.75],
			"rotation": {"angle": 0, "axis": "y", "origin": [4, 1, 10]},
			"faces": {
				"north": {"uv": [11, 0, 16, 5], "texture": "#1"},
				"east": {"uv": [11, 0, 16, 5], "texture": "#1"},
				"south": {"uv": [11, 0, 16, 5], "texture": "#1"},
				"west": {"uv": [11, 0, 16, 5], "texture": "#1"},
				"up": {"uv": [11, 0, 16, 5], "texture": "#1"},
				"down": {"uv": [11, 0, 16, 5], "texture": "#1"}
			}
		},
		{
			"from": [3.5, 3, 2.4],
			"to": [12.5, 6.25, 2.4],
			"rotation": {"angle": 0, "axis": "y", "origin": [6, 5, 0.4]},
			"faces": {
				"north": {"uv": [1, 14, 9, 16], "texture": "#1"}
			}
		}
	],
	"display": {
		"thirdperson_righthand": {
			"rotation": [60, 0, 0],
			"translation": [-6, 2, 3]
		},
		"thirdperson_lefthand": {
			"rotation": [60, 0, 0],
			"translation": [-6, 2, 3]
		},
		"firstperson_righthand": {
			"rotation": [0, 130, 0],
			"translation": [0, 3, 0],
			"scale": [0.4, 0.4, 0.4]
		},
		"firstperson_lefthand": {
			"rotation": [0, 130, 0],
			"translation": [0, 3, 0],
			"scale": [0.4, 0.4, 0.4]
		},
		"ground": {
			"translation": [0, 2, 0],
			"scale": [0.5, 0.5, 0.5]
		},
		"gui": {
			"rotation": [30, 225, 0],
			"translation": [0, 1.5, 0],
			"scale": [0.8, 0.8, 0.8]
		},
		"head": {
			"translation": [0, 14.25, 0]
		},
		"fixed": {
			"rotation": [-90, 0, 0],
			"translation": [0, 0, -14],
			"scale": [2, 2, 2]
		}
	}
}