{
	"credit": "Made by YSBB with Blockbench",
	"textures": {
		"0": "item/block/10023"
	},
	"elements": [
		{
			"from": [3, 5, 3],
			"to": [13, 15, 13],
			"rotation": {"angle": 0, "axis": "y", "origin": [8, 10, 8]},
			"faces": {
				"north": {"uv": [8, 0, 16, 8], "texture": "#0"},
				"east": {"uv": [0, 0, 8, 8], "texture": "#0"},
				"south": {"uv": [0, 0, 8, 8], "texture": "#0"},
				"west": {"uv": [0, 0, 8, 8], "texture": "#0"},
				"up": {"uv": [0, 8, 8, 16], "rotation": 180, "texture": "#0"},
				"down": {"uv": [0, 8, 8, 16], "rotation": 180, "texture": "#0"}
			}
		},
		{
			"from": [4.5, 0.96194, 4.69134],
			"to": [6.5, 5.96194, 6.69134],
			"rotation": {"angle": -22.5, "axis": "x", "origin": [5.5, 3.46194, 5.69134]},
			"faces": {
				"north": {"uv": [10, 8, 13, 13.71429], "texture": "#0"},
				"east": {"uv": [10, 8, 13, 13.71429], "texture": "#0"},
				"south": {"uv": [10, 8, 13, 13.71429], "texture": "#0"},
				"west": {"uv": [10, 8, 13, 13.71429], "texture": "#0"},
				"up": {"uv": [10, 8, 13, 10.28571], "texture": "#0"},
				"down": {"uv": [10, 8, 13, 10.28571], "texture": "#0"}
			}
		},
		{
			"from": [9.5, 0.85355, 4.85355],
			"to": [11.5, 7.85355, 6.85355],
			"rotation": {"angle": -22.5, "axis": "x", "origin": [10.5, 4.35355, 5.85355]},
			"faces": {
				"north": {"uv": [10, 8, 13, 16], "texture": "#0"},
				"east": {"uv": [10, 8, 13, 16], "texture": "#0"},
				"south": {"uv": [10, 8, 13, 16], "texture": "#0"},
				"west": {"uv": [10, 8, 13, 16], "texture": "#0"},
				"up": {"uv": [10, 8, 13, 10.28571], "texture": "#0"},
				"down": {"uv": [10, 8, 13, 10.28571], "texture": "#0"}
			}
		},
		{
			"from": [4, 0.95711, 9.20711],
			"to": [6, 6.95711, 11.20711],
			"rotation": {"angle": -22.5, "axis": "x", "origin": [5, 3.95711, 10.20711]},
			"faces": {
				"north": {"uv": [10, 8, 13, 14.85714], "texture": "#0"},
				"east": {"uv": [10, 8, 13, 14.85714], "texture": "#0"},
				"south": {"uv": [10, 8, 13, 14.85714], "texture": "#0"},
				"west": {"uv": [10, 8, 13, 14.85714], "texture": "#0"},
				"up": {"uv": [10, 8, 13, 10.28571], "texture": "#0"},
				"down": {"uv": [10, 8, 13, 10.28571], "texture": "#0"}
			}
		},
		{
			"from": [10, 0.92388, 9.88268],
			"to": [12, 6.92388, 11.88268],
			"rotation": {"angle": -22.5, "axis": "x", "origin": [11, 3.92388, 10.88268]},
			"faces": {
				"north": {"uv": [10, 8, 13, 14.85714], "texture": "#0"},
				"east": {"uv": [10, 8, 13, 14.85714], "texture": "#0"},
				"south": {"uv": [10, 8, 13, 14.85714], "texture": "#0"},
				"west": {"uv": [10, 8, 13, 14.85714], "texture": "#0"},
				"up": {"uv": [10, 8, 13, 10.28571], "texture": "#0"},
				"down": {"uv": [10, 8, 13, 10.28571], "texture": "#0"}
			}
		},
		{
			"from": [7, 0.92388, 7.88268],
			"to": [9, 6.92388, 9.88268],
			"rotation": {"angle": -22.5, "axis": "x", "origin": [8, 3.92388, 8.88268]},
			"faces": {
				"north": {"uv": [10, 8, 13, 14.85714], "texture": "#0"},
				"east": {"uv": [10, 8, 13, 14.85714], "texture": "#0"},
				"south": {"uv": [10, 8, 13, 14.85714], "texture": "#0"},
				"west": {"uv": [10, 8, 13, 14.85714], "texture": "#0"},
				"up": {"uv": [10, 8, 13, 10.28571], "texture": "#0"},
				"down": {"uv": [10, 8, 13, 10.28571], "texture": "#0"}
			}
		}
	],
	"display": {
		"thirdperson_righthand": {
			"rotation": [60, 180, 0],
			"translation": [-6, 0, 0]
		},
		"thirdperson_lefthand": {
			"rotation": [60, 180, 0],
			"translation": [-6, 0, 0]
		},
		"firstperson_righthand": {
			"rotation": [0, -180, 0],
			"translation": [0, 3, 0],
			"scale": [0.4, 0.4, 0.4]
		},
		"firstperson_lefthand": {
			"rotation": [0, 180, 0],
			"translation": [0, 3, 0],
			"scale": [0.4, 0.4, 0.4]
		},
		"ground": {
			"translation": [0, 2, 0],
			"scale": [0.5, 0.5, 0.5]
		},
		"gui": {
			"rotation": [30, 225, 0],
			"translation": [0, -1, 0],
			"scale": [0.8, 0.8, 0.8]
		},
		"head": {
			"rotation": [0, 180, 0],
			"translation": [0, 14.25, 0]
		},
		"fixed": {
			"rotation": [-90, 0, 0],
			"translation": [0, 0, -20],
			"scale": [2, 2, 2]
		}
	}
}