{
	"credit": "by YSBB",
	"texture_size": [32, 32],
	"textures": {
		"0": "item/block/10031"
	},
	"elements": [
		{
			"from": [4.5, 7, 0],
			"to": [11.5, 13, 6],
			"rotation": {"angle": 0, "axis": "z", "origin": [8, 10, 3]},
			"faces": {
				"north": {"uv": [0, 13, 3.5, 16], "texture": "#0"},
				"east": {"uv": [4, 13, 7, 16], "texture": "#0"},
				"south": {"uv": [8, 13, 11.5, 15.5], "texture": "#0"},
				"west": {"uv": [4, 13, 7, 16], "texture": "#0"},
				"up": {"uv": [8, 16, 11.5, 13], "texture": "#0"},
				"down": {"uv": [8, 13, 11.5, 16], "texture": "#0"}
			}
		},
		{
			"from": [3.5, 8.5, 6],
			"to": [12.5, 12.5, 14],
			"rotation": {"angle": 0, "axis": "y", "origin": [4.5, 8.5, 6]},
			"faces": {
				"north": {"uv": [11.5, 8.5, 16, 11], "texture": "#0"},
				"east": {"uv": [12, 8.5, 16, 11], "texture": "#0"},
				"south": {"uv": [6.5, 10.25, 11, 12.25], "texture": "#0"},
				"west": {"uv": [16, 8.5, 12, 11], "texture": "#0"},
				"up": {"uv": [11.5, 15.5, 16, 11.5], "texture": "#0"},
				"down": {"uv": [11.5, 11.5, 16, 15.5], "texture": "#0"}
			}
		},
		{
			"from": [6, 9, 14],
			"to": [10, 12, 19],
			"rotation": {"angle": 0, "axis": "y", "origin": [4, 8, 14]},
			"faces": {
				"north": {"uv": [0, 0, 2, 1.5], "texture": "#0"},
				"east": {"uv": [12, 8.5, 14.5, 10], "texture": "#0"},
				"south": {"uv": [7.75, 10.5, 9.75, 12], "texture": "#0"},
				"west": {"uv": [14.5, 8.5, 12, 10], "texture": "#0"},
				"up": {"uv": [12.75, 14, 14.75, 11.5], "texture": "#0"},
				"down": {"uv": [12.75, 11.5, 14.75, 14], "texture": "#0"}
			}
		},
		{
			"from": [7, 9.5, 19],
			"to": [9, 11.5, 24],
			"rotation": {"angle": 0, "axis": "y", "origin": [4, 8.5, 19]},
			"faces": {
				"north": {"uv": [0, 0, 1, 1], "texture": "#0"},
				"east": {"uv": [1.5, 7.5, 2.5, 10], "rotation": 90, "texture": "#0"},
				"south": {"uv": [1.5, 7.5, 2.5, 8.5], "texture": "#0"},
				"west": {"uv": [1.5, 7.5, 2.5, 10], "rotation": 90, "texture": "#0"},
				"up": {"uv": [1.5, 7.5, 2.5, 10], "texture": "#0"},
				"down": {"uv": [1.5, 7.5, 2.5, 10], "texture": "#0"}
			}
		},
		{
			"from": [-6.5, 9.5, 4],
			"to": [4.5, 10.5, 6],
			"rotation": {"angle": 0, "axis": "y", "origin": [-3.5, 7.5, 4]},
			"faces": {
				"north": {"uv": [9.5, 0, 15, 0.5], "texture": "#0"},
				"east": {"uv": [9.5, 0, 10.5, 1], "texture": "#0"},
				"south": {"uv": [9.5, 0, 15, 1], "texture": "#0"},
				"west": {"uv": [9.5, 0, 10.5, 1], "texture": "#0"},
				"up": {"uv": [15, 0, 9.5, 1], "texture": "#0"},
				"down": {"uv": [15, 1, 9.5, 0], "texture": "#0"}
			}
		},
		{
			"from": [11.5, 9.5, 4],
			"to": [22.5, 10.5, 6],
			"rotation": {"angle": 0, "axis": "y", "origin": [14.5, 7.5, 4]},
			"faces": {
				"north": {"uv": [16, 0, 10.5, 0.5], "texture": "#0"},
				"east": {"uv": [10.5, 0, 11.5, 1], "texture": "#0"},
				"south": {"uv": [10.5, 0, 16, 1], "texture": "#0"},
				"west": {"uv": [10.5, 0, 11.5, 1], "texture": "#0"},
				"up": {"uv": [10.5, 0, 16, 1], "texture": "#0"},
				"down": {"uv": [10.5, 1, 16, 0], "texture": "#0"}
			}
		},
		{
			"from": [-6.5, 10.5, 6],
			"to": [3.5, 10.5, 16],
			"rotation": {"angle": 0, "axis": "y", "origin": [-4.5, 7.5, 6]},
			"faces": {
				"north": {"uv": [0, 0, 5, 0], "texture": "#0"},
				"east": {"uv": [0, 0, 5, 0], "texture": "#0"},
				"south": {"uv": [0, 0, 5, 0], "texture": "#0"},
				"west": {"uv": [0, 0, 5, 0], "texture": "#0"},
				"up": {"uv": [14.5, 1, 9.5, 6], "texture": "#0"},
				"down": {"uv": [14.5, 6, 9.5, 1], "texture": "#0"}
			}
		},
		{
			"from": [12.5, 10.5, 6],
			"to": [22.5, 10.5, 16],
			"rotation": {"angle": 0, "axis": "y", "origin": [14.5, 7.5, 6]},
			"faces": {
				"north": {"uv": [0, 0, 5, 0], "texture": "#0"},
				"east": {"uv": [0, 0, 5, 0], "texture": "#0"},
				"south": {"uv": [0, 0, 5, 0], "texture": "#0"},
				"west": {"uv": [0, 0, 5, 0], "texture": "#0"},
				"up": {"uv": [9.5, 1, 14.5, 6], "texture": "#0"},
				"down": {"uv": [9.5, 6, 14.5, 1], "texture": "#0"}
			}
		},
		{
			"from": [8.25, 13, 1.25],
			"to": [8.25, 20, 5.25],
			"rotation": {"angle": -45, "axis": "y", "origin": [8.25, 16.5, 3]},
			"faces": {
				"east": {"uv": [7, 5, 9, 8.5], "texture": "#0"},
				"west": {"uv": [7.5, 5, 9.5, 8.5], "texture": "#0"}
			}
		},
		{
			"from": [6.25, 13, 2.75],
			"to": [10.25, 20, 2.75],
			"rotation": {"angle": -45, "axis": "y", "origin": [8.25, 16.5, 3]},
			"faces": {
				"north": {"uv": [7, 5, 9, 8.5], "texture": "#0"},
				"south": {"uv": [7.5, 5, 9.5, 8.5], "texture": "#0"}
			}
		},
		{
			"from": [4.75, 9, -0.1],
			"to": [6.75, 11, -0.1],
			"rotation": {"angle": 0, "axis": "y", "origin": [4.75, 9, -0.1]},
			"faces": {
				"north": {"uv": [13.5, 6, 14.5, 7], "texture": "#0"},
				"east": {"uv": [0, 0, 0, 1], "texture": "#0"},
				"south": {"uv": [0, 0, 1, 1], "texture": "#0"},
				"west": {"uv": [0, 0, 0, 1], "texture": "#0"},
				"up": {"uv": [0, 0, 1, 0], "texture": "#0"},
				"down": {"uv": [0, 0, 1, 0], "texture": "#0"}
			}
		},
		{
			"from": [9.25, 9, -0.1],
			"to": [11.25, 11, -0.1],
			"rotation": {"angle": 0, "axis": "y", "origin": [9.25, 9, -0.1]},
			"faces": {
				"north": {"uv": [11.5, 6, 12.5, 7], "texture": "#0"},
				"east": {"uv": [0, 0, 0, 1], "texture": "#0"},
				"south": {"uv": [0, 0, 1, 1], "texture": "#0"},
				"west": {"uv": [0, 0, 0, 1], "texture": "#0"},
				"up": {"uv": [0, 0, 1, 0], "texture": "#0"},
				"down": {"uv": [0, 0, 1, 0], "texture": "#0"}
			}
		}
	],
	"display": {
		"thirdperson_righthand": {
			"rotation": [75, 45, 0],
			"translation": [0, 2.5, 0],
			"scale": [0.375, 0.375, 0.375]
		},
		"thirdperson_lefthand": {
			"rotation": [75, 45, 0],
			"translation": [0, 2.5, 0],
			"scale": [0.375, 0.375, 0.375]
		},
		"firstperson_righthand": {
			"rotation": [0, 145, 0],
			"translation": [0, 2.25, 0],
			"scale": [0.4, 0.4, 0.4]
		},
		"firstperson_lefthand": {
			"rotation": [0, 145, 0],
			"translation": [0, 2.25, 0],
			"scale": [0.4, 0.4, 0.4]
		},
		"ground": {
			"translation": [0, 2, 0],
			"scale": [0.5, 0.5, 0.5]
		},
		"gui": {
			"rotation": [30, 225, 0],
			"translation": [0, -2.5, 0],
			"scale": [0.75, 0.75, 0.75]
		},
		"head": {
			"translation": [0, 10.25, 0]
		},
		"fixed": {
			"scale": [0.5, 0.5, 0.5]
		}
	},
	"groups": [
		{
			"name": "left_wing",
			"origin": [7.5, 5, 9],
			"color": 0,
			"children": [
				{
					"name": "left_wing",
					"origin": [3.5, 2.5, 5.5],
					"color": 0,
					"children": []
				},
				{
					"name": "left_wing",
					"origin": [3.5, 2.5, 5.5],
					"color": 0,
					"children": []
				}
			]
		},
		{
			"name": "right_wing",
			"origin": [8.5, 5, 9],
			"color": 0,
			"children": []
		},
		{
			"name": "group",
			"origin": [14.5, 2.75, 6],
			"color": 0,
			"children": [0, 1, 2, 3, 4, 5, 6, 7, 8, 9]
		},
		10,
		11
	]
}