{
	"credit": "by YSBB",
	"texture_size": [32, 32],
	"textures": {
		"0": "item/block/10033"
	},
	"elements": [
		{
			"from": [4, 0, 6],
			"to": [7, 3, 10],
			"rotation": {"angle": 0, "axis": "y", "origin": [3, 0, 7]},
			"faces": {
				"north": {"uv": [5.5, 5, 7, 6.5], "texture": "#0"},
				"east": {"uv": [5.5, 5, 7.5, 6.5], "texture": "#0"},
				"south": {"uv": [5.5, 5, 7, 6.5], "texture": "#0"},
				"west": {"uv": [5.5, 5, 7.5, 6.5], "texture": "#0"},
				"up": {"uv": [5.5, 5, 7, 7], "texture": "#0"},
				"down": {"uv": [5.5, 6.5, 7, 8.5], "texture": "#0"}
			}
		},
		{
			"from": [9, 0, 6],
			"to": [12, 3, 10],
			"rotation": {"angle": 0, "axis": "y", "origin": [8, 0, 7]},
			"faces": {
				"north": {"uv": [5.5, 5, 7, 6.5], "texture": "#0"},
				"east": {"uv": [5.5, 5, 7.5, 6.5], "texture": "#0"},
				"south": {"uv": [5.5, 5, 7, 6.5], "texture": "#0"},
				"west": {"uv": [5.5, 5, 7.5, 6.5], "texture": "#0"},
				"up": {"uv": [5.5, 5, 7, 7], "texture": "#0"},
				"down": {"uv": [5.5, 6.5, 7, 8.5], "texture": "#0"}
			}
		},
		{
			"from": [4, 3, 4],
			"to": [12, 10, 12],
			"rotation": {"angle": 0, "axis": "y", "origin": [3, 3, 7]},
			"faces": {
				"north": {"uv": [8.5, 4.5, 12.5, 8], "texture": "#0"},
				"east": {"uv": [8.5, 0, 12.5, 3.5], "texture": "#0"},
				"south": {"uv": [3, 4.5, 7, 8], "texture": "#0"},
				"west": {"uv": [9.5, 0, 13.5, 3.5], "texture": "#0"},
				"up": {"uv": [4.5, 0, 8.5, 3.5], "texture": "#0"},
				"down": {"uv": [4, 6.5, 8, 10.5], "texture": "#0"}
			}
		},
		{
			"from": [3, 10, 4.75],
			"to": [13, 18, 12.05],
			"rotation": {"angle": 0, "axis": "y", "origin": [3, 10, 6.75]},
			"faces": {
				"north": {"uv": [8.5, 0, 13.5, 4], "texture": "#0"},
				"east": {"uv": [8.5, 0, 12, 4], "texture": "#0"},
				"south": {"uv": [8.5, 0, 13.5, 4], "texture": "#0"},
				"west": {"uv": [9.5, 0, 13, 4], "texture": "#0"},
				"up": {"uv": [4.5, 0, 8.5, 3.5], "texture": "#0"},
				"down": {"uv": [3, 6.5, 7, 10], "texture": "#0"}
			}
		},
		{
			"from": [1, 1, 6],
			"to": [4, 11, 10],
			"rotation": {"angle": 0, "axis": "y", "origin": [2, 9, 7]},
			"faces": {
				"north": {"uv": [13.5, 4, 15, 9], "texture": "#0"},
				"east": {"uv": [13.5, 4, 15.5, 9], "texture": "#0"},
				"south": {"uv": [13.5, 4, 15, 9], "texture": "#0"},
				"west": {"uv": [13.5, 4, 15.5, 9], "texture": "#0"},
				"up": {"uv": [2, 7.5, 3.5, 9.5], "texture": "#0"},
				"down": {"uv": [7, 0.5, 8.5, 2.5], "texture": "#0"}
			}
		},
		{
			"from": [12, 1, 6],
			"to": [15, 11, 10],
			"rotation": {"angle": 0, "axis": "y", "origin": [13, 9, 7]},
			"faces": {
				"north": {"uv": [13.5, 4, 15, 9], "texture": "#0"},
				"east": {"uv": [13.5, 4, 15.5, 9], "texture": "#0"},
				"south": {"uv": [13.5, 4, 15, 9], "texture": "#0"},
				"west": {"uv": [13.5, 4, 15.5, 9], "texture": "#0"},
				"up": {"uv": [4.5, 7, 6, 9], "texture": "#0"},
				"down": {"uv": [7, 0.5, 8.5, 2.5], "texture": "#0"}
			}
		},
		{
			"name": "1111",
			"from": [-3, 15, 7],
			"to": [4, 21, 7],
			"rotation": {"angle": 0, "axis": "z", "origin": [0.5, 18, 7]},
			"faces": {
				"north": {"uv": [4, 11.5, 7.5, 14.5], "texture": "#0"},
				"south": {"uv": [7.5, 11.5, 4, 14.5], "texture": "#0"}
			}
		},
		{
			"name": "1111",
			"from": [13, 13, 7],
			"to": [20, 19, 7],
			"rotation": {"angle": 0, "axis": "z", "origin": [18, 13, 7]},
			"faces": {
				"north": {"uv": [7.5, 11.5, 4, 14.5], "texture": "#0"},
				"south": {"uv": [4, 11.5, 7.5, 14.5], "texture": "#0"}
			}
		},
		{
			"from": [5, 9, 4.7],
			"to": [12, 17, 4.7],
			"rotation": {"angle": 0, "axis": "y", "origin": [3, 8, 4.7]},
			"faces": {
				"north": {"uv": [0, 0, 3.5, 4], "texture": "#0"}
			}
		}
	],
	"display": {
		"thirdperson_righthand": {
			"rotation": [75, 45, 0],
			"translation": [0, 2.5, 0],
			"scale": [0.375, 0.375, 0.375]
		},
		"thirdperson_lefthand": {
			"rotation": [75, 45, 0],
			"translation": [0, 2.5, 0],
			"scale": [0.375, 0.375, 0.375]
		},
		"firstperson_righthand": {
			"rotation": [0, 145, 0],
			"translation": [0, 2.5, 0],
			"scale": [0.4, 0.4, 0.4]
		},
		"firstperson_lefthand": {
			"rotation": [0, 145, 0],
			"translation": [0, 2.5, 0],
			"scale": [0.4, 0.4, 0.4]
		},
		"ground": {
			"translation": [0, 2, 0],
			"scale": [0.5, 0.5, 0.5]
		},
		"gui": {
			"rotation": [30, 225, 0],
			"translation": [0, -0.5, 0],
			"scale": [0.83, 0.83, 0.83]
		},
		"head": {
			"translation": [0, 14.25, 0]
		},
		"fixed": {
			"scale": [0.5, 0.5, 0.5]
		}
	},
	"groups": [
		{
			"name": "right_wing",
			"origin": [8.5, 5, 9],
			"color": 0,
			"children": []
		},
		{
			"name": "group",
			"origin": [14.5, 2.75, 6],
			"color": 0,
			"children": []
		},
		0,
		1,
		2,
		3,
		4,
		5,
		6,
		7,
		8
	]
}