{
	"credit": "by YSBB",
	"texture_size": [32, 32],
	"textures": {
		"0": "item/block/10034"
	},
	"elements": [
		{
			"name": "head_rotation",
			"from": [2, 8.82944, -1.39234],
			"to": [14, 21.82944, 6.60766],
			"rotation": {"angle": 22.5, "axis": "x", "origin": [8, 15.7813, -4.60359]},
			"faces": {
				"north": {"uv": [7, 6.5, 1, 0], "rotation": 180, "texture": "#0"},
				"east": {"uv": [7.5, 0, 10.5, 6.5], "texture": "#0"},
				"south": {"uv": [13.5, 0, 7.5, 6.5], "texture": "#0"},
				"west": {"uv": [7.5, 0, 10.5, 6.5], "texture": "#0"},
				"up": {"uv": [1, 0, 7, 3], "texture": "#0"},
				"down": {"uv": [1, 0, 7, 3], "rotation": 180, "texture": "#0"}
			}
		},
		{
			"name": "head_rotation",
			"from": [6, 7.82944, -4.39234],
			"to": [10, 13.82944, -1.39234],
			"rotation": {"angle": 22.5, "axis": "x", "origin": [8, 15.7813, -4.60359]},
			"faces": {
				"north": {"uv": [1, 5.5, 0, 3.5], "rotation": 180, "texture": "#0"},
				"east": {"uv": [0, 3.5, 0.5, 5.5], "texture": "#0"},
				"south": {"uv": [1, 3.5, 0, 5.5], "texture": "#0"},
				"west": {"uv": [0.5, 3.5, 1, 5.5], "texture": "#0"},
				"up": {"uv": [1, 3.5, 0, 4.5], "texture": "#0"},
				"down": {"uv": [0, 3.5, 1, 4.5], "rotation": 180, "texture": "#0"}
			}
		},
		{
			"name": "head_rotation",
			"from": [12, 18.93419, -7.34148],
			"to": [14, 21.93419, -3.34148],
			"rotation": {"angle": 22.5, "axis": "x", "origin": [8, 10.93419, -5.84148]},
			"faces": {
				"north": {"uv": [1, 1.5, 0, 0], "rotation": 180, "texture": "#0"},
				"east": {"uv": [0, 0, 1, 2.5], "rotation": 90, "texture": "#0"},
				"south": {"uv": [1, 0, 0, 1.5], "texture": "#0"},
				"west": {"uv": [0, 0, 1, 2.5], "rotation": 270, "texture": "#0"},
				"up": {"uv": [0, 0, 1, 2.5], "texture": "#0"},
				"down": {"uv": [0, 0, 1, 2.5], "rotation": 180, "texture": "#0"}
			}
		},
		{
			"name": "head_rotation",
			"from": [2, 18.93419, -7.34148],
			"to": [4, 21.93419, -3.34148],
			"rotation": {"angle": 22.5, "axis": "x", "origin": [8, 10.93419, -5.84148]},
			"faces": {
				"north": {"uv": [1, 1, 0, 0], "rotation": 180, "texture": "#0"},
				"east": {"uv": [0, 0, 1, 1], "rotation": 90, "texture": "#0"},
				"south": {"uv": [1, 0, 0, 1], "texture": "#0"},
				"west": {"uv": [0, 0, 1, 1], "rotation": 270, "texture": "#0"},
				"up": {"uv": [0, 0, 1, 1], "texture": "#0"},
				"down": {"uv": [0, 0, 1, 1], "rotation": 180, "texture": "#0"}
			}
		},
		{
			"from": [2.25, 15, -2.4],
			"to": [4.75, 17, -2.4],
			"rotation": {"angle": 22.5, "axis": "x", "origin": [1, 15, -13]},
			"faces": {
				"north": {"uv": [0, 2.5, 1, 3.5], "texture": "#0"}
			}
		},
		{
			"from": [11.25, 15, -2.4],
			"to": [13.75, 17, -2.4],
			"rotation": {"angle": 22.5, "axis": "x", "origin": [1, 15, -13]},
			"faces": {
				"north": {"uv": [0, 2.5, 1, 3.5], "texture": "#0"}
			}
		},
		{
			"name": "body",
			"from": [1, 4.28545, 4.06494],
			"to": [15, 15.28545, 17.06494],
			"rotation": {"angle": 45, "axis": "x", "origin": [8, 11.28545, 8.56494]},
			"faces": {
				"north": {"uv": [7.5, 0, 14.5, 5.5], "texture": "#0"},
				"east": {"uv": [8, 9, 2.5, 15.5], "rotation": 90, "texture": "#0"},
				"south": {"uv": [7.5, 0.5, 14.5, 6], "texture": "#0"},
				"west": {"uv": [8, 16, 2.5, 9.5], "rotation": 90, "texture": "#0"},
				"up": {"uv": [16, 9.5, 9, 16], "texture": "#0"},
				"down": {"uv": [14.5, 6.5, 7.5, 0], "texture": "#0"}
			}
		},
		{
			"name": "front_right_leg",
			"from": [10.9, 0, 1.5],
			"to": [14.9, 10, 5.5],
			"rotation": {"angle": 0, "axis": "y", "origin": [8, -6, 10]},
			"faces": {
				"north": {"uv": [0, 8.5, 2, 13.5], "texture": "#0"},
				"east": {"uv": [0, 8.5, 2, 13.5], "texture": "#0"},
				"south": {"uv": [0, 8.5, 2, 13.5], "texture": "#0"},
				"west": {"uv": [0, 8.5, 2, 13.5], "texture": "#0"},
				"down": {"uv": [2, 9, 0, 7], "rotation": 90, "texture": "#0"}
			}
		},
		{
			"name": "front_right_leg",
			"from": [1.1, 0, 1.5],
			"to": [5.1, 10, 5.5],
			"rotation": {"angle": 0, "axis": "y", "origin": [8, -6, 10]},
			"faces": {
				"north": {"uv": [0, 8.5, 2, 13.5], "texture": "#0"},
				"east": {"uv": [0, 8.5, 2, 13.5], "texture": "#0"},
				"south": {"uv": [0, 8.5, 2, 13.5], "texture": "#0"},
				"west": {"uv": [0, 8.5, 2, 13.5], "texture": "#0"},
				"down": {"uv": [2, 9, 0, 7], "rotation": 90, "texture": "#0"}
			}
		},
		{
			"name": "front_right_leg",
			"from": [1.1, 0, 10.5],
			"to": [5.1, 10, 14.5],
			"rotation": {"angle": -22.5, "axis": "x", "origin": [3.1, 5, 12.5]},
			"faces": {
				"north": {"uv": [0, 8.5, 2, 13.5], "texture": "#0"},
				"east": {"uv": [0, 8.5, 2, 13.5], "texture": "#0"},
				"south": {"uv": [0, 8.5, 2, 13.5], "texture": "#0"},
				"west": {"uv": [0, 8.5, 2, 13.5], "texture": "#0"},
				"down": {"uv": [1, 13.5, 0, 12.5], "rotation": 90, "texture": "#0"}
			}
		},
		{
			"name": "front_right_leg",
			"from": [10.8, 0, 10.5],
			"to": [14.8, 10, 14.5],
			"rotation": {"angle": -22.5, "axis": "x", "origin": [3.1, 5, 12.5]},
			"faces": {
				"north": {"uv": [0, 8.5, 2, 13.5], "texture": "#0"},
				"east": {"uv": [0, 8.5, 2, 13.5], "texture": "#0"},
				"south": {"uv": [0, 8.5, 2, 13.5], "texture": "#0"},
				"west": {"uv": [0, 8.5, 2, 13.5], "texture": "#0"},
				"down": {"uv": [1, 13.5, 0, 12.5], "rotation": 90, "texture": "#0"}
			}
		}
	],
	"display": {
		"thirdperson_righthand": {
			"rotation": [75, 45, 0],
			"translation": [0, 2.5, 0],
			"scale": [0.375, 0.375, 0.375]
		},
		"thirdperson_lefthand": {
			"rotation": [75, 45, 0],
			"translation": [0, 2.5, 0],
			"scale": [0.375, 0.375, 0.375]
		},
		"firstperson_righthand": {
			"rotation": [0, 145, 0],
			"translation": [0, 4, 0],
			"scale": [0.4, 0.4, 0.4]
		},
		"firstperson_lefthand": {
			"rotation": [0, 145, 0],
			"translation": [0, 4, 0],
			"scale": [0.4, 0.4, 0.4]
		},
		"ground": {
			"translation": [0, 2, 0],
			"scale": [0.5, 0.5, 0.5]
		},
		"gui": {
			"rotation": [30, 225, 0],
			"translation": [0, 0.25, 0],
			"scale": [0.7, 0.7, 0.7]
		},
		"head": {
			"translation": [0, 13, 0],
			"scale": [0.8, 0.8, 0.8]
		},
		"fixed": {
			"translation": [0, -2, 0]
		}
	},
	"groups": [
		{
			"name": "right_wing",
			"origin": [8.5, 5, 9],
			"color": 0,
			"children": []
		},
		{
			"name": "group",
			"origin": [14.5, 2.75, 6],
			"color": 0,
			"children": []
		},
		0,
		1,
		2,
		3,
		4,
		5,
		6,
		7,
		8,
		9,
		10
	]
}