{
	"credit": "by YSBB",
	"texture_size": [32, 32],
	"textures": {
		"0": "item/block/10032"
	},
	"elements": [
		{
			"from": [4, 9, 4],
			"to": [12, 17, 12],
			"rotation": {"angle": 0, "axis": "y", "origin": [4, 9, 10]},
			"faces": {
				"north": {"uv": [0, 0, 4, 4], "texture": "#0"},
				"east": {"uv": [4.5, 0, 8.5, 4], "texture": "#0"},
				"south": {"uv": [4.5, 0, 8.5, 4], "texture": "#0"},
				"west": {"uv": [4.5, 0, 8.5, 4], "texture": "#0"},
				"up": {"uv": [12, 5, 16, 9], "texture": "#0"},
				"down": {"uv": [13.5, 0, 16, 2.5], "texture": "#0"}
			}
		},
		{
			"from": [6.5, 0.25, 4],
			"to": [9.5, 7.25, 7],
			"rotation": {"angle": -22.5, "axis": "x", "origin": [8, 4.25, 5.5]},
			"faces": {
				"north": {"uv": [9.5, 0, 11, 3.5], "texture": "#0"},
				"east": {"uv": [9.5, 0, 11, 3.5], "texture": "#0"},
				"south": {"uv": [9.5, 0, 11, 3.5], "texture": "#0"},
				"west": {"uv": [9.5, 0, 11, 3.5], "texture": "#0"},
				"up": {"uv": [11.5, 0, 13, 1.5], "texture": "#0"},
				"down": {"uv": [11.5, 2, 13, 3.5], "texture": "#0"}
			}
		},
		{
			"from": [6.5, 0.25, 9],
			"to": [9.5, 7.25, 12],
			"rotation": {"angle": 22.5, "axis": "x", "origin": [8, 4.25, 10.5]},
			"faces": {
				"north": {"uv": [9.5, 0, 11, 3.5], "texture": "#0"},
				"east": {"uv": [9.5, 0, 11, 3.5], "texture": "#0"},
				"south": {"uv": [9.5, 0, 11, 3.5], "texture": "#0"},
				"west": {"uv": [9.5, 0, 11, 3.5], "texture": "#0"},
				"up": {"uv": [11.5, 0, 13, 1.5], "texture": "#0"},
				"down": {"uv": [11.5, 2, 13, 3.5], "texture": "#0"}
			}
		},
		{
			"from": [9, 0.25, 6.5],
			"to": [12, 7.25, 9.5],
			"rotation": {"angle": -22.5, "axis": "z", "origin": [10.5, 4.25, 8]},
			"faces": {
				"north": {"uv": [9.5, 0, 11, 3.5], "texture": "#0"},
				"east": {"uv": [9.5, 0, 11, 3.5], "texture": "#0"},
				"south": {"uv": [9.5, 0, 11, 3.5], "texture": "#0"},
				"west": {"uv": [9.5, 0, 11, 3.5], "texture": "#0"},
				"up": {"uv": [11.5, 0, 13, 1.5], "rotation": 270, "texture": "#0"},
				"down": {"uv": [11.5, 2, 13, 3.5], "rotation": 90, "texture": "#0"}
			}
		},
		{
			"from": [4, 0.25, 6.5],
			"to": [7, 7.25, 9.5],
			"rotation": {"angle": 22.5, "axis": "z", "origin": [5.5, 4.25, 8]},
			"faces": {
				"north": {"uv": [9.5, 0, 11, 3.5], "texture": "#0"},
				"east": {"uv": [9.5, 0, 11, 3.5], "texture": "#0"},
				"south": {"uv": [9.5, 0, 11, 3.5], "texture": "#0"},
				"west": {"uv": [9.5, 0, 11, 3.5], "texture": "#0"},
				"up": {"uv": [11.5, 0, 13, 1.5], "rotation": 270, "texture": "#0"},
				"down": {"uv": [11.5, 2, 13, 3.5], "rotation": 90, "texture": "#0"}
			}
		},
		{
			"from": [4, 0, 4],
			"to": [12, 4, 12],
			"rotation": {"angle": 0, "axis": "y", "origin": [7, 0, 7]},
			"faces": {
				"north": {"uv": [2, 8.5, 6, 10.5], "texture": "#0"},
				"east": {"uv": [2, 8.5, 6, 10.5], "texture": "#0"},
				"south": {"uv": [2, 8.5, 6, 10.5], "texture": "#0"},
				"west": {"uv": [2, 8.5, 6, 10.5], "texture": "#0"}
			}
		},
		{
			"from": [12, 0, 4],
			"to": [4, 4, 12],
			"rotation": {"angle": 0, "axis": "y", "origin": [15, 0, 7]},
			"faces": {
				"north": {"uv": [2, 8.5, 6, 10.5], "texture": "#0"},
				"east": {"uv": [2, 8.5, 6, 10.5], "texture": "#0"},
				"south": {"uv": [2, 8.5, 6, 10.5], "texture": "#0"},
				"west": {"uv": [2, 8.5, 6, 10.5], "texture": "#0"}
			}
		},
		{
			"from": [2, 4, 2],
			"to": [14, 9, 14],
			"rotation": {"angle": 0, "axis": "y", "origin": [8, 6.5, 8]},
			"faces": {
				"north": {"uv": [2, 8.5, 8, 11], "texture": "#0"},
				"east": {"uv": [2, 8.5, 8, 11], "texture": "#0"},
				"south": {"uv": [2, 8.5, 8, 11], "texture": "#0"},
				"west": {"uv": [2, 8.5, 8, 11], "texture": "#0"}
			}
		},
		{
			"from": [14, 4, 2],
			"to": [2, 9, 14],
			"rotation": {"angle": 0, "axis": "y", "origin": [20, 6.5, 8]},
			"faces": {
				"north": {"uv": [2, 8.5, 8, 11], "texture": "#0"},
				"east": {"uv": [2, 8.5, 8, 11], "texture": "#0"},
				"south": {"uv": [2, 8.5, 8, 11], "texture": "#0"},
				"west": {"uv": [2, 8.5, 8, 11], "texture": "#0"}
			}
		},
		{
			"from": [0, 10, 0],
			"to": [16, 12, 16],
			"rotation": {"angle": 0, "axis": "y", "origin": [7, 10, 7]},
			"faces": {
				"north": {"uv": [2, 11.5, 10, 12.5], "texture": "#0"},
				"east": {"uv": [2, 11.5, 10, 12.5], "texture": "#0"},
				"south": {"uv": [2, 11.5, 10, 12.5], "texture": "#0"},
				"west": {"uv": [2, 11.5, 10, 12.5], "texture": "#0"}
			}
		},
		{
			"from": [16, 10, 0],
			"to": [0, 12, 16],
			"rotation": {"angle": 0, "axis": "y", "origin": [23, 10, 7]},
			"faces": {
				"north": {"uv": [2, 11.5, 10, 12.5], "texture": "#0"},
				"east": {"uv": [2, 11.5, 10, 12.5], "texture": "#0"},
				"south": {"uv": [2, 11.5, 10, 12.5], "texture": "#0"},
				"west": {"uv": [2, 11.5, 10, 12.5], "texture": "#0"}
			}
		},
		{
			"from": [4.25, 11.25, 3.9],
			"to": [6.25, 13.25, 3.9],
			"rotation": {"angle": 0, "axis": "y", "origin": [4.25, 11.25, 3.9]},
			"faces": {
				"north": {"uv": [0, 4, 1, 5], "texture": "#0"}
			}
		},
		{
			"from": [9.75, 11.25, 3.9],
			"to": [11.75, 13.25, 3.9],
			"rotation": {"angle": 0, "axis": "y", "origin": [9.75, 11.25, 3.9]},
			"faces": {
				"north": {"uv": [0, 4, 1, 5], "texture": "#0"}
			}
		},
		{
			"from": [4, 17, 6],
			"to": [12, 19, 6],
			"rotation": {"angle": 0, "axis": "y", "origin": [4, 17, 6]},
			"faces": {
				"north": {"uv": [8, 15, 12, 16], "texture": "#0"},
				"east": {"uv": [0, 0, 0, 1], "texture": "#0"},
				"south": {"uv": [8, 15, 12, 16], "texture": "#0"},
				"west": {"uv": [0, 0, 0, 1], "texture": "#0"},
				"up": {"uv": [0, 0, 4, 0], "texture": "#0"},
				"down": {"uv": [0, 0, 4, 0], "texture": "#0"}
			}
		}
	],
	"display": {
		"thirdperson_righthand": {
			"rotation": [75, 45, 0],
			"translation": [0, 2.5, 0],
			"scale": [0.375, 0.375, 0.375]
		},
		"thirdperson_lefthand": {
			"rotation": [75, 45, 0],
			"translation": [0, 2.5, 0],
			"scale": [0.375, 0.375, 0.375]
		},
		"firstperson_righthand": {
			"rotation": [0, 145, 0],
			"translation": [0, 4, 0],
			"scale": [0.4, 0.4, 0.4]
		},
		"firstperson_lefthand": {
			"rotation": [0, 145, 0],
			"translation": [0, 4, 0],
			"scale": [0.4, 0.4, 0.4]
		},
		"ground": {
			"translation": [0, 2, 0],
			"scale": [0.5, 0.5, 0.5]
		},
		"gui": {
			"rotation": [30, 225, 0],
			"translation": [0, -0.25, 0],
			"scale": [0.75, 0.75, 0.75]
		},
		"head": {
			"translation": [0, 13, 0],
			"scale": [0.8, 0.8, 0.8]
		},
		"fixed": {
			"translation": [0, -2, 0]
		}
	},
	"groups": [
		{
			"name": "right_wing",
			"origin": [8.5, 5, 9],
			"color": 0,
			"children": []
		},
		{
			"name": "group",
			"origin": [14.5, 2.75, 6],
			"color": 0,
			"children": []
		},
		0,
		1,
		2,
		3,
		4,
		5,
		6,
		7,
		8,
		9,
		10,
		11,
		12,
		13
	]
}