{
	"credit": "by YSBB",
	"texture_size": [32, 32],
	"textures": {
		"0": "item/block/10030"
	},
	"elements": [
		{
			"name": "left_wing",
			"from": [9.5, 5, 10.5],
			"to": [17.5, 10, 10.5],
			"rotation": {"angle": 22.5, "axis": "z", "origin": [12.5, 5.5, 10.5]},
			"faces": {
				"north": {"uv": [8, 11, 12, 13.5], "texture": "#0"},
				"east": {"uv": [16, 11, 16, 13.5], "texture": "#0"},
				"south": {"uv": [12, 11, 8, 13.5], "texture": "#0"},
				"west": {"uv": [12, 11, 12, 13.5], "texture": "#0"},
				"up": {"uv": [12, 11, 12, 7], "rotation": 270, "texture": "#0"},
				"down": {"uv": [12, 7, 12, 11], "rotation": 90, "texture": "#0"}
			}
		},
		{
			"name": "left_wing",
			"from": [-0.51462, 5.25764, 10.5],
			"to": [7.48538, 10.25764, 10.5],
			"rotation": {"angle": -22.5, "axis": "z", "origin": [3.48538, 7.75764, 10.5]},
			"faces": {
				"north": {"uv": [12, 11, 8, 13.5], "texture": "#0"},
				"east": {"uv": [16, 11, 16, 13.5], "texture": "#0"},
				"south": {"uv": [8, 11, 12, 13.5], "texture": "#0"},
				"west": {"uv": [12, 11, 12, 13.5], "texture": "#0"},
				"up": {"uv": [12, 11, 12, 7], "rotation": 270, "texture": "#0"},
				"down": {"uv": [12, 7, 12, 11], "rotation": 90, "texture": "#0"}
			}
		},
		{
			"from": [5, 8, 5],
			"to": [11, 14, 11],
			"rotation": {"angle": 0, "axis": "y", "origin": [9, 3, 5]},
			"faces": {
				"north": {"uv": [0, 0, 3, 3], "texture": "#0"},
				"east": {"uv": [3.5, 0, 6.5, 3], "texture": "#0"},
				"south": {"uv": [3.5, 0, 6.5, 3], "texture": "#0"},
				"west": {"uv": [3.5, 0, 6.5, 3], "texture": "#0"},
				"up": {"uv": [11.5, 3, 8.5, 0], "texture": "#0"},
				"down": {"uv": [6.5, 0, 3.5, 3], "texture": "#0"}
			}
		},
		{
			"from": [9.4, 9.4, 4.8],
			"to": [10.6, 10.6, 4.8],
			"rotation": {"angle": 0, "axis": "y", "origin": [9, 3, 5]},
			"faces": {
				"north": {"uv": [7, 0, 8, 1], "texture": "#0"}
			}
		},
		{
			"from": [5.4, 9.4, 4.8],
			"to": [6.6, 10.6, 4.8],
			"rotation": {"angle": 0, "axis": "y", "origin": [9, 3, 5]},
			"faces": {
				"north": {"uv": [7, 0, 8, 1], "texture": "#0"}
			}
		},
		{
			"from": [5.5, 4, 7],
			"to": [10.5, 8, 10],
			"rotation": {"angle": 0, "axis": "y", "origin": [9, 3, 5]},
			"faces": {
				"north": {"uv": [0, 6, 2.5, 8], "texture": "#0"},
				"east": {"uv": [0, 6, 1.5, 8], "texture": "#0"},
				"south": {"uv": [1.5, 6, 4, 8], "texture": "#0"},
				"west": {"uv": [2.5, 6, 4, 8], "texture": "#0"},
				"up": {"uv": [7, 4.5, 4.5, 3], "texture": "#0"},
				"down": {"uv": [9.5, 3, 7, 4.5], "texture": "#0"}
			}
		},
		{
			"from": [5.25, 1.75, 6.75],
			"to": [10.75, 6.25, 10.25],
			"rotation": {"angle": 0, "axis": "y", "origin": [9, 3, 5]},
			"faces": {
				"north": {"uv": [0, 9.5, 2.5, 11.5], "texture": "#0"},
				"east": {"uv": [0, 9.5, 1.5, 11.5], "texture": "#0"},
				"south": {"uv": [1.5, 9.5, 4, 11.5], "texture": "#0"},
				"west": {"uv": [2.5, 9.5, 4, 11.5], "texture": "#0"},
				"up": {"uv": [7, 8, 4.5, 6.5], "texture": "#0"},
				"down": {"uv": [9.5, 6.5, 7, 8], "texture": "#0"}
			}
		},
		{
			"from": [10.5, 5, 7.25],
			"to": [12.5, 8, 9.25],
			"rotation": {"angle": 0, "axis": "y", "origin": [9, 3, 5]},
			"faces": {
				"north": {"uv": [1, 6, 2, 7.5], "texture": "#0"},
				"east": {"uv": [0, 6, 1, 7.5], "texture": "#0"},
				"south": {"uv": [3, 6, 4, 7.5], "texture": "#0"},
				"west": {"uv": [2, 6, 3, 7.5], "texture": "#0"},
				"up": {"uv": [2, 6, 1, 5], "texture": "#0"},
				"down": {"uv": [2.5, 5, 1.5, 6], "texture": "#0"}
			}
		},
		{
			"from": [4, 5, 7.25],
			"to": [6, 8, 9.25],
			"rotation": {"angle": 0, "axis": "z", "origin": [4, 8, 8.25]},
			"faces": {
				"north": {"uv": [1, 6.5, 2.5, 7.5], "rotation": 90, "texture": "#0"},
				"east": {"uv": [1.5, 6, 0, 7], "rotation": 270, "texture": "#0"},
				"south": {"uv": [1.5, 6.5, 3, 7.5], "rotation": 270, "texture": "#0"},
				"west": {"uv": [2.5, 6.5, 1, 5.5], "rotation": 270, "texture": "#0"},
				"up": {"uv": [0, 6.5, 1, 7.5], "rotation": 270, "texture": "#0"},
				"down": {"uv": [2.5, 6.5, 3.5, 7.5], "rotation": 270, "texture": "#0"}
			}
		},
		{
			"from": [5, 14, 6],
			"to": [11, 16, 6],
			"rotation": {"angle": 0, "axis": "y", "origin": [5, 14, 6]},
			"faces": {
				"north": {"uv": [12.5, 0, 15.5, 1], "texture": "#0"},
				"east": {"uv": [0, 0, 0, 1], "texture": "#0"},
				"south": {"uv": [12.5, 0, 15.5, 1], "texture": "#0"},
				"west": {"uv": [0, 0, 0, 1], "texture": "#0"},
				"up": {"uv": [0, 0, 3, 0], "texture": "#0"},
				"down": {"uv": [0, 0, 3, 0], "texture": "#0"}
			}
		}
	],
	"display": {
		"thirdperson_righthand": {
			"rotation": [75, 45, 0],
			"translation": [0, 2.5, 0],
			"scale": [0.375, 0.375, 0.375]
		},
		"thirdperson_lefthand": {
			"rotation": [75, 45, 0],
			"translation": [0, 2.5, 0],
			"scale": [0.375, 0.375, 0.375]
		},
		"firstperson_righthand": {
			"rotation": [0, 145, 0],
			"translation": [0, 4, 0],
			"scale": [0.65, 0.65, 0.65]
		},
		"firstperson_lefthand": {
			"rotation": [0, 145, 0],
			"translation": [0, 4, 0],
			"scale": [0.65, 0.65, 0.65]
		},
		"ground": {
			"translation": [0, 2, 0],
			"scale": [0.5, 0.5, 0.5]
		},
		"gui": {
			"rotation": [30, 225, 0],
			"translation": [0.75, -0.5, 0],
			"scale": [1.05, 1.05, 1.05]
		},
		"head": {
			"translation": [0, 13.75, 0]
		},
		"fixed": {
			"translation": [0, 0, -3.25]
		}
	},
	"groups": [
		{
			"name": "left_wing",
			"origin": [7.5, 5, 9],
			"color": 0,
			"children": [
				{
					"name": "left_wing",
					"origin": [3.5, 2.5, 5.5],
					"color": 0,
					"children": [0]
				},
				{
					"name": "left_wing",
					"origin": [3.5, 2.5, 5.5],
					"color": 0,
					"children": [1]
				}
			]
		},
		{
			"name": "right_wing",
			"origin": [8.5, 5, 9],
			"color": 0,
			"children": []
		},
		2,
		3,
		4,
		5,
		6,
		7,
		8,
		9
	]
}