{
	"credit": "Made by YSBB with Blockbench",
	"textures": {
		"1": "item/block/102",
		"particle": "item/block/102"
	},
	"elements": [
		{
			"from": [6, 18, 5.5],
			"to": [10, 20, 9.5],
			"rotation": {"angle": 0, "axis": "y", "origin": [7, 10, 9.5]},
			"faces": {
				"north": {"uv": [9, 14, 13, 16], "texture": "#1"},
				"east": {"uv": [9, 14, 14, 16], "texture": "#1"},
				"south": {"uv": [9, 14, 13, 16], "texture": "#1"},
				"west": {"uv": [9, 14, 14, 16], "texture": "#1"},
				"up": {"uv": [5, 7, 9, 12], "texture": "#1"},
				"down": {"uv": [5, 13, 8, 16], "texture": "#1"}
			}
		},
		{
			"from": [5, 16, 4.5],
			"to": [11, 18, 10.5],
			"rotation": {"angle": 0, "axis": "y", "origin": [7, 8, 9.5]},
			"faces": {
				"north": {"uv": [9, 14, 13, 16], "texture": "#1"},
				"east": {"uv": [9, 14, 14, 16], "texture": "#1"},
				"south": {"uv": [9, 14, 13, 16], "texture": "#1"},
				"west": {"uv": [9, 14, 14, 16], "texture": "#1"},
				"up": {"uv": [5, 7, 9, 12], "texture": "#1"},
				"down": {"uv": [5, 13, 8, 16], "texture": "#1"}
			}
		},
		{
			"from": [13.5, -1, 6.75],
			"to": [15, 18, 8.25],
			"rotation": {"angle": 22.5, "axis": "z", "origin": [14, 7, 8.5]},
			"faces": {
				"north": {"uv": [14, 1, 16, 16], "texture": "#1"},
				"east": {"uv": [14, 1, 16, 16], "texture": "#1"},
				"south": {"uv": [14, 1, 16, 16], "texture": "#1"},
				"west": {"uv": [14, 1, 16, 16], "texture": "#1"},
				"down": {"uv": [14, 14, 16, 16], "texture": "#1"}
			}
		},
		{
			"from": [7.25, -1.17075, 11.85842],
			"to": [8.75, 17.82925, 13.35842],
			"rotation": {"angle": -22.5, "axis": "x", "origin": [8, 10, 12.60842]},
			"faces": {
				"north": {"uv": [14, 1, 16, 16], "texture": "#1"},
				"east": {"uv": [14, 1, 16, 16], "texture": "#1"},
				"south": {"uv": [14, 1, 16, 16], "texture": "#1"},
				"west": {"uv": [14, 1, 16, 16], "texture": "#1"},
				"down": {"uv": [14, 14, 16, 16], "texture": "#1"}
			}
		},
		{
			"from": [7.25, -1, 1],
			"to": [8.75, 18, 2.5],
			"rotation": {"angle": 22.5, "axis": "x", "origin": [8, 8.5, 2]},
			"faces": {
				"north": {"uv": [14, 1, 16, 16], "texture": "#1"},
				"east": {"uv": [14, 1, 16, 16], "texture": "#1"},
				"south": {"uv": [14, 1, 16, 16], "texture": "#1"},
				"west": {"uv": [14, 1, 16, 16], "texture": "#1"},
				"down": {"uv": [14, 14, 16, 16], "texture": "#1"}
			}
		},
		{
			"from": [1, -1, 6.75],
			"to": [2.5, 18, 8.25],
			"rotation": {"angle": -22.5, "axis": "z", "origin": [2, 7, 8.5]},
			"faces": {
				"north": {"uv": [14, 1, 16, 16], "texture": "#1"},
				"east": {"uv": [14, 1, 16, 16], "texture": "#1"},
				"south": {"uv": [14, 1, 16, 16], "texture": "#1"},
				"west": {"uv": [14, 1, 16, 16], "texture": "#1"},
				"down": {"uv": [14, 14, 16, 16], "texture": "#1"}
			}
		},
		{
			"from": [6, 21.21822, 0.69395],
			"to": [10, 25.21822, 8.69395],
			"rotation": {"angle": 22.5, "axis": "x", "origin": [8, 23.21822, 8.94395]},
			"faces": {
				"north": {"uv": [10, 1, 6, 5], "texture": "#1"},
				"east": {"uv": [5, 13, 9, 6], "rotation": 90, "texture": "#1"},
				"south": {"uv": [0, 2, 3, 3], "texture": "#1"},
				"west": {"uv": [9, 6, 5, 13], "rotation": 90, "texture": "#1"},
				"up": {"uv": [5, 6, 9, 13], "rotation": 180, "texture": "#1"},
				"down": {"uv": [5, 13, 9, 6], "rotation": 180, "texture": "#1"}
			}
		},
		{
			"from": [6.5, 21.71822, 8.69395],
			"to": [9.5, 24.71822, 17.69395],
			"rotation": {"angle": 22.5, "axis": "x", "origin": [8, 23.21822, 8.94395]},
			"faces": {
				"east": {"uv": [0, 8, 3, 2], "rotation": 90, "texture": "#1"},
				"south": {"uv": [0, 13, 3, 16], "texture": "#1"},
				"west": {"uv": [3, 2, 0, 8], "rotation": 90, "texture": "#1"},
				"up": {"uv": [0, 2, 3, 8], "rotation": 180, "texture": "#1"},
				"down": {"uv": [0, 8, 3, 2], "rotation": 180, "texture": "#1"}
			}
		},
		{
			"from": [7, 20, 6.5],
			"to": [9, 22.75, 8.5],
			"rotation": {"angle": 0, "axis": "y", "origin": [7, 15, 7.5]},
			"faces": {
				"north": {"uv": [14, 4, 16, 6], "texture": "#1"},
				"east": {"uv": [14, 4, 16, 6], "texture": "#1"},
				"south": {"uv": [14, 4, 16, 6], "texture": "#1"},
				"west": {"uv": [14, 4, 16, 6], "texture": "#1"},
				"up": {"uv": [6, 9, 8, 11], "texture": "#1"}
			}
		},
		{
			"from": [0.75, 3.5, 7],
			"to": [15, 5.5, 8],
			"rotation": {"angle": 0, "axis": "y", "origin": [3, 3.5, 6.5]},
			"faces": {
				"north": {"uv": [5, 14, 16, 16], "texture": "#1"},
				"south": {"uv": [5, 14, 16, 16], "texture": "#1"},
				"up": {"uv": [5, 14, 16, 15.5], "texture": "#1"},
				"down": {"uv": [5, 14, 16, 15.5], "texture": "#1"}
			}
		},
		{
			"from": [7.5, 3.45, 0],
			"to": [8.5, 5.45, 15],
			"rotation": {"angle": 0, "axis": "x", "origin": [8, 4.51724, 11.19527]},
			"faces": {
				"east": {"uv": [7, 14, 15, 16], "texture": "#1"},
				"west": {"uv": [8, 14, 16, 16], "texture": "#1"},
				"up": {"uv": [8, 14, 16, 15], "rotation": 90, "texture": "#1"},
				"down": {"uv": [8, 15, 16, 16], "rotation": 90, "texture": "#1"}
			}
		}
	],
	"display": {
		"thirdperson_righthand": {
			"rotation": [75, 45, 0],
			"translation": [0, 2.5, 0],
			"scale": [0.375, 0.375, 0.375]
		},
		"thirdperson_lefthand": {
			"rotation": [75, 45, 0],
			"translation": [0, 2.5, 0],
			"scale": [0.375, 0.375, 0.375]
		},
		"firstperson_righthand": {
			"rotation": [0, 110, 0],
			"scale": [0.4, 0.4, 0.4]
		},
		"firstperson_lefthand": {
			"rotation": [0, 110, 0],
			"scale": [0.4, 0.4, 0.4]
		},
		"ground": {
			"translation": [0, 2, 0],
			"scale": [0.5, 0.5, 0.5]
		},
		"gui": {
			"rotation": [30, 225, 0],
			"translation": [0, -1.25, 0],
			"scale": [0.625, 0.625, 0.625]
		},
		"head": {
			"rotation": [0, 180, 0],
			"translation": [0, 13, -0.25]
		},
		"fixed": {
			"rotation": [0, 90, 0],
			"translation": [0, -3, 0],
			"scale": [0.64, 0.64, 0.64]
		}
	},
	"groups": [
		{
			"name": "group",
			"origin": [0, 0, 0],
			"color": 0,
			"children": [0, 1, 2, 3, 4, 5, 6, 7, 8, 9, 10]
		}
	]
}