{
	"credit": "Made by YSBB with Blockbench",
	"texture_size": [32, 32],
	"textures": {
		"4": "item/block/103",
		"particle": "item/block/103"
	},
	"elements": [
		{
			"from": [11.505, -0.98975, 9.31963],
			"to": [13.495, 12.00025, 11.30963],
			"rotation": {"angle": -22.5, "axis": "x", "origin": [12.5, 5.50525, 10.31463]},
			"faces": {
				"north": {"uv": [13.5, 9.505, 14.495, 16], "texture": "#4"},
				"east": {"uv": [13.5, 5.005, 14.495, 11.5], "texture": "#4"},
				"south": {"uv": [13.5, 5.005, 14.495, 11.5], "texture": "#4"},
				"west": {"uv": [13.5, 5.005, 14.495, 11.5], "texture": "#4"},
				"down": {"uv": [13.5, 8, 14.5, 9], "texture": "#4"}
			}
		},
		{
			"from": [11.5, -1.43015, 5.92293],
			"to": [13.5, 20.56985, 7.92293],
			"rotation": {"angle": 22.5, "axis": "x", "origin": [12.5, 9.56985, 6.92293]},
			"faces": {
				"north": {"uv": [13.5, 5, 14.5, 16], "texture": "#4"},
				"east": {"uv": [13.5, 5, 14.5, 16], "texture": "#4"},
				"south": {"uv": [13.5, 5, 14.5, 16], "texture": "#4"},
				"west": {"uv": [13.5, 5, 14.5, 16], "texture": "#4"},
				"up": {"uv": [14.5, 5, 13.5, 6], "texture": "#4"},
				"down": {"uv": [13.5, 8, 14.5, 9], "texture": "#4"}
			}
		},
		{
			"from": [2.505, -0.98975, 9.31963],
			"to": [4.495, 12.00025, 11.30963],
			"rotation": {"angle": -22.5, "axis": "x", "origin": [3.5, 5.50525, 10.31463]},
			"faces": {
				"north": {"uv": [13.5, 9.505, 14.495, 16], "texture": "#4"},
				"east": {"uv": [13.5, 5.005, 14.495, 11.5], "texture": "#4"},
				"south": {"uv": [13.5, 5.005, 14.495, 11.5], "texture": "#4"},
				"west": {"uv": [13.5, 5.005, 14.495, 11.5], "texture": "#4"},
				"down": {"uv": [13.5, 8, 14.5, 9], "texture": "#4"}
			}
		},
		{
			"from": [2.5, -1.43015, 5.92293],
			"to": [4.5, 20.56985, 7.92293],
			"rotation": {"angle": 22.5, "axis": "x", "origin": [3.5, 9.56985, 6.92293]},
			"faces": {
				"north": {"uv": [13.5, 5, 14.5, 16], "texture": "#4"},
				"east": {"uv": [13.5, 5, 14.5, 16], "texture": "#4"},
				"south": {"uv": [13.5, 5, 14.5, 16], "texture": "#4"},
				"west": {"uv": [13.5, 5, 14.5, 16], "texture": "#4"},
				"up": {"uv": [14.5, 5, 13.5, 6], "texture": "#4"},
				"down": {"uv": [13.5, 8, 14.5, 9], "texture": "#4"}
			}
		},
		{
			"from": [1.5, 4, 2.3],
			"to": [14.5, 6, 13.3],
			"rotation": {"angle": 0, "axis": "y", "origin": [8.5, 13.25, 8.96538]},
			"faces": {
				"north": {"uv": [6.5, 8, 13, 9], "texture": "#4"},
				"east": {"uv": [6.5, 8, 12, 9], "texture": "#4"},
				"south": {"uv": [6.5, 8, 13, 9], "texture": "#4"},
				"west": {"uv": [6.5, 9, 12, 10], "texture": "#4"},
				"up": {"uv": [6.5, 8, 13, 13.5], "texture": "#4"},
				"down": {"uv": [6.5, 8, 13, 13.5], "texture": "#4"}
			}
		},
		{
			"from": [2, 5.7724, 5.84486],
			"to": [14, 21.7724, 7.59486],
			"rotation": {"angle": 22.5, "axis": "x", "origin": [8, 13.7724, 6.71986]},
			"faces": {
				"north": {"uv": [0, 0, 6, 8], "texture": "#4"},
				"east": {"uv": [0, 0, 0.875, 8], "texture": "#4"},
				"south": {"uv": [0.5, 0, 0, 8], "texture": "#4"},
				"west": {"uv": [0, 0, 0.875, 8], "texture": "#4"},
				"up": {"uv": [0, 0, 6, 0.875], "rotation": 180, "texture": "#4"},
				"down": {"uv": [0, 0, 6, 0.875], "rotation": 180, "texture": "#4"}
			}
		}
	],
	"display": {
		"thirdperson_righthand": {
			"rotation": [75, 45, 0],
			"translation": [0, 2.5, 0],
			"scale": [0.375, 0.375, 0.375]
		},
		"thirdperson_lefthand": {
			"rotation": [75, 45, 0],
			"translation": [0, 2.5, 0],
			"scale": [0.375, 0.375, 0.375]
		},
		"firstperson_righthand": {
			"rotation": [-20, 90, 0],
			"translation": [0, 3, 0],
			"scale": [0.4, 0.4, 0.4]
		},
		"firstperson_lefthand": {
			"rotation": [-20, 90, 0],
			"translation": [0, 3, 0],
			"scale": [0.4, 0.4, 0.4]
		},
		"ground": {
			"translation": [0, 2, 0],
			"scale": [0.5, 0.5, 0.5]
		},
		"gui": {
			"rotation": [30, 135, 0],
			"translation": [0.75, -0.25, 0],
			"scale": [0.75, 0.75, 0.75]
		},
		"head": {
			"translation": [0, 14.25, 0]
		},
		"fixed": {
			"rotation": [-90, 0, 0],
			"translation": [0, 0, -14],
			"scale": [2, 2, 2]
		}
	},
	"groups": [
		{
			"name": "bone",
			"origin": [6.825, 15.52022, 6.43812],
			"color": 0,
			"children": [
				{
					"name": "group",
					"origin": [5.7, 10.34149, 7.47488],
					"color": 0,
					"children": [0, 1, 2, 3, 4, 5]
				}
			]
		}
	]
}