{
	"credit": "Made by YSBB with Blockbench",
	"texture_size": [32, 32],
	"textures": {
		"0": "item/block/106",
		"particle": "item/block/106"
	},
	"elements": [
		{
			"from": [4, 1, 3.5],
			"to": [11.5, 3, 12.5],
			"faces": {
				"north": {"uv": [0, 6, 1, 9.75], "rotation": 90, "texture": "#0"},
				"east": {"uv": [0, 5.5, 1, 10.5], "rotation": 90, "texture": "#0"},
				"south": {"uv": [0, 3, 1, 6.75], "rotation": 90, "texture": "#0"}
			}
		},
		{
			"from": [4, 3, 3],
			"to": [12, 4, 13],
			"faces": {
				"north": {"uv": [16, 5, 12, 5.5], "texture": "#0"},
				"east": {"uv": [15.5, 5, 16, 10], "rotation": 90, "texture": "#0"},
				"south": {"uv": [12, 9.5, 16, 10], "texture": "#0"},
				"up": {"uv": [12, 5, 16, 10], "texture": "#0"},
				"down": {"uv": [12, 5, 16, 10], "texture": "#0"}
			}
		},
		{
			"from": [3, 1, 3],
			"to": [4, 3, 13],
			"faces": {
				"north": {"uv": [10.5, 9.5, 10, 10], "rotation": 90, "texture": "#0"},
				"east": {"uv": [10, 9.5, 10.5, 10], "texture": "#0"},
				"south": {"uv": [10.5, 9.5, 10, 10], "rotation": 90, "texture": "#0"},
				"west": {"uv": [10.5, 5, 9.5, 10], "rotation": 90, "texture": "#0"}
			}
		},
		{
			"from": [4, 0, 3],
			"to": [12, 1, 13],
			"faces": {
				"north": {"uv": [16, 5, 12, 5.5], "texture": "#0"},
				"east": {"uv": [15.5, 5, 16, 10], "rotation": 90, "texture": "#0"},
				"south": {"uv": [12, 9.5, 16, 10], "texture": "#0"},
				"up": {"uv": [12, 5, 16, 10], "texture": "#0"},
				"down": {"uv": [12, 5, 16, 10], "texture": "#0"}
			}
		},
		{
			"from": [3, 3, 3],
			"to": [4, 4, 13],
			"faces": {
				"north": {"uv": [10, 9.5, 10.5, 10], "texture": "#0"},
				"south": {"uv": [11, 5, 11.5, 5.5], "texture": "#0"},
				"west": {"uv": [11, 5, 11.5, 10], "rotation": 90, "texture": "#0"},
				"up": {"uv": [9.5, 10, 10, 5], "texture": "#0"}
			}
		},
		{
			"from": [3, 0, 3],
			"to": [4, 1, 13],
			"faces": {
				"north": {"uv": [9.5, 5, 10, 5.5], "texture": "#0"},
				"south": {"uv": [9.5, 5, 10, 5.5], "texture": "#0"},
				"west": {"uv": [9.5, 5, 10, 10], "rotation": 90, "texture": "#0"},
				"down": {"uv": [9.5, 5, 10, 10], "texture": "#0"}
			}
		}
	],
	"display": {
		"thirdperson_righthand": {
			"rotation": [65, 0, 0],
			"translation": [0, 3, 1],
			"scale": [0.55, 0.55, 0.55]
		},
		"thirdperson_lefthand": {
			"rotation": [64, 0, 0],
			"translation": [0, 3, 1],
			"scale": [0.55, 0.55, 0.55]
		},
		"firstperson_righthand": {
			"rotation": [70, 0, 0],
			"translation": [3.13, 3.2, 1.13],
			"scale": [0.68, 0.68, 0.68]
		},
		"firstperson_lefthand": {
			"rotation": [70, 0, 0],
			"translation": [3.13, 3.2, 1.13],
			"scale": [0.68, 0.68, 0.68]
		},
		"ground": {
			"translation": [0, 2, 0],
			"scale": [0.5, 0.5, 0.5]
		},
		"gui": {
			"rotation": [30, 225, 0],
			"translation": [0.75, 4.75, 0]
		},
		"head": {
			"rotation": [0, 180, 0],
			"translation": [0.5, 15.25, -0.25]
		},
		"fixed": {
			"rotation": [90, 180, 0],
			"translation": [0, 0, 10],
			"scale": [2, 2, 2]
		}
	},
	"groups": [
		{
			"name": "hui",
			"origin": [0, 0, 0],
			"color": 0,
			"children": [0, 1, 2, 3, 4, 5]
		}
	]
}