{
	"credit": "Made by YSBB with Blockbench",
	"texture_size": [32, 32],
	"textures": {
		"1": "item/block/112",
		"particle": "item/block/112"
	},
	"elements": [
		{
			"from": [8.5, 5, 4.6],
			"to": [11.5, 14, 5.6],
			"rotation": {"angle": 0, "axis": "y", "origin": [0.5, -2, -0.4]},
			"faces": {
				"north": {"uv": [4.5, 3.5, 6, 8], "texture": "#1"},
				"east": {"uv": [4.5, 3.5, 5, 8], "texture": "#1"},
				"south": {"uv": [4.5, 3.5, 6, 8], "texture": "#1"},
				"west": {"uv": [4.5, 3.5, 5, 8], "texture": "#1"},
				"up": {"uv": [4.5, 3.5, 6, 4], "texture": "#1"}
			}
		},
		{
			"from": [8.5, 5, 7.6],
			"to": [11.5, 14, 8.6],
			"rotation": {"angle": -22.5, "axis": "z", "origin": [10, 9.5, 8.1]},
			"faces": {
				"north": {"uv": [4.5, 3.5, 6, 8], "texture": "#1"},
				"east": {"uv": [4.5, 3.5, 5, 8], "texture": "#1"},
				"south": {"uv": [4.5, 3.5, 6, 8], "texture": "#1"},
				"west": {"uv": [4.5, 3.5, 5, 8], "texture": "#1"},
				"up": {"uv": [4.5, 3.5, 6, 4], "texture": "#1"}
			}
		},
		{
			"from": [5, 6, 5.6],
			"to": [8, 15, 6.6],
			"rotation": {"angle": -22.5, "axis": "y", "origin": [7, 11.5, 8.1]},
			"faces": {
				"north": {"uv": [4.5, 3.5, 6, 8], "texture": "#1"},
				"east": {"uv": [4.5, 3.5, 5, 8], "texture": "#1"},
				"south": {"uv": [4.5, 3.5, 6, 8], "texture": "#1"},
				"west": {"uv": [4.5, 3.5, 5, 8], "texture": "#1"},
				"up": {"uv": [4.5, 3.5, 6, 4], "texture": "#1"}
			}
		},
		{
			"from": [8.25, 6, 10.11777],
			"to": [11.25, 15, 11.11777],
			"rotation": {"angle": 22.5, "axis": "y", "origin": [10, 10.5, 9.86777]},
			"faces": {
				"north": {"uv": [4.5, 3.5, 6, 8], "rotation": 180, "texture": "#1"},
				"east": {"uv": [4.5, 3.5, 5, 8], "rotation": 180, "texture": "#1"},
				"south": {"uv": [4.5, 3.5, 6, 8], "rotation": 180, "texture": "#1"},
				"west": {"uv": [4.5, 3.5, 5, 8], "rotation": 180, "texture": "#1"},
				"up": {"uv": [4.5, 3.5, 6, 4], "texture": "#1"}
			}
		},
		{
			"from": [6.67157, 5, 7.01421],
			"to": [7.67157, 14, 10.01421],
			"rotation": {"angle": 22.5, "axis": "y", "origin": [7.17157, 10.5, 9.51421]},
			"faces": {
				"north": {"uv": [4.5, 3.5, 5, 8], "rotation": 180, "texture": "#1"},
				"east": {"uv": [4.5, 3.5, 6, 8], "rotation": 180, "texture": "#1"},
				"south": {"uv": [4.5, 3.5, 5, 8], "rotation": 180, "texture": "#1"},
				"west": {"uv": [4.5, 3.5, 6, 8], "rotation": 180, "texture": "#1"},
				"up": {"uv": [4.5, 3.5, 6, 4], "rotation": 270, "texture": "#1"},
				"down": {"uv": [9, 7, 10.5, 7.5], "rotation": 90, "texture": "#1"}
			}
		},
		{
			"from": [4.5, 5, 3.6],
			"to": [5.5, 14, 6.6],
			"rotation": {"angle": -22.5, "axis": "x", "origin": [9, 11.5, 5.1]},
			"faces": {
				"north": {"uv": [4.5, 3.5, 5, 8], "texture": "#1"},
				"east": {"uv": [4.5, 3.5, 6, 8], "texture": "#1"},
				"south": {"uv": [4.5, 3.5, 5, 8], "texture": "#1"},
				"west": {"uv": [4.5, 3.5, 6, 8], "texture": "#1"},
				"up": {"uv": [4.5, 3.5, 6, 4], "rotation": 270, "texture": "#1"}
			}
		},
		{
			"from": [4.5, 8, 12.6],
			"to": [7.5, 17, 13.6],
			"rotation": {"angle": 22.5, "axis": "x", "origin": [5, 15.5, 6.1]},
			"faces": {
				"north": {"uv": [6.5, 3.5, 8, 8], "texture": "#1"},
				"east": {"uv": [6.5, 3.5, 7, 8], "texture": "#1"},
				"south": {"uv": [6.5, 3.5, 8, 8], "texture": "#1"},
				"west": {"uv": [6.5, 3.5, 7, 8], "texture": "#1"},
				"up": {"uv": [6.5, 3.5, 8, 4], "texture": "#1"}
			}
		},
		{
			"from": [3.5, 0, 3.5],
			"to": [12.5, 7, 12.5],
			"rotation": {"angle": 0, "axis": "y", "origin": [-0.5, 0, 0.5]},
			"faces": {
				"north": {"uv": [0, 4.5, 4.5, 8], "texture": "#1"},
				"east": {"uv": [0, 4.5, 4.5, 8], "texture": "#1"},
				"south": {"uv": [0, 4.5, 4.5, 8], "texture": "#1"},
				"west": {"uv": [0, 4.5, 4.5, 8], "texture": "#1"},
				"down": {"uv": [0, 0, 4.5, 4.5], "texture": "#1"}
			}
		},
		{
			"from": [2.5, 7, 2.5],
			"to": [13.5, 9, 13.5],
			"rotation": {"angle": 0, "axis": "y", "origin": [-0.5, 0, 0.5]},
			"faces": {
				"north": {"uv": [0, 0, 5.5, 1], "texture": "#1"},
				"east": {"uv": [0, 0, 5.5, 1], "texture": "#1"},
				"south": {"uv": [0, 0, 5.5, 1], "texture": "#1"},
				"west": {"uv": [0, 0, 5.5, 1], "texture": "#1"},
				"up": {"uv": [10, 0, 15.5, 5.5], "texture": "#1"},
				"down": {"uv": [10, 0, 15.5, 5.5], "texture": "#1"}
			}
		},
		{
			"from": [4.5, 9, 4.5],
			"to": [11.5, 7, 11.5],
			"rotation": {"angle": 0, "axis": "y", "origin": [-0.5, 0, 0.5]},
			"faces": {
				"north": {"uv": [0, 0, 3.5, 1], "texture": "#1"},
				"east": {"uv": [0, 0, 3.5, 1], "texture": "#1"},
				"south": {"uv": [0, 0, 3.5, 1], "texture": "#1"},
				"west": {"uv": [0, 0, 3.5, 1], "texture": "#1"},
				"up": {"uv": [1.5, 11, 5, 14.5], "texture": "#1"}
			}
		}
	],
	"display": {
		"thirdperson_righthand": {
			"rotation": [75, 45, 0],
			"translation": [0, 2.5, 0],
			"scale": [0.375, 0.375, 0.375]
		},
		"thirdperson_lefthand": {
			"rotation": [75, 45, 0],
			"translation": [0, 2.5, 0],
			"scale": [0.375, 0.375, 0.375]
		},
		"firstperson_righthand": {
			"rotation": [0, -90, 25],
			"translation": [1.13, 3.2, 1.13],
			"scale": [0.68, 0.68, 0.68]
		},
		"firstperson_lefthand": {
			"rotation": [0, -90, 25],
			"translation": [1.13, 3.2, 1.13],
			"scale": [0.68, 0.68, 0.68]
		},
		"ground": {
			"translation": [0, 2, 0],
			"scale": [0.5, 0.5, 0.5]
		},
		"gui": {
			"rotation": [30, 225, 0],
			"translation": [0, 0.25, 0],
			"scale": [0.8, 0.8, 0.8]
		},
		"head": {
			"rotation": [0, 180, 0],
			"translation": [0, 13, 7]
		},
		"fixed": {
			"rotation": [0, 180, 0]
		}
	},
	"groups": [
		{
			"name": "group",
			"origin": [0.5, -2, -14.5],
			"color": 0,
			"children": [0, 1, 2, 3, 4, 5, 6, 7, 8, 9]
		}
	]
}