{
	"credit": "Made by YSBB with Blockbench",
	"textures": {
		"7": "item/block/113"
	},
	"elements": [
		{
			"from": [5, 4, 7],
			"to": [11, 12, 9],
			"rotation": {"angle": 0, "axis": "y", "origin": [8, 4.5, 8]},
			"faces": {
				"north": {"uv": [10, 0, 16, 8], "texture": "#7"},
				"east": {"uv": [10, 0, 12, 8], "texture": "#7"},
				"south": {"uv": [10, 0, 16, 8], "texture": "#7"},
				"west": {"uv": [10, 0, 12, 8], "texture": "#7"},
				"up": {"uv": [10, 0, 12, 6], "rotation": 270, "texture": "#7"},
				"down": {"uv": [10, 0, 12, 6], "rotation": 90, "texture": "#7"}
			}
		},
		{
			"from": [7, 12, 7],
			"to": [9, 14, 9],
			"rotation": {"angle": 0, "axis": "y", "origin": [8, 4.5, 8]},
			"faces": {
				"north": {"uv": [12, 9, 14, 11], "texture": "#7"},
				"east": {"uv": [12, 9, 14, 11], "texture": "#7"},
				"south": {"uv": [12, 9, 14, 11], "texture": "#7"},
				"west": {"uv": [12, 9, 14, 11], "texture": "#7"},
				"up": {"uv": [12, 9, 14, 11], "rotation": 270, "texture": "#7"}
			}
		},
		{
			"from": [7, 15, 7],
			"to": [9, 17, 9],
			"rotation": {"angle": 0, "axis": "y", "origin": [8, 4.5, 8]},
			"faces": {
				"north": {"uv": [12, 9, 14, 11], "texture": "#7"},
				"east": {"uv": [12, 9, 14, 11], "texture": "#7"},
				"south": {"uv": [12, 9, 14, 11], "texture": "#7"},
				"west": {"uv": [12, 9, 14, 11], "texture": "#7"},
				"up": {"uv": [12, 9, 14, 11], "rotation": 270, "texture": "#7"},
				"down": {"uv": [12, 9, 14, 11], "rotation": 90, "texture": "#7"}
			}
		},
		{
			"from": [7, 2, 7],
			"to": [9, 4, 9],
			"rotation": {"angle": 0, "axis": "y", "origin": [8, 4.5, 8]},
			"faces": {
				"north": {"uv": [12, 9, 14, 11], "texture": "#7"},
				"east": {"uv": [12, 9, 14, 11], "texture": "#7"},
				"south": {"uv": [12, 9, 14, 11], "texture": "#7"},
				"west": {"uv": [12, 9, 14, 11], "texture": "#7"},
				"down": {"uv": [12, 9, 14, 11], "rotation": 90, "texture": "#7"}
			}
		},
		{
			"from": [6, -16, 8],
			"to": [10, 2, 8],
			"rotation": {"angle": 0, "axis": "y", "origin": [8, 4.5, 8]},
			"faces": {
				"north": {"uv": [5, 0, 9, 16], "texture": "#7"},
				"south": {"uv": [5, 0, 9, 16], "texture": "#7"}
			}
		}
	],
	"display": {
		"thirdperson_righthand": {
			"translation": [0, 3, 1],
			"scale": [0.55, 0.55, 0.55]
		},
		"thirdperson_lefthand": {
			"translation": [0, 3, 1],
			"scale": [0.55, 0.55, 0.55]
		},
		"firstperson_righthand": {
			"rotation": [0, -90, 25],
			"translation": [1.13, 3.2, 1.13],
			"scale": [0.68, 0.68, 0.68]
		},
		"firstperson_lefthand": {
			"rotation": [0, -90, 25],
			"translation": [1.13, 3.2, 1.13],
			"scale": [0.68, 0.68, 0.68]
		},
		"ground": {
			"translation": [0, 2, 0],
			"scale": [0.5, 0.5, 0.5]
		},
		"gui": {
			"rotation": [30, 225, 0],
			"translation": [0, 2.25, 0],
			"scale": [0.625, 0.625, 0.625]
		},
		"head": {
			"rotation": [0, 180, 0],
			"translation": [0, 13, 7]
		},
		"fixed": {
			"rotation": [90, 0, 0],
			"translation": [0, 0, -16],
			"scale": [2, 2, 2]
		}
	}
}