{
	"credit": "Made with Blockbench",
	"texture_size": [32, 32],
	"textures": {
		"1": "item/block/115"
	},
	"elements": [
		{
			"from": [2, 0, 2],
			"to": [13, 2, 13],
			"rotation": {"angle": 0, "axis": "y", "origin": [7.5, 1, 7.5]},
			"faces": {
				"north": {"uv": [0, 9, 5.5, 10], "texture": "#1"},
				"east": {"uv": [0, 9, 5.5, 10], "texture": "#1"},
				"south": {"uv": [0, 9, 5.5, 10], "texture": "#1"},
				"west": {"uv": [0, 9, 5.5, 10], "texture": "#1"},
				"up": {"uv": [0, 10.5, 5.5, 16], "texture": "#1"},
				"down": {"uv": [0, 10.5, 5.5, 16], "texture": "#1"}
			}
		},
		{
			"from": [4, 2, 4],
			"to": [11, 7, 11],
			"rotation": {"angle": 0, "axis": "y", "origin": [7.5, 4.5, 7.5]},
			"faces": {
				"north": {"uv": [6, 13, 9.5, 15.5], "texture": "#1"},
				"east": {"uv": [6, 13, 9.5, 15.5], "texture": "#1"},
				"south": {"uv": [6, 13, 9.5, 15.5], "texture": "#1"},
				"west": {"uv": [6, 13, 9.5, 15.5], "texture": "#1"},
				"up": {"uv": [6, 9, 9.5, 12.5], "texture": "#1"}
			}
		},
		{
			"from": [5, 7, 5],
			"to": [10, 12, 10],
			"faces": {
				"north": {"uv": [10, 9, 12.5, 11.5], "texture": "#1"},
				"east": {"uv": [10, 9, 12.5, 11.5], "texture": "#1"},
				"south": {"uv": [10, 9, 12.5, 11.5], "texture": "#1"},
				"west": {"uv": [10, 9, 12.5, 11.5], "texture": "#1"},
				"up": {"uv": [10, 12, 12.5, 14.5], "texture": "#1"}
			}
		}
	],
	"display": {
		"thirdperson_righthand": {
			"rotation": [75, 45, 0],
			"translation": [0, 2.5, 0],
			"scale": [0.6, 0.6, 0.6]
		},
		"thirdperson_lefthand": {
			"rotation": [75, 45, 0],
			"translation": [0, 2.5, 0],
			"scale": [0.6, 0.6, 0.6]
		},
		"firstperson_righthand": {
			"rotation": [0, -90, 25],
			"translation": [1.13, 3.2, 1.13],
			"scale": [0.68, 0.68, 0.68]
		},
		"firstperson_lefthand": {
			"rotation": [0, -90, 25],
			"translation": [1.13, 3.2, 1.13],
			"scale": [0.68, 0.68, 0.68]
		},
		"ground": {
			"translation": [0, 2, 0],
			"scale": [0.5, 0.5, 0.5]
		},
		"gui": {
			"rotation": [30, 225, 0],
			"translation": [-0.5, 3, 0]
		},
		"head": {
			"translation": [0, 15, 0]
		},
		"fixed": {
			"rotation": [-90, 0, 0],
			"translation": [1, 1, -13],
			"scale": [2, 2, 2]
		}
	},
	"groups": [
		{
			"name": "group",
			"origin": [8.75, 19.25, 20.01],
			"color": 0,
			"children": []
		},
		0,
		1,
		2
	]
}