{
	"credit": "Made with Blockbench",
	"texture_size": [64, 64],
	"textures": {
		"0": "item/block/127"
	},
	"elements": [
		{
			"name": "headwear",
			"from": [6.09766, 26.11938, 3.2],
			"to": [15.79766, 31.11938, 12.5],
			"rotation": {"angle": 22.5, "axis": "z", "origin": [8, 18.75816, 8.125]},
			"faces": {
				"north": {"uv": [10, 2, 12, 3], "texture": "#0"},
				"east": {"uv": [8, 2, 10, 3], "texture": "#0"},
				"south": {"uv": [10, 2, 12, 3], "texture": "#0"},
				"west": {"uv": [10, 2, 8, 3], "texture": "#0"},
				"up": {"uv": [10, 2.025, 12, 0], "texture": "#0"}
			}
		},
		{
			"name": "rotation",
			"from": [2.19766, 26.06938, -0.75],
			"to": [19.19766, 26.06938, 16.25],
			"rotation": {"angle": 22.5, "axis": "z", "origin": [8, 18.75816, 8.125]},
			"faces": {
				"up": {"uv": [12.25, 12, 8.25, 16], "texture": "#0"},
				"down": {"uv": [12.25, 12, 8.25, 16], "rotation": 180, "texture": "#0"}
			}
		},
		{
			"name": "body",
			"from": [4, 9, 6],
			"to": [12, 21, 10],
			"rotation": {"angle": 0, "axis": "y", "origin": [8, 18.75816, 8.125]},
			"faces": {
				"north": {"uv": [5, 5, 7, 8], "texture": "#0"},
				"east": {"uv": [4, 5, 5, 8], "texture": "#0"},
				"south": {"uv": [8, 5, 10, 8], "texture": "#0"},
				"west": {"uv": [7, 5, 8, 8], "texture": "#0"},
				"down": {"uv": [9, 4, 7, 5], "texture": "#0"}
			}
		},
		{
			"name": "left_arm",
			"from": [-1, 17, 6],
			"to": [4, 21, 10],
			"rotation": {"angle": 0, "axis": "z", "origin": [8, 18.75816, 8.125]},
			"faces": {
				"north": {"uv": [13.5, 5.25, 12.5, 6.5], "rotation": 270, "texture": "#0"},
				"south": {"uv": [14, 5, 13, 6.25], "rotation": 90, "texture": "#0"},
				"west": {"uv": [12, 4, 13, 5], "rotation": 90, "texture": "#0"},
				"up": {"uv": [11, 5, 10, 6.25], "rotation": 90, "texture": "#0"},
				"down": {"uv": [13.25, 5.25, 12.25, 6.25], "rotation": 90, "texture": "#0"}
			}
		},
		{
			"name": "right_arm",
			"from": [12, 17, 6],
			"to": [17, 21, 10],
			"rotation": {"angle": 0, "axis": "z", "origin": [8, 18.75816, 8.125]},
			"faces": {
				"north": {"uv": [11, 5, 12, 6.25], "rotation": 90, "texture": "#0"},
				"east": {"uv": [13, 4, 12, 5], "rotation": 270, "texture": "#0"},
				"south": {"uv": [13, 5, 14, 6.25], "rotation": 270, "texture": "#0"},
				"up": {"uv": [10.25, 5, 11.25, 6.25], "rotation": 270, "texture": "#0"},
				"down": {"uv": [11.75, 5, 12.75, 6], "rotation": 270, "texture": "#0"}
			}
		},
		{
			"from": [3.5, 21, 3.75],
			"to": [12, 29.5, 12.25],
			"rotation": {"angle": 0, "axis": "y", "origin": [8, 18.75816, 8.125]},
			"faces": {
				"north": {"uv": [5, 12.75, 7.25, 15], "texture": "#0"},
				"east": {"uv": [0.5, 12.75, 2.75, 15], "texture": "#0"},
				"south": {"uv": [0.5, 12.75, 2.75, 15], "texture": "#0"},
				"west": {"uv": [0.5, 12.75, 2.75, 15], "texture": "#0"},
				"down": {"uv": [0.5, 12.75, 2.75, 15], "rotation": 270, "texture": "#0"}
			}
		},
		{
			"from": [-6, 18.75, 7],
			"to": [21, 20.75, 9],
			"rotation": {"angle": 0, "axis": "y", "origin": [8, 18.75816, 8.125]},
			"faces": {
				"north": {"uv": [0, 9, 6.75, 9.5], "texture": "#0"},
				"east": {"uv": [0, 9, 0.5, 9.5], "texture": "#0"},
				"south": {"uv": [0, 9, 6.75, 9.5], "texture": "#0"},
				"west": {"uv": [0, 9, 0.5, 9.5], "texture": "#0"},
				"up": {"uv": [0, 9, 6.75, 9.5], "texture": "#0"},
				"down": {"uv": [0, 9, 6.75, 9.5], "texture": "#0"}
			}
		},
		{
			"from": [7, -5, 7],
			"to": [9, 19, 9],
			"rotation": {"angle": 0, "axis": "z", "origin": [8, 18.75816, 8.125]},
			"faces": {
				"north": {"uv": [0, 10, 6, 10.5], "rotation": 90, "texture": "#0"},
				"east": {"uv": [0, 10, 6, 10.5], "rotation": 270, "texture": "#0"},
				"south": {"uv": [1.25, 11.25, 7.25, 11.75], "rotation": 270, "texture": "#0"},
				"west": {"uv": [0, 9.75, 6, 10.25], "rotation": 270, "texture": "#0"},
				"down": {"uv": [6, 10, 6.5, 10.5], "rotation": 270, "texture": "#0"}
			}
		}
	],
	"display": {
		"thirdperson_righthand": {
			"rotation": [0, 45, 0],
			"translation": [0, 0.5, 1.5],
			"scale": [0.375, 0.375, 0.375]
		},
		"thirdperson_lefthand": {
			"rotation": [0, 45, 0],
			"translation": [0, 0.5, 1.5],
			"scale": [0.375, 0.375, 0.375]
		},
		"firstperson_righthand": {
			"rotation": [0, 120, 0],
			"scale": [0.4, 0.4, 0.4]
		},
		"firstperson_lefthand": {
			"rotation": [0, 120, 0],
			"scale": [0.4, 0.4, 0.4]
		},
		"ground": {
			"translation": [0, 2, 0],
			"scale": [0.5, 0.5, 0.5]
		},
		"gui": {
			"rotation": [30, 150, 0],
			"translation": [0.25, -2, 0],
			"scale": [0.5, 0.5, 0.5]
		},
		"head": {
			"translation": [0, 11, 0]
		},
		"fixed": {
			"rotation": [-90, 0, 0],
			"translation": [0, 0, -24],
			"scale": [2, 2, 2]
		}
	},
	"groups": [
		{
			"name": "group",
			"origin": [8.5, 6, 7],
			"color": 0,
			"children": [0, 1, 2, 3, 4, 5, 6, 7]
		}
	]
}