{
	"credit": "Made by YSBB with Blockbench",
	"textures": {
		"2": "item/block/130",
		"3": "item/block/130_1",
		"particle": "item/block/130"
	},
	"elements": [
		{
			"from": [4.25, 4.75, 5.55],
			"to": [11.75, 11.75, 13.05],
			"rotation": {"angle": -22.5, "axis": "x", "origin": [7.75, 6.25, 9.05]},
			"faces": {
				"north": {"uv": [0, 0, 8, 8], "texture": "#2"},
				"east": {"uv": [0, 0, 8, 8], "texture": "#2"},
				"south": {"uv": [0, 0, 8, 8], "texture": "#2"},
				"west": {"uv": [0, 0, 8, 8], "texture": "#2"},
				"up": {"uv": [0, 0, 7, 7], "texture": "#2"},
				"down": {"uv": [0, 0, 7, 7], "texture": "#2"}
			}
		},
		{
			"from": [4.2, 4.7, 5.5],
			"to": [11.8, 11.8, 13.1],
			"rotation": {"angle": -22.5, "axis": "x", "origin": [7.75, 6.25, 9.05]},
			"faces": {
				"north": {"uv": [8, 0, 16, 8], "texture": "#3"},
				"east": {"uv": [0, 0, 8, 8], "texture": "#3"},
				"south": {"uv": [8, 0, 16, 8], "texture": "#3"},
				"west": {"uv": [0, 0, 8, 8], "texture": "#3"},
				"up": {"uv": [5, 16, 13, 8], "texture": "#3"},
				"down": {"uv": [13, 16, 5, 8], "rotation": 90, "texture": "#3"}
			}
		},
		{
			"from": [6.45, 1.5, 6.8],
			"to": [9.45, 3.5, 9.8],
			"rotation": {"angle": 0, "axis": "y", "origin": [-0.4, -9.5, -0.7]},
			"faces": {
				"north": {"uv": [7, 8, 7.25, 9.9], "rotation": 180, "texture": "#2"},
				"east": {"uv": [7, 8, 8, 9.9], "rotation": 180, "texture": "#2"},
				"south": {"uv": [7, 8, 7.25, 9.9], "rotation": 180, "texture": "#2"},
				"west": {"uv": [7, 8, 8, 9.9], "rotation": 180, "texture": "#2"},
				"up": {"uv": [7, 9, 7.25, 9.9], "texture": "#2"},
				"down": {"uv": [7, 8, 7.25, 9.9], "texture": "#2"}
			}
		},
		{
			"from": [5, 0, 5.3],
			"to": [11, 1.5, 11.3],
			"rotation": {"angle": 0, "axis": "y", "origin": [0.5, -9.5, -0.2]},
			"faces": {
				"north": {"uv": [0, 14, 6, 16], "texture": "#2"},
				"east": {"uv": [0, 14, 6, 16], "texture": "#2"},
				"south": {"uv": [0, 14, 6, 16], "texture": "#2"},
				"west": {"uv": [0, 14, 6, 16], "texture": "#2"},
				"up": {"uv": [9, 12, 12, 15], "texture": "#2"},
				"down": {"uv": [0, 15, 1, 16], "texture": "#2"}
			}
		},
		{
			"from": [7.25, 2.25, 2.05],
			"to": [8.75, 11.25, 9.05],
			"rotation": {"angle": -22.5, "axis": "x", "origin": [8, 11.5, 4.3]},
			"faces": {
				"north": {"uv": [0, 13, 9, 14], "rotation": 90, "texture": "#2"},
				"east": {"uv": [0, 15, 7.5, 16], "texture": "#2"},
				"south": {"uv": [5, 13, 14, 14], "rotation": 90, "texture": "#2"},
				"west": {"uv": [0, 15, 7.5, 16], "rotation": 90, "texture": "#2"},
				"up": {"uv": [5, 12, 11.5, 13], "rotation": 90, "texture": "#2"},
				"down": {"uv": [5, 12, 11.5, 13], "rotation": 90, "texture": "#2"}
			}
		}
	],
	"display": {
		"thirdperson_righthand": {
			"rotation": [60, -90, 0],
			"translation": [0, 3, 1],
			"scale": [0.6, 0.6, 0.6]
		},
		"thirdperson_lefthand": {
			"rotation": [60, -90, 0],
			"translation": [0, 3, 1],
			"scale": [0.6, 0.6, 0.6]
		},
		"firstperson_righthand": {
			"rotation": [0, -90, 25],
			"translation": [1.13, 3.2, 1.13],
			"scale": [0.68, 0.68, 0.68]
		},
		"firstperson_lefthand": {
			"rotation": [0, -90, 25],
			"translation": [1.13, 3.2, 1.13],
			"scale": [0.68, 0.68, 0.68]
		},
		"ground": {
			"translation": [0, 2, 0],
			"scale": [0.5, 0.5, 0.5]
		},
		"gui": {
			"rotation": [30, 45, 0],
			"translation": [0, 1.75, 0]
		},
		"head": {
			"rotation": [0, 180, 0],
			"translation": [0, 14.5, 0]
		},
		"fixed": {
			"rotation": [-90, 0, 0],
			"translation": [0, 0, -14],
			"scale": [2, 2, 2]
		}
	}
}