{
	"credit": "Made by YSBB with Blockbench",
	"textures": {
		"2": "item/block/132",
		"particle": "item/block/132"
	},
	"elements": [
		{
			"from": [4.90867, 0, 9.53867],
			"to": [11.10867, 7, 11.03867],
			"rotation": {"angle": 0, "axis": "y", "origin": [8.65061, 3.375, 6.27173]},
			"faces": {
				"north": {"uv": [7, 12, 0, 7], "rotation": 90, "texture": "#2"},
				"east": {"uv": [8, 7, 9.5, 14], "texture": "#2"},
				"south": {"uv": [8, 7, 15, 14], "texture": "#2"},
				"west": {"uv": [13.5, 7, 15, 14], "texture": "#2"},
				"up": {"uv": [11, 1, 9, 8], "rotation": 90, "texture": "#2"},
				"down": {"uv": [10, 14, 16, 16], "texture": "#2", "cullface": "down"}
			}
		},
		{
			"from": [9.40867, 0, 6.53867],
			"to": [11.10867, 7, 9.53867],
			"rotation": {"angle": 0, "axis": "y", "origin": [8.65061, 3.375, 6.27173]},
			"faces": {
				"east": {"uv": [9.5, 7, 13.5, 14], "texture": "#2"},
				"west": {"uv": [7, 12, 0, 7], "rotation": 90, "texture": "#2"},
				"up": {"uv": [11, 2, 9, 6], "texture": "#2"},
				"down": {"uv": [10, 14, 16, 16], "rotation": 90, "texture": "#2", "cullface": "down"}
			}
		},
		{
			"from": [4.90867, 0, 6.53867],
			"to": [6.60867, 7, 9.53867],
			"rotation": {"angle": 0, "axis": "y", "origin": [8.65061, 3.375, 6.27173]},
			"faces": {
				"east": {"uv": [7, 12, 0, 7], "rotation": 90, "texture": "#2"},
				"west": {"uv": [9.5, 7, 13.5, 14], "texture": "#2"},
				"up": {"uv": [11, 2, 9, 6], "rotation": 180, "texture": "#2"},
				"down": {"uv": [10, 14, 16, 16], "rotation": 270, "texture": "#2", "cullface": "down"}
			}
		},
		{
			"from": [4.90867, 0, 5.03867],
			"to": [11.10867, 7, 6.53867],
			"rotation": {"angle": 0, "axis": "y", "origin": [8.65061, 3.375, 6.27173]},
			"faces": {
				"north": {"uv": [8, 7, 15, 14], "texture": "#2"},
				"east": {"uv": [13.5, 7, 15, 14], "texture": "#2"},
				"south": {"uv": [7, 12, 0, 7], "rotation": 90, "texture": "#2"},
				"west": {"uv": [8, 7, 9.5, 14], "texture": "#2"},
				"up": {"uv": [11, 1, 9, 8], "rotation": 270, "texture": "#2"},
				"down": {"uv": [10, 14, 16, 16], "rotation": 180, "texture": "#2", "cullface": "down"}
			}
		},
		{
			"from": [7.25867, 0.5, 3.03867],
			"to": [8.75867, 2, 5.03867],
			"rotation": {"angle": 0, "axis": "y", "origin": [8.65061, 3.375, 6.27173]},
			"faces": {
				"north": {"uv": [12, 13, 13.5, 14.5], "texture": "#2"},
				"east": {"uv": [9, 13, 11, 14.5], "texture": "#2"},
				"west": {"uv": [9, 13, 11, 14.5], "texture": "#2"},
				"up": {"uv": [11, 13, 12.5, 15], "texture": "#2"},
				"down": {"uv": [11, 13, 12.5, 15], "texture": "#2"}
			}
		},
		{
			"from": [7.25867, 4.75, 3.03867],
			"to": [8.75867, 6.25, 5.03867],
			"rotation": {"angle": 0, "axis": "y", "origin": [8.65061, 3.375, 6.27173]},
			"faces": {
				"north": {"uv": [12, 13, 13.5, 14.5], "texture": "#2"},
				"east": {"uv": [9, 13, 11, 14.5], "texture": "#2"},
				"west": {"uv": [9, 13, 11, 14.5], "texture": "#2"},
				"up": {"uv": [11, 13, 12.5, 15], "texture": "#2"},
				"down": {"uv": [11, 13, 12.5, 15], "texture": "#2"}
			}
		},
		{
			"from": [7.25867, 2, 3.03867],
			"to": [8.75867, 4.75, 3.53867],
			"rotation": {"angle": 0, "axis": "y", "origin": [8.65061, 3.375, 6.27173]},
			"faces": {
				"north": {"uv": [0, 13, 2, 16], "texture": "#2"},
				"east": {"uv": [0, 13, 1, 15.75], "texture": "#2"},
				"south": {"uv": [0, 13, 1.5, 15.75], "texture": "#2"},
				"west": {"uv": [0, 13, 1, 15.75], "texture": "#2"}
			}
		},
		{
			"from": [6.37111, 0, 6.16299],
			"to": [9.87111, 6, 9.66299],
			"rotation": {"angle": 0, "axis": "y", "origin": [8.65061, 3.375, 6.27173]},
			"faces": {
				"up": {"uv": [0, 0, 4, 4], "rotation": 90, "texture": "#2"},
				"down": {"uv": [8, 12.5, 11.5, 16], "texture": "#2", "cullface": "down"}
			}
		}
	],
	"display": {
		"thirdperson_righthand": {
			"rotation": [66, 159, 0],
			"translation": [0, 2.75, 2.5],
			"scale": [0.64, 0.64, 0.64]
		},
		"thirdperson_lefthand": {
			"rotation": [66, -156, 0],
			"translation": [0, 2.75, 2.5],
			"scale": [0.64, 0.64, 0.64]
		},
		"firstperson_righthand": {
			"rotation": [0, 225, 0],
			"translation": [0, 5, 0],
			"scale": [0.5, 0.5, 0.5]
		},
		"firstperson_lefthand": {
			"rotation": [0, 225, 0],
			"translation": [0, 5, 0],
			"scale": [0.5, 0.5, 0.5]
		},
		"ground": {
			"translation": [0, 2, 0],
			"scale": [0.7, 0.7, 0.7]
		},
		"gui": {
			"rotation": [30, 225, 0],
			"translation": [0, 1.25, 0]
		},
		"head": {
			"translation": [-0.75, 15, -2]
		},
		"fixed": {
			"rotation": [0, 180, 0]
		}
	}
}