{
	"credit": "Made by YSBB with Blockbench",
	"textures": {
		"1": "item/block/133",
		"particle": "item/block/133"
	},
	"elements": [
		{
			"from": [6.95, 10.5, 6.9],
			"to": [9.15, 17.5, 9.1],
			"rotation": {"angle": 0, "axis": "y", "origin": [0, 0.5, -2]},
			"faces": {
				"north": {"uv": [7, 5, 10, 13], "texture": "#1"},
				"east": {"uv": [7, 5, 10, 13], "texture": "#1"},
				"south": {"uv": [7, 5, 10, 13], "texture": "#1"},
				"west": {"uv": [7, 5, 10, 13], "texture": "#1"},
				"up": {"uv": [7, 13, 10, 16], "texture": "#1"},
				"down": {"uv": [7, 5, 10, 8], "texture": "#1"}
			}
		},
		{
			"from": [5.95, 0, 5.95],
			"to": [10.05, 10.5, 10.05],
			"rotation": {"angle": 0, "axis": "y", "origin": [0, 0, -2]},
			"faces": {
				"north": {"uv": [11, 0, 16, 14], "texture": "#1"},
				"east": {"uv": [11, 0, 16, 14], "texture": "#1"},
				"south": {"uv": [11, 0, 16, 14], "texture": "#1"},
				"west": {"uv": [11, 0, 16, 14], "texture": "#1"},
				"up": {"uv": [0, 0, 1, 1], "texture": "#1"},
				"down": {"uv": [13, 10, 16, 13], "texture": "#1"}
			}
		}
	],
	"display": {
		"thirdperson_righthand": {
			"rotation": [66, 159, 0],
			"translation": [0, 2.75, 2.5],
			"scale": [0.64, 0.64, 0.64]
		},
		"thirdperson_lefthand": {
			"rotation": [66, -156, 0],
			"translation": [0, 2.75, 2.5],
			"scale": [0.64, 0.64, 0.64]
		},
		"firstperson_righthand": {
			"rotation": [0, 225, 0],
			"translation": [0, 5, 0],
			"scale": [0.5, 0.5, 0.5]
		},
		"firstperson_lefthand": {
			"rotation": [0, 225, 0],
			"translation": [0, 5, 0],
			"scale": [0.5, 0.5, 0.5]
		},
		"ground": {
			"translation": [0, 2, 0],
			"scale": [0.7, 0.7, 0.7]
		},
		"gui": {
			"rotation": [30, 225, 0],
			"translation": [0, 0.5, 0]
		},
		"head": {
			"translation": [-0.75, 15, -2]
		},
		"fixed": {
			"rotation": [0, 180, 0]
		}
	},
	"groups": [
		{
			"name": "group",
			"origin": [0, 0, -2],
			"color": 0,
			"children": [0, 1]
		}
	]
}