{
	"credit": "Made by YSBB with Blockbench",
	"textures": {
		"2": "item/block/134",
		"particle": "item/block/134"
	},
	"elements": [
		{
			"from": [5.8, 0, 5.8],
			"to": [10.2, 10, 10.2],
			"faces": {
				"north": {"uv": [0, 0, 6, 13], "texture": "#2"},
				"east": {"uv": [0, 0, 6, 13], "texture": "#2"},
				"south": {"uv": [0, 0, 6, 13], "texture": "#2"},
				"west": {"uv": [0, 0, 6, 13], "texture": "#2"},
				"up": {"uv": [10, 0, 16, 6], "texture": "#2"},
				"down": {"uv": [10, 10, 16, 16], "texture": "#2"}
			}
		},
		{
			"from": [6.8, 10, 6.8],
			"to": [9.2, 17, 9.2],
			"rotation": {"angle": 0, "axis": "y", "origin": [0, 0, 0.2]},
			"faces": {
				"north": {"uv": [7, 0, 10, 9], "texture": "#2"},
				"east": {"uv": [7, 0, 10, 9], "texture": "#2"},
				"south": {"uv": [7, 0, 10, 9], "texture": "#2"},
				"west": {"uv": [7, 0, 10, 9], "texture": "#2"},
				"up": {"uv": [7, 0, 10, 3], "texture": "#2"},
				"down": {"uv": [7, 0, 10, 3], "texture": "#2"}
			}
		}
	],
	"display": {
		"thirdperson_righthand": {
			"rotation": [66, 159, 0],
			"translation": [0, 2.75, 2.5],
			"scale": [0.64, 0.64, 0.64]
		},
		"thirdperson_lefthand": {
			"rotation": [66, -156, 0],
			"translation": [0, 2.75, 2.5],
			"scale": [0.64, 0.64, 0.64]
		},
		"firstperson_righthand": {
			"rotation": [0, 225, 0],
			"translation": [0, 5, 0],
			"scale": [0.5, 0.5, 0.5]
		},
		"firstperson_lefthand": {
			"rotation": [0, 225, 0],
			"translation": [0, 5, 0],
			"scale": [0.5, 0.5, 0.5]
		},
		"ground": {
			"translation": [0, 2, 0],
			"scale": [0.7, 0.7, 0.7]
		},
		"gui": {
			"rotation": [30, 225, 0],
			"translation": [0, 0.5, 0]
		},
		"head": {
			"translation": [-0.75, 15, -2]
		},
		"fixed": {
			"rotation": [0, 180, 0]
		}
	},
	"groups": [
		0,
		1,
		{
			"name": "group",
			"origin": [0, 0, -2],
			"color": 0,
			"children": []
		}
	]
}