{
	"credit": "Made by YSBB with Blockbench",
	"textures": {
		"1": "item/block/135",
		"particle": "item/block/135"
	},
	"elements": [
		{
			"from": [5.85, 0, 5.9],
			"to": [10.1, 6.5, 10.15],
			"rotation": {"angle": 0, "axis": "y", "origin": [1, 0, -2]},
			"faces": {
				"north": {"uv": [8, 8, 13, 16], "texture": "#1"},
				"east": {"uv": [8, 8, 13, 16], "texture": "#1"},
				"south": {"uv": [8, 8, 13, 16], "texture": "#1"},
				"west": {"uv": [8, 8, 13, 16], "texture": "#1"},
				"up": {"uv": [12, 0, 15, 3], "texture": "#1"},
				"down": {"uv": [12, 0, 15, 3], "texture": "#1"}
			}
		},
		{
			"from": [6.85, 7.75, 6.9],
			"to": [9.1, 12, 9.15],
			"rotation": {"angle": 0, "axis": "y", "origin": [1, 0, -2]},
			"faces": {
				"north": {"uv": [8, 0, 11, 7], "texture": "#1"},
				"east": {"uv": [8, 0, 11, 7], "texture": "#1"},
				"south": {"uv": [8, 0, 11, 7], "texture": "#1"},
				"west": {"uv": [8, 0, 11, 7], "texture": "#1"},
				"up": {"uv": [12, 4, 15, 7], "texture": "#1"},
				"down": {"uv": [12, 0, 14.5, 2.5], "texture": "#1"}
			}
		},
		{
			"from": [6.35, 6.5, 6.4],
			"to": [9.6, 7.75, 9.65],
			"rotation": {"angle": 0, "axis": "y", "origin": [1, 0, -2]},
			"faces": {
				"north": {"uv": [12, 0, 15, 1], "texture": "#1"},
				"east": {"uv": [12, 0, 15, 1], "texture": "#1"},
				"south": {"uv": [12, 0, 15, 1], "texture": "#1"},
				"west": {"uv": [12, 0, 15, 1], "texture": "#1"},
				"up": {"uv": [12, 0, 15, 3], "texture": "#1"},
				"down": {"uv": [12, 0, 15, 3], "texture": "#1"}
			}
		}
	],
	"display": {
		"thirdperson_righthand": {
			"rotation": [66, 159, 0],
			"translation": [0, 2.75, 2.5],
			"scale": [0.64, 0.64, 0.64]
		},
		"thirdperson_lefthand": {
			"rotation": [66, -156, 0],
			"translation": [0, 2.75, 2.5],
			"scale": [0.64, 0.64, 0.64]
		},
		"firstperson_righthand": {
			"rotation": [0, 225, 0],
			"translation": [0, 5, 0],
			"scale": [0.5, 0.5, 0.5]
		},
		"firstperson_lefthand": {
			"rotation": [0, 225, 0],
			"translation": [0, 5, 0],
			"scale": [0.5, 0.5, 0.5]
		},
		"ground": {
			"translation": [0, 2, 0],
			"scale": [0.7, 0.7, 0.7]
		},
		"gui": {
			"rotation": [30, 225, 0],
			"translation": [0, 0.5, 0]
		},
		"head": {
			"translation": [-0.75, 15, -2]
		},
		"fixed": {
			"rotation": [0, 180, 0]
		}
	},
	"groups": [
		{
			"name": "group",
			"origin": [7.5, 3.5, 6.25],
			"color": 0,
			"children": []
		},
		0,
		1,
		2
	]
}