{
	"credit": "Made by YSBB with Blockbench",
	"textures": {
		"2": "item/block/135"
	},
	"elements": [
		{
			"from": [5.9, 0, 5.9],
			"to": [10.15, 6.5, 10.15],
			"rotation": {"angle": 0, "axis": "y", "origin": [0, -1, 0]},
			"faces": {
				"north": {"uv": [0, 8, 5, 16], "texture": "#2"},
				"east": {"uv": [0, 8, 5, 16], "texture": "#2"},
				"south": {"uv": [0, 8, 5, 16], "texture": "#2"},
				"west": {"uv": [0, 8, 5, 16], "texture": "#2"},
				"up": {"uv": [4, 0, 7, 3], "texture": "#2"},
				"down": {"uv": [4, 0, 7, 3], "texture": "#2"}
			}
		},
		{
			"from": [6.9, 6.5, 6.9],
			"to": [9.15, 11.75, 9.15],
			"rotation": {"angle": 0, "axis": "y", "origin": [0, -1, 0]},
			"faces": {
				"north": {"uv": [0, 0, 3, 7], "texture": "#2"},
				"east": {"uv": [0, 0, 3, 7], "texture": "#2"},
				"south": {"uv": [0, 0, 3, 7], "texture": "#2"},
				"west": {"uv": [0, 0, 3, 7], "texture": "#2"},
				"up": {"uv": [4, 4, 7, 7], "texture": "#2"},
				"down": {"uv": [4, 0, 6.5, 2.5], "texture": "#2"}
			}
		}
	],
	"display": {
		"thirdperson_righthand": {
			"rotation": [66, 159, 0],
			"translation": [0, 2.75, 2.5],
			"scale": [0.64, 0.64, 0.64]
		},
		"thirdperson_lefthand": {
			"rotation": [66, -156, 0],
			"translation": [0, 2.75, 2.5],
			"scale": [0.64, 0.64, 0.64]
		},
		"firstperson_righthand": {
			"rotation": [0, 225, 0],
			"translation": [0, 5, 0],
			"scale": [0.5, 0.5, 0.5]
		},
		"firstperson_lefthand": {
			"rotation": [0, 225, 0],
			"translation": [0, 5, 0],
			"scale": [0.5, 0.5, 0.5]
		},
		"ground": {
			"translation": [0, 2, 0],
			"scale": [0.7, 0.7, 0.7]
		},
		"gui": {
			"rotation": [30, 225, 0],
			"translation": [0, 0.5, 0]
		},
		"head": {
			"translation": [-0.75, 15, -2]
		},
		"fixed": {
			"rotation": [0, 180, 0]
		}
	},
	"groups": [
		{
			"name": "group",
			"origin": [7.5, 3.5, 6.25],
			"color": 0,
			"children": []
		},
		0,
		1
	]
}