{
	"credit": "Made by YSBB with Blockbench",
	"textures": {
		"2": "item/block/137",
		"particle": "item/block/137"
	},
	"elements": [
		{
			"from": [4.5, 0, 4.5],
			"to": [11.5, 9, 11.5],
			"faces": {
				"north": {"uv": [0, 4, 9, 16], "texture": "#2"},
				"east": {"uv": [0, 4, 9, 16], "texture": "#2"},
				"south": {"uv": [0, 4, 9, 16], "texture": "#2"},
				"west": {"uv": [0, 4, 9, 16], "texture": "#2"},
				"up": {"uv": [3, 4, 6, 7], "texture": "#2"},
				"down": {"uv": [0, 14, 2, 16], "texture": "#2"}
			}
		},
		{
			"from": [5.75, 9, 5.75],
			"to": [10.25, 11, 10.25],
			"faces": {
				"north": {"uv": [10, 12, 15, 14], "texture": "#2"},
				"east": {"uv": [10, 12, 15, 14], "texture": "#2"},
				"south": {"uv": [10, 12, 15, 14], "texture": "#2"},
				"west": {"uv": [10, 12, 15, 14], "texture": "#2"},
				"up": {"uv": [3, 4, 6, 7], "texture": "#2"},
				"down": {"uv": [0, 0, 7, 7], "texture": "#2"}
			}
		},
		{
			"from": [6.95, 10, 7],
			"to": [9.2, 17, 9.25],
			"faces": {
				"north": {"uv": [11, 4, 14, 12], "texture": "#2"},
				"east": {"uv": [11, 4, 14, 12], "texture": "#2"},
				"south": {"uv": [11, 4, 14, 12], "texture": "#2"},
				"west": {"uv": [11, 4, 14, 12], "texture": "#2"},
				"up": {"uv": [11, 3, 14, 6], "texture": "#2"},
				"down": {"uv": [0, 0, 3, 3], "texture": "#2"}
			}
		},
		{
			"from": [6.75, 15.5, 6.75],
			"to": [9.35, 17.25, 9.45],
			"faces": {
				"north": {"uv": [11, 3, 14, 5], "texture": "#2"},
				"east": {"uv": [11, 3, 14, 5], "texture": "#2"},
				"south": {"uv": [11, 3, 14, 5], "texture": "#2"},
				"west": {"uv": [11, 3, 14, 5], "texture": "#2"},
				"up": {"uv": [11, 3, 14, 6], "texture": "#2"},
				"down": {"uv": [11, 3, 14, 6], "texture": "#2"}
			}
		}
	],
	"display": {
		"thirdperson_righthand": {
			"rotation": [66, 159, 0],
			"translation": [0, 2.75, 2.5],
			"scale": [0.64, 0.64, 0.64]
		},
		"thirdperson_lefthand": {
			"rotation": [66, -156, 0],
			"translation": [0, 2.75, 2.5],
			"scale": [0.64, 0.64, 0.64]
		},
		"firstperson_righthand": {
			"rotation": [0, 225, 0],
			"translation": [0, 5, 0],
			"scale": [0.5, 0.5, 0.5]
		},
		"firstperson_lefthand": {
			"rotation": [0, 225, 0],
			"translation": [0, 5, 0],
			"scale": [0.5, 0.5, 0.5]
		},
		"ground": {
			"translation": [0, 2, 0],
			"scale": [0.7, 0.7, 0.7]
		},
		"gui": {
			"rotation": [30, 225, 0],
			"translation": [0, 1.25, 0]
		},
		"head": {
			"translation": [-0.75, 15, -2]
		},
		"fixed": {
			"rotation": [0, 180, 0]
		}
	},
	"groups": [
		0,
		1,
		2,
		3,
		{
			"name": "group",
			"origin": [0, 0, -2],
			"color": 0,
			"children": []
		}
	]
}