{
	"credit": "Made by YSBB with Blockbench",
	"textures": {
		"2": "item/block/138"
	},
	"elements": [
		{
			"from": [6.85, 8.5, 6.85],
			"to": [9.35, 13.25, 9.35],
			"rotation": {"angle": 0, "axis": "x", "origin": [1.1, 16.5, 3.1]},
			"faces": {
				"north": {"uv": [6, 6, 9, 1], "rotation": 180, "texture": "#2"},
				"east": {"uv": [6, 6, 9, 1], "rotation": 180, "texture": "#2"},
				"south": {"uv": [9, 1, 6, 6], "texture": "#2"},
				"west": {"uv": [6, 6, 9, 1], "rotation": 180, "texture": "#2"},
				"up": {"uv": [11, 1, 14, 4], "rotation": 180, "texture": "#2"}
			}
		},
		{
			"from": [4.6, 0, 4.6],
			"to": [11.35, 7.75, 11.35],
			"rotation": {"angle": 0, "axis": "y", "origin": [7.86414, 5.9625, 9.27231]},
			"faces": {
				"north": {"uv": [0, 6, 8, 16], "texture": "#2"},
				"east": {"uv": [8, 6, 16, 16], "texture": "#2"},
				"south": {"uv": [8, 6, 16, 16], "texture": "#2"},
				"west": {"uv": [8, 6, 16, 16], "texture": "#2"},
				"up": {"uv": [8, 6, 16, 16], "rotation": 90, "texture": "#2"},
				"down": {"uv": [8, 6, 16, 16], "rotation": 270, "texture": "#2"}
			}
		},
		{
			"from": [6.1, 7.65, 6.1],
			"to": [9.85, 8.75, 9.85],
			"rotation": {"angle": 0, "axis": "y", "origin": [7.86414, 8.075, 9.27231]},
			"faces": {
				"north": {"uv": [2, 8, 6, 9], "texture": "#2"},
				"east": {"uv": [2, 8, 6, 9], "texture": "#2"},
				"south": {"uv": [2, 8, 6, 9], "texture": "#2"},
				"west": {"uv": [2, 9, 6, 10], "texture": "#2"},
				"up": {"uv": [2, 8, 6, 12], "rotation": 90, "texture": "#2"},
				"down": {"uv": [11, 1, 14, 4], "rotation": 270, "texture": "#2"}
			}
		},
		{
			"from": [4.29009, 7.95, 7.03427],
			"to": [8.04009, 7.95, 8.33427],
			"rotation": {"angle": 0, "axis": "y", "origin": [6.86414, 8.075, 8.27231]},
			"faces": {
				"north": {"uv": [2, 10, 6, 10], "texture": "#2"},
				"east": {"uv": [2, 10, 4, 10], "texture": "#2"},
				"south": {"uv": [2, 10, 6, 10], "texture": "#2"},
				"west": {"uv": [2, 10, 4, 10], "texture": "#2"},
				"up": {"uv": [2, 10, 6, 12], "texture": "#2"},
				"down": {"uv": [2, 10, 6, 12], "texture": "#2"}
			}
		},
		{
			"from": [3.29183, 8.05, 7.74071],
			"to": [7.04183, 8.05, 9.04071],
			"rotation": {"angle": 22.5, "axis": "y", "origin": [6.46414, 8.075, 7.77231]},
			"faces": {
				"north": {"uv": [2, 10, 6, 10], "texture": "#2"},
				"east": {"uv": [2, 10, 4, 10], "texture": "#2"},
				"south": {"uv": [2, 10, 6, 10], "texture": "#2"},
				"west": {"uv": [2, 10, 4, 10], "texture": "#2"},
				"up": {"uv": [2, 10, 6, 12], "texture": "#2"},
				"down": {"uv": [2, 10, 6, 12], "texture": "#2"}
			}
		},
		{
			"from": [5.6, 1, 5.6],
			"to": [10.35, 4.75, 10.35],
			"rotation": {"angle": 0, "axis": "y", "origin": [0.6, 0, -0.4]},
			"faces": {
				"north": {"uv": [0, 0, 6, 6], "texture": "#2"},
				"east": {"uv": [0, 0, 6, 6], "texture": "#2"},
				"south": {"uv": [0, 0, 6, 6], "texture": "#2"},
				"west": {"uv": [0, 0, 6, 6], "texture": "#2"},
				"up": {"uv": [0, 0, 6, 6], "texture": "#2"},
				"down": {"uv": [0, 0, 6, 6], "texture": "#2"}
			}
		}
	],
	"display": {
		"thirdperson_righthand": {
			"rotation": [66, 159, 0],
			"translation": [0, 2.75, 2.5],
			"scale": [0.64, 0.64, 0.64]
		},
		"thirdperson_lefthand": {
			"rotation": [66, -156, 0],
			"translation": [0, 2.75, 2.5],
			"scale": [0.64, 0.64, 0.64]
		},
		"firstperson_righthand": {
			"rotation": [0, 225, 0],
			"translation": [0, 5, 0],
			"scale": [0.5, 0.5, 0.5]
		},
		"firstperson_lefthand": {
			"rotation": [0, 225, 0],
			"translation": [0, 5, 0],
			"scale": [0.5, 0.5, 0.5]
		},
		"ground": {
			"translation": [0, 2, 0],
			"scale": [0.7, 0.7, 0.7]
		},
		"gui": {
			"rotation": [30, 225, 0],
			"translation": [0, 1.25, 0]
		},
		"head": {
			"translation": [-0.75, 15, -2]
		},
		"fixed": {
			"rotation": [0, 180, 0]
		}
	}
}