{
	"credit": "Made by YSBB with Blockbench",
	"textures": {
		"1": "item/block/139",
		"particle": "item/block/139"
	},
	"elements": [
		{
			"from": [4.5, 0, 4.5],
			"to": [11.5, 0.85, 11.5],
			"rotation": {"angle": 0, "axis": "y", "origin": [2.5, 0, 2.5]},
			"faces": {
				"north": {"uv": [1, 15, 8, 16], "texture": "#1"},
				"east": {"uv": [1, 15, 8, 16], "texture": "#1"},
				"south": {"uv": [1, 15, 8, 16], "texture": "#1"},
				"west": {"uv": [1, 15, 8, 16], "texture": "#1"},
				"down": {"uv": [1, 7, 5, 11], "texture": "#1"}
			}
		},
		{
			"from": [3.75, 0.85, 3.75],
			"to": [12.25, 5.85, 12.25],
			"rotation": {"angle": 0, "axis": "y", "origin": [2.5, -0.15, 2.5]},
			"faces": {
				"north": {"uv": [0, 9, 9, 15], "texture": "#1"},
				"east": {"uv": [0, 9, 9, 15], "texture": "#1"},
				"south": {"uv": [0, 9, 9, 15], "texture": "#1"},
				"west": {"uv": [0, 9, 9, 15], "texture": "#1"},
				"up": {"uv": [2, 6, 7, 11], "texture": "#1"},
				"down": {"uv": [1, 7, 5, 11], "texture": "#1"}
			}
		},
		{
			"from": [4.75, 5.85, 4.5],
			"to": [11.5, 7.35, 11.25],
			"rotation": {"angle": 0, "axis": "y", "origin": [2.5, -1.15, 2.5]},
			"faces": {
				"north": {"uv": [1, 7, 8, 9], "texture": "#1"},
				"east": {"uv": [1, 7, 8, 9], "texture": "#1"},
				"south": {"uv": [1, 7, 8, 9], "texture": "#1"},
				"west": {"uv": [1, 7, 8, 9], "texture": "#1"},
				"up": {"uv": [2, 6, 7, 11], "texture": "#1"}
			}
		},
		{
			"from": [5.75, 7.35, 5.75],
			"to": [10.25, 8.85, 10.25],
			"rotation": {"angle": 0, "axis": "y", "origin": [2.5, -1.65, 2.5]},
			"faces": {
				"north": {"uv": [2, 5, 7, 7], "texture": "#1"},
				"east": {"uv": [2, 5, 7, 7], "texture": "#1"},
				"south": {"uv": [2, 5, 7, 7], "texture": "#1"},
				"west": {"uv": [2, 5, 7, 7], "texture": "#1"},
				"up": {"uv": [2, 6, 7, 11], "texture": "#1"}
			}
		},
		{
			"from": [6.75, 8.85, 6.75],
			"to": [9.25, 15.1, 9.25],
			"rotation": {"angle": 0, "axis": "y", "origin": [2.5, -2.15, 2.5]},
			"faces": {
				"north": {"uv": [13, 6, 10, 14], "texture": "#1"},
				"east": {"uv": [10, 6, 13, 14], "texture": "#1"},
				"south": {"uv": [13, 6, 10, 14], "texture": "#1"},
				"west": {"uv": [10, 6, 13, 14], "texture": "#1"},
				"up": {"uv": [4, 7, 1, 10], "texture": "#1"}
			}
		}
	],
	"display": {
		"thirdperson_righthand": {
			"rotation": [66, 159, 0],
			"translation": [0, 2.75, 2.5],
			"scale": [0.64, 0.64, 0.64]
		},
		"thirdperson_lefthand": {
			"rotation": [66, -156, 0],
			"translation": [0, 2.75, 2.5],
			"scale": [0.64, 0.64, 0.64]
		},
		"firstperson_righthand": {
			"rotation": [0, 225, 0],
			"translation": [0, 5, 0],
			"scale": [0.5, 0.5, 0.5]
		},
		"firstperson_lefthand": {
			"rotation": [0, 225, 0],
			"translation": [0, 5, 0],
			"scale": [0.5, 0.5, 0.5]
		},
		"ground": {
			"translation": [0, 2, 0],
			"scale": [0.7, 0.7, 0.7]
		},
		"gui": {
			"rotation": [30, 225, 0],
			"translation": [0, 1.25, 0]
		},
		"head": {
			"translation": [-0.75, 15, -2]
		},
		"fixed": {
			"rotation": [0, 180, 0]
		}
	}
}