{
	"credit": "Made by YSBB with Blockbench",
	"textures": {
		"0": "item/block/140",
		"particle": "item/block/140"
	},
	"elements": [
		{
			"from": [4.99776, 0, 4.98463],
			"to": [10.99776, 10.25, 10.98463],
			"rotation": {"angle": 0, "axis": "y", "origin": [13.34776, 11.25, 9.93463]},
			"faces": {
				"north": {"uv": [0, 5, 7, 16], "texture": "#0"},
				"east": {"uv": [0, 5, 7, 16], "texture": "#0"},
				"south": {"uv": [0, 5, 7, 16], "texture": "#0"},
				"west": {"uv": [0, 5, 7, 16], "texture": "#0"},
				"up": {"uv": [11, 13, 12, 14], "texture": "#0"},
				"down": {"uv": [6, 10, 7, 11], "texture": "#0"}
			}
		},
		{
			"from": [5.99776, 10, 5.98463],
			"to": [9.99776, 12.75, 9.98463],
			"rotation": {"angle": 0, "axis": "y", "origin": [13.34776, 10.25, 9.93463]},
			"faces": {
				"north": {"uv": [8, 13, 13, 16], "texture": "#0"},
				"east": {"uv": [8, 13, 13, 16], "texture": "#0"},
				"south": {"uv": [8, 13, 13, 16], "texture": "#0"},
				"west": {"uv": [8, 13, 13, 16], "texture": "#0"},
				"up": {"uv": [8, 15, 9, 16], "texture": "#0"}
			}
		},
		{
			"from": [6.89776, 12.5, 6.83463],
			"to": [9.14776, 19.5, 9.08463],
			"rotation": {"angle": 0, "axis": "y", "origin": [13.49776, 9.25, 9.78463]},
			"faces": {
				"north": {"uv": [9, 5, 12, 13], "texture": "#0"},
				"east": {"uv": [13, 5, 16, 13], "texture": "#0"},
				"south": {"uv": [9, 5, 12, 13], "texture": "#0"},
				"west": {"uv": [13, 5, 16, 13], "texture": "#0"},
				"up": {"uv": [11, 5, 12, 6], "texture": "#0"}
			}
		},
		{
			"from": [5.99776, 2, 4.88463],
			"to": [9.99776, 5.25, 4.88463],
			"rotation": {"angle": 0, "axis": "y", "origin": [13.34776, 11.25, 9.93463]},
			"faces": {
				"north": {"uv": [11, 0, 16, 4], "texture": "#0"}
			}
		}
	],
	"display": {
		"thirdperson_righthand": {
			"rotation": [66, 159, 0],
			"translation": [0, 2.75, 2.5],
			"scale": [0.64, 0.64, 0.64]
		},
		"thirdperson_lefthand": {
			"rotation": [66, -156, 0],
			"translation": [0, 2.75, 2.5],
			"scale": [0.64, 0.64, 0.64]
		},
		"firstperson_righthand": {
			"rotation": [0, 225, 0],
			"translation": [0, 5, 0],
			"scale": [0.5, 0.5, 0.5]
		},
		"firstperson_lefthand": {
			"rotation": [0, 225, 0],
			"translation": [0, 5, 0],
			"scale": [0.5, 0.5, 0.5]
		},
		"ground": {
			"translation": [0, 2, 0],
			"scale": [0.7, 0.7, 0.7]
		},
		"gui": {
			"rotation": [30, 225, 0],
			"translation": [0, 1, 0]
		},
		"head": {
			"translation": [-0.75, 15, -2]
		},
		"fixed": {
			"rotation": [0, 180, 0]
		}
	}
}