{
	"credit": "Made by YSBB with Blockbench",
	"textures": {
		"0": "item/block/141",
		"particle": "item/block/141"
	},
	"elements": [
		{
			"from": [3, 1, 6],
			"to": [13, 5, 10],
			"faces": {
				"north": {"uv": [6, 11, 16, 15], "texture": "#0"},
				"east": {"uv": [5, 0, 1, 4], "texture": "#0"},
				"south": {"uv": [6, 11, 16, 15], "texture": "#0"},
				"west": {"uv": [7, 3, 2, 7], "texture": "#0"},
				"up": {"uv": [2, 0, 6, 10], "rotation": 90, "texture": "#0"},
				"down": {"uv": [6, 15, 8, 16], "rotation": 90, "texture": "#0"}
			}
		},
		{
			"from": [4, 5, 6],
			"to": [12, 7, 10],
			"faces": {
				"north": {"uv": [7, 9, 15, 11], "texture": "#0"},
				"east": {"uv": [6, 4, 1, 6], "texture": "#0"},
				"south": {"uv": [7, 9, 15, 11], "texture": "#0"},
				"west": {"uv": [7, 0, 2, 2], "texture": "#0"},
				"up": {"uv": [2, 0, 6, 8], "rotation": 90, "texture": "#0"}
			}
		},
		{
			"from": [11, 0, 6],
			"to": [13, 1, 10],
			"faces": {
				"north": {"uv": [14, 15, 16, 16], "texture": "#0"},
				"east": {"uv": [14, 15, 16, 16], "texture": "#0"},
				"south": {"uv": [14, 15, 16, 16], "texture": "#0"},
				"west": {"uv": [14, 15, 16, 16], "texture": "#0"},
				"down": {"uv": [14, 15, 16, 16], "texture": "#0"}
			}
		},
		{
			"from": [3, 0, 6],
			"to": [5, 1, 10],
			"faces": {
				"north": {"uv": [14, 15, 16, 16], "texture": "#0"},
				"east": {"uv": [14, 15, 16, 16], "texture": "#0"},
				"south": {"uv": [14, 15, 16, 16], "texture": "#0"},
				"west": {"uv": [14, 15, 16, 16], "texture": "#0"},
				"down": {"uv": [14, 15, 16, 16], "texture": "#0"}
			}
		},
		{
			"from": [5, 7, 6],
			"to": [11, 8, 10],
			"faces": {
				"north": {"uv": [8, 8, 14, 9], "texture": "#0"},
				"east": {"uv": [6, 3, 2, 4], "texture": "#0"},
				"south": {"uv": [8, 8, 14, 9], "texture": "#0"},
				"west": {"uv": [5, 0, 1, 1], "texture": "#0"},
				"up": {"uv": [2, 0, 6, 6], "rotation": 90, "texture": "#0"}
			}
		},
		{
			"from": [6.75, 8, 6.75],
			"to": [9.25, 12.5, 9.25],
			"faces": {
				"north": {"uv": [13, 1, 16, 6], "texture": "#0"},
				"east": {"uv": [13, 1, 16, 6], "texture": "#0"},
				"south": {"uv": [13, 1, 16, 6], "texture": "#0"},
				"west": {"uv": [13, 1, 16, 6], "texture": "#0"},
				"up": {"uv": [10, 0, 13, 3], "texture": "#0"},
				"down": {"uv": [10, 2, 13, 5], "texture": "#0"}
			}
		},
		{
			"from": [6.5, 8, 6.5],
			"to": [9.5, 9, 9.5],
			"faces": {
				"north": {"uv": [10, 2, 11.91667, 3], "texture": "#0"},
				"east": {"uv": [10, 2, 11.91667, 3], "texture": "#0"},
				"south": {"uv": [10, 2, 11.91667, 3], "texture": "#0"},
				"west": {"uv": [10, 2, 12, 3], "texture": "#0"},
				"up": {"uv": [15, 0, 16, 1], "texture": "#0"},
				"down": {"uv": [7, 2, 10, 5.25], "texture": "#0"}
			}
		}
	],
	"display": {
		"thirdperson_righthand": {
			"rotation": [66, 159, 0],
			"translation": [0, 2.75, 2.5],
			"scale": [0.64, 0.64, 0.64]
		},
		"thirdperson_lefthand": {
			"rotation": [66, -156, 0],
			"translation": [0, 2.75, 2.5],
			"scale": [0.64, 0.64, 0.64]
		},
		"firstperson_righthand": {
			"rotation": [0, 225, 0],
			"translation": [0, 5, 0],
			"scale": [0.5, 0.5, 0.5]
		},
		"firstperson_lefthand": {
			"rotation": [0, 225, 0],
			"translation": [0, 5, 0],
			"scale": [0.5, 0.5, 0.5]
		},
		"ground": {
			"translation": [0, 2, 0],
			"scale": [0.7, 0.7, 0.7]
		},
		"gui": {
			"rotation": [30, 225, 0],
			"translation": [0, 1.25, 0]
		},
		"head": {
			"translation": [-0.75, 15, -2]
		},
		"fixed": {
			"rotation": [0, 180, 0]
		}
	}
}