{
	"credit": "Made by YSBB with Blockbench",
	"textures": {
		"2": "item/block/142"
	},
	"elements": [
		{
			"from": [6.4, 0, 6.5],
			"to": [9.4, 0.75, 9.5],
			"rotation": {"angle": 0, "axis": "y", "origin": [11.4, 3.45, 4.5]},
			"faces": {
				"north": {"uv": [1, 11, 2, 12], "texture": "#2"},
				"east": {"uv": [1, 11, 2, 12], "texture": "#2"},
				"south": {"uv": [1, 11, 2, 12], "texture": "#2"},
				"west": {"uv": [1, 11, 2, 12], "texture": "#2"},
				"up": {"uv": [1, 11, 2, 12], "rotation": 270, "texture": "#2"},
				"down": {"uv": [1, 11, 2, 12], "rotation": 90, "texture": "#2"}
			}
		},
		{
			"from": [7.5, 0.7, 7.6],
			"to": [8.3, 3.7, 8.4],
			"rotation": {"angle": 0, "axis": "y", "origin": [11.4, 2.15, 4.5]},
			"faces": {
				"north": {"uv": [1, 11, 2, 12], "texture": "#2"},
				"east": {"uv": [1, 11, 2, 12], "texture": "#2"},
				"south": {"uv": [1, 11, 2, 12], "texture": "#2"},
				"west": {"uv": [1, 11, 2, 12], "texture": "#2"}
			}
		},
		{
			"from": [6.3, 8.7, 6.3],
			"to": [9.6, 4.5, 9.6],
			"rotation": {"angle": 0, "axis": "y", "origin": [11.2, 1.15, 4.7]},
			"faces": {
				"north": {"uv": [11, 6, 13, 8], "texture": "#2"},
				"east": {"uv": [11, 6, 13, 8], "texture": "#2"},
				"south": {"uv": [11, 6, 13, 8], "texture": "#2"},
				"west": {"uv": [11, 6, 13, 8], "texture": "#2"}
			}
		},
		{
			"from": [6.3, 4.15, 6.3],
			"to": [9.6, 6.15, 9.6],
			"rotation": {"angle": 0, "axis": "y", "origin": [11.2, 1.75, 4.7]},
			"faces": {
				"north": {"uv": [12, 1, 15, 3], "texture": "#2"},
				"east": {"uv": [12, 1, 15, 3], "texture": "#2"},
				"south": {"uv": [12, 1, 15, 3], "texture": "#2"},
				"west": {"uv": [12, 1, 15, 3], "texture": "#2"},
				"up": {"uv": [12, 1, 15, 4], "rotation": 270, "texture": "#2"},
				"down": {"uv": [12, 1, 15, 4], "rotation": 90, "texture": "#2"}
			}
		},
		{
			"from": [5.8, 3.7, 5.8],
			"to": [10.1, 8.7, 10.1],
			"rotation": {"angle": 0, "axis": "y", "origin": [11.2, 2.15, 4.7]},
			"faces": {
				"north": {"uv": [6, 6, 11, 11], "texture": "#2"},
				"east": {"uv": [6, 6, 11, 11], "texture": "#2"},
				"south": {"uv": [6, 6, 11, 11], "texture": "#2"},
				"west": {"uv": [6, 6, 11, 11], "texture": "#2"},
				"up": {"uv": [1.25, 6.25, 5.75, 10.75], "rotation": 270, "texture": "#2"},
				"down": {"uv": [6, 6, 11, 11], "rotation": 90, "texture": "#2"}
			}
		}
	],
	"display": {
		"thirdperson_righthand": {
			"rotation": [66, 159, 0],
			"translation": [0, 2.75, 2.5],
			"scale": [0.64, 0.64, 0.64]
		},
		"thirdperson_lefthand": {
			"rotation": [66, -156, 0],
			"translation": [0, 2.75, 2.5],
			"scale": [0.64, 0.64, 0.64]
		},
		"firstperson_righthand": {
			"rotation": [0, 225, 0],
			"translation": [0, 5, 0],
			"scale": [0.5, 0.5, 0.5]
		},
		"firstperson_lefthand": {
			"rotation": [0, 225, 0],
			"translation": [0, 5, 0],
			"scale": [0.5, 0.5, 0.5]
		},
		"ground": {
			"translation": [0, 2, 0],
			"scale": [0.7, 0.7, 0.7]
		},
		"gui": {
			"rotation": [30, 225, 0],
			"translation": [0, 1, 0],
			"scale": [1.1, 1.1, 1.1]
		},
		"head": {
			"translation": [-0.75, 15, -2]
		},
		"fixed": {
			"rotation": [0, 180, 0]
		}
	},
	"groups": [
		{
			"name": "group",
			"origin": [0, 0, 0],
			"color": 0,
			"children": [0, 1, 2, 3]
		},
		4,
		{
			"name": "group",
			"origin": [0, 0, 0],
			"color": 0,
			"children": []
		}
	]
}