{
	"credit": "Made by YSBB with Blockbench",
	"textures": {
		"1": "item/block/139",
		"particle": "item/block/139"
	},
	"elements": [
		{
			"from": [5.75, 0, 5.7],
			"to": [10.25, 2.5, 10.2],
			"rotation": {"angle": 0, "axis": "y", "origin": [3.51225, 1.5, 0.86793]},
			"faces": {
				"north": {"uv": [0, 0, 5, 3], "texture": "#1"},
				"east": {"uv": [0, 0, 5, 3], "texture": "#1"},
				"south": {"uv": [0, 0, 5, 3], "texture": "#1"},
				"west": {"uv": [0, 0, 5, 3], "texture": "#1"},
				"up": {"uv": [7, 0, 12, 5], "rotation": 270, "texture": "#1"},
				"down": {"uv": [2, 6, 6, 10], "rotation": 90, "texture": "#1"}
			}
		},
		{
			"from": [6.65, 2.5, 6.6],
			"to": [9.35, 1.8, 9.3],
			"rotation": {"angle": 0, "axis": "y", "origin": [1.25, -0.5, 1.2]},
			"faces": {
				"north": {"uv": [1, 14, 4, 16], "texture": "#1"},
				"east": {"uv": [1, 14, 4, 16], "texture": "#1"},
				"south": {"uv": [1, 14, 4, 16], "texture": "#1"},
				"west": {"uv": [1, 14, 4, 16], "texture": "#1"},
				"up": {"uv": [13, 3, 16, 6], "texture": "#1"},
				"down": {"uv": [1, 7, 4, 10], "texture": "#1"}
			}
		}
	],
	"display": {
		"thirdperson_righthand": {
			"rotation": [66, 159, 0],
			"translation": [0, 2.75, 2.5],
			"scale": [0.64, 0.64, 0.64]
		},
		"thirdperson_lefthand": {
			"rotation": [66, -156, 0],
			"translation": [0, 2.75, 2.5],
			"scale": [0.64, 0.64, 0.64]
		},
		"firstperson_righthand": {
			"rotation": [0, 225, 0],
			"translation": [0, 5, 0],
			"scale": [0.5, 0.5, 0.5]
		},
		"firstperson_lefthand": {
			"rotation": [0, 225, 0],
			"translation": [0, 5, 0],
			"scale": [0.5, 0.5, 0.5]
		},
		"ground": {
			"translation": [0, 2, 0],
			"scale": [0.7, 0.7, 0.7]
		},
		"gui": {
			"rotation": [30, 225, 0],
			"translation": [0, 1.5, 0],
			"scale": [1.1, 1.1, 1.1]
		},
		"head": {
			"translation": [-0.75, 15, -2]
		},
		"fixed": {
			"rotation": [0, 180, 0]
		}
	}
}