{
	"credit": "Made by YSBB with Blockbench",
	"textures": {
		"0": "item/block/145",
		"particle": "item/block/145"
	},
	"elements": [
		{
			"from": [3, 0, 3],
			"to": [13, 6, 13],
			"faces": {
				"north": {"uv": [16, 5, 10, 15], "rotation": 90, "texture": "#0"},
				"east": {"uv": [16, 5, 10, 15], "rotation": 90, "texture": "#0"},
				"south": {"uv": [16, 5, 10, 15], "rotation": 90, "texture": "#0"},
				"west": {"uv": [16, 5, 10, 15], "rotation": 90, "texture": "#0"},
				"up": {"uv": [0, 0, 10, 10], "texture": "#0"},
				"down": {"uv": [0, 0, 10, 10], "texture": "#0"}
			}
		},
		{
			"from": [5, 6, 5],
			"to": [11, 8, 11],
			"rotation": {"angle": 0, "axis": "y", "origin": [0, -1, 0]},
			"faces": {
				"north": {"uv": [0, 13, 6, 15], "texture": "#0"},
				"east": {"uv": [0, 13, 6, 15], "texture": "#0"},
				"south": {"uv": [0, 13, 6, 15], "texture": "#0"},
				"west": {"uv": [0, 13, 6, 15], "texture": "#0"},
				"up": {"uv": [0, 0, 6, 6], "texture": "#0"}
			}
		},
		{
			"from": [7, 8, 7],
			"to": [9, 9, 9],
			"rotation": {"angle": 0, "axis": "y", "origin": [0, 1, 0]},
			"faces": {
				"north": {"uv": [14, 0, 16, 1], "texture": "#0"},
				"east": {"uv": [14, 0, 16, 1], "texture": "#0"},
				"south": {"uv": [14, 0, 16, 1], "texture": "#0"},
				"west": {"uv": [14, 0, 16, 1], "texture": "#0"},
				"up": {"uv": [14, 0, 16, 2], "rotation": 90, "texture": "#0"}
			}
		},
		{
			"from": [0, 3, 7],
			"to": [4, 4, 9],
			"rotation": {"angle": 0, "axis": "y", "origin": [1, -1, 0]},
			"faces": {
				"north": {"uv": [0, 0, 4, 1], "texture": "#0"},
				"south": {"uv": [0, 0, 4, 1], "texture": "#0"},
				"west": {"uv": [0, 0, 2, 1], "texture": "#0"},
				"up": {"uv": [0, 0, 4, 2], "texture": "#0"},
				"down": {"uv": [0, 0, 4, 2], "texture": "#0"}
			}
		},
		{
			"from": [0, 0, 7],
			"to": [3, 1, 9],
			"rotation": {"angle": 0, "axis": "y", "origin": [1, 0, 0]},
			"faces": {
				"north": {"uv": [0, 0, 3, 1], "texture": "#0"},
				"south": {"uv": [0, 0, 3, 1], "texture": "#0"},
				"west": {"uv": [0, 0, 2, 1], "texture": "#0"},
				"up": {"uv": [0, 0, 3, 2], "texture": "#0"},
				"down": {"uv": [0, 0, 3, 2], "texture": "#0"}
			}
		},
		{
			"from": [0, 1, 7],
			"to": [2, 3, 9],
			"rotation": {"angle": 0, "axis": "y", "origin": [1, -1, 0]},
			"faces": {
				"north": {"uv": [0, 0, 2, 2], "texture": "#0"},
				"east": {"uv": [0, 0, 2, 2], "texture": "#0"},
				"south": {"uv": [0, 0, 2, 2], "texture": "#0"},
				"west": {"uv": [0, 0, 2, 2], "texture": "#0"}
			}
		},
		{
			"from": [13, 0, 7],
			"to": [15, 3.9, 9],
			"rotation": {"angle": 0, "axis": "z", "origin": [14.01759, 2.84602, 8]},
			"faces": {
				"north": {"uv": [5.9, 10, 2, 12], "rotation": 90, "texture": "#0"},
				"east": {"uv": [3, 10, 6.9, 12], "rotation": 270, "texture": "#0"},
				"south": {"uv": [2, 10, 5.9, 12], "rotation": 270, "texture": "#0"},
				"up": {"uv": [4, 5, 6, 7], "texture": "#0"},
				"down": {"uv": [0, 12, 2, 14], "texture": "#0"}
			}
		},
		{
			"from": [15, 3, 7],
			"to": [16, 3.9, 9],
			"rotation": {"angle": 0, "axis": "z", "origin": [14.01759, 2.84602, 8]},
			"faces": {
				"north": {"uv": [5.9, 10, 4, 11], "rotation": 90, "texture": "#0"},
				"east": {"uv": [4, 10, 5.9, 12], "rotation": 270, "texture": "#0"},
				"south": {"uv": [4, 10, 5.9, 11], "rotation": 270, "texture": "#0"},
				"up": {"uv": [4, 6, 5, 8], "texture": "#0"},
				"down": {"uv": [0, 12, 1, 14], "texture": "#0"}
			}
		},
		{
			"from": [4, 10.25, 6.75],
			"to": [12, 11.5, 9.25],
			"rotation": {"angle": 0, "axis": "y", "origin": [8, 9.25, 8.5]},
			"faces": {
				"north": {"uv": [9, 14, 1, 15], "texture": "#0"},
				"east": {"uv": [1, 14, 3, 15], "texture": "#0"},
				"south": {"uv": [1, 14, 9, 15], "texture": "#0"},
				"west": {"uv": [1, 14, 3, 15], "texture": "#0"},
				"up": {"uv": [1, 14, 9, 15], "texture": "#0"},
				"down": {"uv": [1, 14, 9, 15], "texture": "#0"}
			}
		},
		{
			"from": [3, 6, 7],
			"to": [3, 10.5, 9],
			"rotation": {"angle": 0, "axis": "y", "origin": [8, 9.75, 8]},
			"faces": {
				"north": {"uv": [0, 0, 0, 4.5], "texture": "#0"},
				"east": {"uv": [0, 0, 2, 4.5], "texture": "#0"},
				"south": {"uv": [0, 0, 0, 4.5], "texture": "#0"},
				"west": {"uv": [0, 0, 2, 4.5], "texture": "#0"},
				"up": {"uv": [0, 0, 0, 2], "texture": "#0"},
				"down": {"uv": [0, 0, 0, 2], "texture": "#0"}
			}
		},
		{
			"from": [13, 6, 7],
			"to": [13, 10.5, 9],
			"rotation": {"angle": 0, "axis": "y", "origin": [8, 9.75, 8]},
			"faces": {
				"north": {"uv": [0, 0, 0, 4.5], "texture": "#0"},
				"east": {"uv": [0, 0, 2, 4.5], "texture": "#0"},
				"south": {"uv": [0, 0, 0, 4.5], "texture": "#0"},
				"west": {"uv": [0, 0, 2, 4.5], "texture": "#0"},
				"up": {"uv": [0, 0, 0, 2], "texture": "#0"},
				"down": {"uv": [0, 0, 0, 2], "texture": "#0"}
			}
		},
		{
			"from": [3, 10.5, 7],
			"to": [13, 10.5, 9],
			"rotation": {"angle": 0, "axis": "y", "origin": [8, 9.25, 8]},
			"faces": {
				"north": {"uv": [0, 0, 10, 0], "texture": "#0"},
				"east": {"uv": [0, 0, 2, 0], "texture": "#0"},
				"south": {"uv": [0, 0, 10, 0], "texture": "#0"},
				"west": {"uv": [0, 0, 2, 0], "texture": "#0"},
				"up": {"uv": [0, 0, 10, 2], "texture": "#0"},
				"down": {"uv": [0, 0, 10, 2], "texture": "#0"}
			}
		}
	],
	"display": {
		"thirdperson_righthand": {
			"rotation": [65, 180, 0],
			"translation": [0, 3, 1],
			"scale": [0.55, 0.55, 0.55]
		},
		"thirdperson_lefthand": {
			"rotation": [64, 0, 0],
			"translation": [0, 3, 1],
			"scale": [0.55, 0.55, 0.55]
		},
		"firstperson_righthand": {
			"rotation": [0, 130, 0],
			"translation": [3.13, 3.2, 1.13],
			"scale": [0.68, 0.68, 0.68]
		},
		"firstperson_lefthand": {
			"rotation": [0, 130, 0],
			"translation": [3.13, 3.2, 1.13],
			"scale": [0.68, 0.68, 0.68]
		},
		"ground": {
			"translation": [0, 2, 0],
			"scale": [0.6, 0.6, 0.6]
		},
		"gui": {
			"rotation": [30, -45, 0],
			"translation": [0, 2.5, 0]
		},
		"head": {
			"rotation": [0, 180, 0],
			"translation": [0, 14.75, -0.25]
		},
		"fixed": {
			"rotation": [-90, 0, 0],
			"translation": [0, 0, -14],
			"scale": [2, 2, 2]
		}
	}
}