{
	"credit": "Made by YSBB with Blockbench",
	"texture_size": [16, 32],
	"textures": {
		"1": "item/block/154"
	},
	"elements": [
		{
			"from": [0, 11.93761, -5],
			"to": [16, 11.93761, 14.60935],
			"rotation": {"angle": -22.5, "axis": "x", "origin": [8, 11.93761, 6.60935]},
			"faces": {
				"north": {"uv": [0, 0, 16, 0], "rotation": 180, "texture": "#1"},
				"east": {"uv": [0, 4, 1, 12], "rotation": 270, "texture": "#1"},
				"south": {"uv": [0, 0, 16, 0], "texture": "#1"},
				"west": {"uv": [15, 4, 16, 12], "rotation": 90, "texture": "#1"},
				"up": {"uv": [0, 4, 16, 12], "rotation": 180, "texture": "#1"},
				"down": {"uv": [16, 4, 0, 12], "texture": "#1"}
			}
		},
		{
			"from": [0, 10.93761, -5],
			"to": [16, 11.93761, 14.60935],
			"rotation": {"angle": -22.5, "axis": "x", "origin": [8, 11.93761, 6.60935]},
			"faces": {
				"north": {"uv": [0, 0, 16, 0], "rotation": 180, "texture": "#1"},
				"east": {"uv": [0, 4, 1, 12], "rotation": 270, "texture": "#1"},
				"south": {"uv": [0, 0, 16, 0], "texture": "#1"},
				"west": {"uv": [15, 4, 16, 12], "rotation": 90, "texture": "#1"}
			}
		},
		{
			"from": [0, 0.49583, -4.11667],
			"to": [16, 7.49583, -4.11667],
			"rotation": {"angle": 0, "axis": "x", "origin": [8, 16.49583, 10.88333]},
			"faces": {
				"north": {"uv": [0, 12.5, 16, 16], "texture": "#1"},
				"east": {"uv": [0, 4, 1, 7], "texture": "#1"},
				"south": {"uv": [16, 12.5, 0, 16], "texture": "#1"},
				"west": {"uv": [15, 12, 16, 4], "texture": "#1"},
				"up": {"uv": [0, 0, 16, 2], "texture": "#1"},
				"down": {"uv": [0, 0, 16, 2], "texture": "#1"}
			}
		},
		{
			"from": [0, 1.49583, -4.11667],
			"to": [16, 7.49583, -3.11667],
			"rotation": {"angle": 0, "axis": "x", "origin": [8, 16.49583, 10.88333]},
			"faces": {
				"east": {"uv": [0, 4, 1, 7], "texture": "#1"},
				"west": {"uv": [15, 12, 16, 4], "texture": "#1"}
			}
		},
		{
			"from": [-0.1, 14, 14],
			"to": [16.1, 16, 16],
			"faces": {
				"north": {"uv": [0, 2.5, 16, 3.5], "texture": "#1"},
				"east": {"uv": [0, 2.5, 2, 3.5], "texture": "#1"},
				"south": {"uv": [16, 2.5, 0, 3.5], "texture": "#1"},
				"west": {"uv": [0, 2.5, 2, 3.5], "texture": "#1"},
				"up": {"uv": [0, 2.5, 16, 3.5], "texture": "#1"},
				"down": {"uv": [0, 2.5, 16, 3.5], "texture": "#1"}
			}
		}
	],
	"display": {
		"thirdperson_righthand": {
			"rotation": [75, 45, 0],
			"translation": [0, 2.5, 0],
			"scale": [0.3, 0.3, 0.3]
		},
		"thirdperson_lefthand": {
			"rotation": [75, 45, 0],
			"translation": [0, 2.5, 0],
			"scale": [0.3, 0.3, 0.3]
		},
		"firstperson_righthand": {
			"rotation": [0, 180, 0],
			"scale": [0.4, 0.4, 0.4]
		},
		"firstperson_lefthand": {
			"rotation": [0, 180, 0],
			"scale": [0.4, 0.4, 0.4]
		},
		"ground": {
			"translation": [0, 2, 0],
			"scale": [0.4, 0.4, 0.4]
		},
		"gui": {
			"rotation": [30, 225, 0],
			"translation": [-1.25, 0.25, 0],
			"scale": [0.6, 0.6, 0.6]
		},
		"head": {
			"rotation": [0, 180, 0],
			"translation": [0, 0.25, 7]
		},
		"fixed": {
			"translation": [0, 0, -14],
			"scale": [2, 2, 2]
		}
	}
}