{
	"credit": "Made by YSBB with Blockbench",
	"texture_size": [64, 64],
	"textures": {
		"0": "item/block/160",
		"1": "item/block/155_1",
		"particle": "item/block/160"
	},
	"elements": [
		{
			"from": [-16, 0, -16],
			"to": [32, 15, 32],
			"faces": {
				"north": {"uv": [0, 12.25, 12, 16], "texture": "#0"},
				"east": {"uv": [0, 12.25, 12, 16], "texture": "#0"},
				"south": {"uv": [0, 12.25, 12, 16], "texture": "#0"},
				"west": {"uv": [0, 12.25, 12, 16], "texture": "#0"},
				"up": {"uv": [0, 0, 12, 12], "texture": "#0"}
			}
		},
		{
			"from": [-16, 9, -16],
			"to": [32, 9, 32],
			"faces": {
				"down": {"uv": [0, 0, 12, 12], "texture": "#1"}
			}
		},
		{
			"from": [-16, 15, -16],
			"to": [32, 0, 32],
			"faces": {
				"north": {"uv": [0, 16, 12, 12.25], "texture": "#0"},
				"east": {"uv": [0, 16, 12, 12.25], "texture": "#0"},
				"south": {"uv": [0, 16, 12, 12.25], "texture": "#0"},
				"west": {"uv": [0, 16, 12, 12.25], "texture": "#0"},
				"down": {"uv": [0, 0, 12, 12], "texture": "#0"}
			}
		},
		{
			"from": [5, 14, 5],
			"to": [11, 17, 11],
			"faces": {
				"north": {"uv": [13.25, 2.25, 14.25, 2.5], "texture": "#0"},
				"east": {"uv": [13.25, 2.25, 14.75, 2.5], "texture": "#0"},
				"south": {"uv": [13.25, 2.25, 14.25, 2.5], "texture": "#0"},
				"west": {"uv": [13.25, 2.25, 14.75, 2.5], "texture": "#0"},
				"up": {"uv": [13.25, 0.5, 14.75, 2], "rotation": 90, "texture": "#0"},
				"down": {"uv": [13.75, 0.75, 14.25, 1.25], "texture": "#0"}
			}
		}
	],
	"display": {
		"thirdperson_righthand": {
			"rotation": [0, 45, 0],
			"translation": [0, 2.5, 0],
			"scale": [0.2, 0.2, 0.2]
		},
		"thirdperson_lefthand": {
			"rotation": [0, 45, 0],
			"translation": [0, 2.5, 0],
			"scale": [0.2, 0.2, 0.2]
		},
		"firstperson_righthand": {
			"rotation": [0, 45, 0],
			"scale": [0.2, 0.2, 0.2]
		},
		"firstperson_lefthand": {
			"rotation": [0, 45, 0],
			"scale": [0.2, 0.2, 0.2]
		},
		"ground": {
			"translation": [0, 3, 0],
			"scale": [0.25, 0.25, 0.25]
		},
		"gui": {
			"rotation": [30, 225, 0],
			"translation": [0, -0.5, 0],
			"scale": [0.26, 0.26, 0.26]
		},
		"head": {
			"translation": [0, 5.75, 0],
			"scale": [0.6, 0.6, 0.6]
		},
		"fixed": {
			"rotation": [-90, 0, 0],
			"translation": [0, 0, 14],
			"scale": [2, 2, 2]
		}
	}
}