{
	"credit": "Made by YSBB with Blockbench",
	"texture_size": [32, 32],
	"textures": {
		"2": "item/block/164"
	},
	"elements": [
		{
			"from": [7, 11.10782, 6.43082],
			"to": [9, 15.10782, 8.43082],
			"rotation": {"angle": 22.5, "axis": "x", "origin": [8, 10.87318, 7.45806]},
			"faces": {
				"north": {"uv": [1, 0, 2, 2], "texture": "#2"},
				"east": {"uv": [1, 0, 2, 2], "texture": "#2"},
				"south": {"uv": [1, 0, 2, 2], "texture": "#2"},
				"west": {"uv": [1, 0, 2, 2], "texture": "#2"},
				"up": {"uv": [3, 1, 2, 0], "texture": "#2"},
				"down": {"uv": [0, 0, 1, 1], "texture": "#2"}
			}
		},
		{
			"from": [7.25, 1.45715, 9.66554],
			"to": [8.75, 4.25715, 11.16554],
			"rotation": {"angle": 0, "axis": "x", "origin": [8, 4.45715, 9.81554]},
			"faces": {
				"north": {"uv": [4.25, 3.5, 5, 4.775], "texture": "#2"},
				"east": {"uv": [4.25, 3.5, 5, 4.775], "texture": "#2"},
				"south": {"uv": [4.25, 3.5, 5, 4.775], "texture": "#2"},
				"west": {"uv": [4.25, 3.5, 5, 4.775], "texture": "#2"},
				"up": {"uv": [0, 0, 0.75, 0.75], "texture": "#2"},
				"down": {"uv": [0, 0, 0.75, 0.75], "texture": "#2"}
			}
		},
		{
			"from": [7, 4.20715, 9.41554],
			"to": [9, 6.20715, 11.41554],
			"rotation": {"angle": 0, "axis": "y", "origin": [8, 4.45715, 9.81554]},
			"faces": {
				"north": {"uv": [0, 1, 1, 0], "texture": "#2"},
				"east": {"uv": [0, 1, 1, 0], "texture": "#2"},
				"south": {"uv": [0, 1, 1, 0], "texture": "#2"},
				"west": {"uv": [0, 1, 1, 0], "texture": "#2"},
				"up": {"uv": [0, 0.5, 1, 1.5], "texture": "#2"},
				"down": {"uv": [0, 0, 1, 1], "texture": "#2"}
			}
		},
		{
			"from": [7.25, 5.78259, 9.86265],
			"to": [8.75, 7.28259, 12.26265],
			"rotation": {"angle": -45, "axis": "x", "origin": [8, 6.53259, 11.13765]},
			"faces": {
				"north": {"uv": [11.5, 4, 12.5, 4.75], "rotation": 180, "texture": "#2"},
				"east": {"uv": [12, 4, 12.5, 5.325], "rotation": 270, "texture": "#2"},
				"south": {"uv": [0, 1.375, 0.5, 1.875], "texture": "#2"},
				"west": {"uv": [12, 4, 12.5, 5.325], "rotation": 90, "texture": "#2"},
				"up": {"uv": [0, 0.5, 1, 1.825], "rotation": 180, "texture": "#2"},
				"down": {"uv": [0.5, 0.5, 1, 1.325], "texture": "#2"}
			}
		},
		{
			"from": [4.25, 0.10665, 4.0185],
			"to": [11.75, 2.10665, 12.5185],
			"rotation": {"angle": 0, "axis": "x", "origin": [8, 7.10665, 11.5185]},
			"faces": {
				"north": {"uv": [0.5, 5.5, 4.5, 6.5], "texture": "#2"},
				"east": {"uv": [0, 5.5, 4.5, 6.5], "texture": "#2"},
				"south": {"uv": [0.5, 5.5, 4.5, 6.5], "texture": "#2"},
				"west": {"uv": [0, 5.5, 4.5, 6.5], "texture": "#2"},
				"up": {"uv": [0, 7, 4, 11.5], "texture": "#2"},
				"down": {"uv": [0.5, 7.5, 3.5, 11], "texture": "#2"}
			}
		},
		{
			"from": [7.8, 5.76863, 7.73373],
			"to": [8.05, 8.76863, 10.73373],
			"rotation": {"angle": 45, "axis": "x", "origin": [8, 7.51863, 9.98373]},
			"faces": {
				"east": {"uv": [0, 3.5, 1.5, 5], "rotation": 270, "texture": "#2"},
				"west": {"uv": [0, 3.5, 1.5, 5], "rotation": 90, "texture": "#2"}
			}
		},
		{
			"from": [6.75, 6.13855, 6.2353],
			"to": [9.25, 11.13855, 8.7353],
			"rotation": {"angle": 22.5, "axis": "x", "origin": [8, 10.87318, 7.45806]},
			"faces": {
				"north": {"uv": [0, 0, 1, 3], "texture": "#2"},
				"east": {"uv": [0, 0, 1, 3], "texture": "#2"},
				"south": {"uv": [0, 0, 1, 3], "texture": "#2"},
				"west": {"uv": [1, 0, 0, 3], "texture": "#2"},
				"up": {"uv": [0, 0, 0.5, 0.5], "texture": "#2"},
				"down": {"uv": [2, 0, 3, 1], "texture": "#2"}
			}
		},
		{
			"from": [5.5, 3.46927, 4.44552],
			"to": [10.5, 4.46927, 10.44552],
			"rotation": {"angle": 22.5, "axis": "x", "origin": [7.5, 11.21927, 9.19552]},
			"faces": {
				"north": {"uv": [5, 10.5, 7.5, 11], "texture": "#2"},
				"east": {"uv": [5, 11.5, 8, 12], "texture": "#2"},
				"south": {"uv": [5, 10.5, 7.5, 11], "texture": "#2"},
				"west": {"uv": [8, 11.5, 5, 12], "texture": "#2"},
				"up": {"uv": [5, 7, 7.5, 10], "texture": "#2"},
				"down": {"uv": [5, 10, 7.5, 7], "texture": "#2"}
			}
		},
		{
			"from": [6.5, 1.46927, 6.44552],
			"to": [6.5, 3.46927, 12.44552],
			"rotation": {"angle": 22.5, "axis": "x", "origin": [7.5, 11.21927, 9.19552]},
			"faces": {
				"east": {"uv": [1, 14, 4, 15], "texture": "#2"},
				"west": {"uv": [4, 14, 1, 15], "texture": "#2"}
			}
		},
		{
			"from": [9.5, 1.46927, 6.44552],
			"to": [9.5, 3.46927, 12.44552],
			"rotation": {"angle": 22.5, "axis": "x", "origin": [7.5, 11.21927, 9.19552]},
			"faces": {
				"east": {"uv": [1, 14, 4, 15], "texture": "#2"},
				"west": {"uv": [4, 14, 1, 15], "texture": "#2"}
			}
		}
	],
	"display": {
		"thirdperson_righthand": {
			"translation": [0, 4.25, 1],
			"scale": [0.55, 0.55, 0.55]
		},
		"thirdperson_lefthand": {
			"translation": [0, 4.25, 1],
			"scale": [0.55, 0.55, 0.55]
		},
		"firstperson_righthand": {
			"rotation": [0, 90, 25],
			"translation": [1.13, 4.95, 1.13],
			"scale": [0.68, 0.68, 0.68]
		},
		"firstperson_lefthand": {
			"rotation": [0, 90, 25],
			"translation": [1.13, 4.95, 1.13],
			"scale": [0.68, 0.68, 0.68]
		},
		"ground": {
			"translation": [0, 2, 0],
			"scale": [0.7, 0.7, 0.7]
		},
		"gui": {
			"rotation": [30, 225, 0],
			"translation": [0, 1.5, 0]
		},
		"head": {
			"rotation": [0, 180, 0],
			"translation": [0, 14.25, 0.5]
		},
		"fixed": {
			"rotation": [-90, 0, 0],
			"translation": [0, 0, -14],
			"scale": [2, 2, 2]
		}
	}
}