{
	"credit": "Made by YSBB with Blockbench",
	"texture_size": [32, 32],
	"textures": {
		"1": "item/block/165",
		"particle": "item/block/165"
	},
	"elements": [
		{
			"from": [0.05, 0, 4],
			"to": [16.05, 1, 12],
			"rotation": {"angle": 0, "axis": "y", "origin": [8.025, 4, 6.75]},
			"faces": {
				"north": {"uv": [0, 3.5, 8, 4], "texture": "#1"},
				"east": {"uv": [1.5, 3.5, 5.5, 3], "texture": "#1"},
				"south": {"uv": [0, 3.5, 8, 4], "texture": "#1"},
				"west": {"uv": [2, 3, 6, 3.5], "texture": "#1"},
				"up": {"uv": [0, 0, 8, 4], "rotation": 180, "texture": "#1"},
				"down": {"uv": [0, 0, 8, 4], "rotation": 180, "texture": "#1"}
			}
		},
		{
			"from": [0, 6, 5],
			"to": [16, 6, 11],
			"rotation": {"angle": 0, "axis": "y", "origin": [8.025, 4, 6.75]},
			"faces": {
				"west": {"uv": [2, 3, 5.5, 3.5], "texture": "#1"},
				"up": {"uv": [0.5, 4.5, 8.5, 7.5], "rotation": 180, "texture": "#1"},
				"down": {"uv": [0.5, 7.5, 8.5, 4.5], "rotation": 180, "texture": "#1"}
			}
		},
		{
			"from": [14.05, 1, 8],
			"to": [15.05, 6, 8],
			"rotation": {"angle": 0, "axis": "y", "origin": [8.025, 4, 6.75]},
			"faces": {
				"north": {"uv": [0, 1.5, 0.5, 4], "texture": "#1"},
				"south": {"uv": [1.5, 1.5, 2, 4], "texture": "#1"}
			}
		},
		{
			"from": [1.05, 1, 8],
			"to": [2.05, 6, 8],
			"rotation": {"angle": 0, "axis": "y", "origin": [8.025, 4, 6.75]},
			"faces": {
				"north": {"uv": [4.5, 1.5, 5, 4], "texture": "#1"},
				"south": {"uv": [6.5, 0, 7, 2.5], "texture": "#1"}
			}
		}
	],
	"display": {
		"thirdperson_righthand": {
			"translation": [0, 4.25, 1],
			"scale": [0.55, 0.55, 0.55]
		},
		"thirdperson_lefthand": {
			"translation": [0, 4.25, 1],
			"scale": [0.55, 0.55, 0.55]
		},
		"firstperson_righthand": {
			"rotation": [0, 90, 25],
			"translation": [1.13, 4.95, 1.13],
			"scale": [0.68, 0.68, 0.68]
		},
		"firstperson_lefthand": {
			"rotation": [0, 90, 25],
			"translation": [1.13, 4.95, 1.13],
			"scale": [0.68, 0.68, 0.68]
		},
		"ground": {
			"translation": [0, 2, 0],
			"scale": [0.7, 0.7, 0.7]
		},
		"gui": {
			"rotation": [30, 225, 0],
			"translation": [0, 3, 0],
			"scale": [0.97, 0.97, 0.97]
		},
		"head": {
			"rotation": [0, 180, 0],
			"translation": [0, 14.25, 0.5]
		},
		"fixed": {
			"translation": [0, 0, -2.75]
		}
	},
	"groups": [
		0,
		1,
		2,
		3,
		{
			"name": "group",
			"origin": [0, 0, 0],
			"color": 0,
			"children": []
		}
	]
}