{
	"credit": "Made by YSBB with Blockbench",
	"texture_size": [32, 32],
	"textures": {
		"1": "item/block/165",
		"particle": "item/block/165"
	},
	"elements": [
		{
			"from": [7.1, 1.25, 7.1],
			"to": [8.9, 4, 8.9],
			"rotation": {"angle": 0, "axis": "y", "origin": [8.025, 4, 6.75]},
			"faces": {
				"north": {"uv": [9.125, 3.125, 9.9, 4.375], "texture": "#1"},
				"east": {"uv": [9.125, 3.125, 9.9, 4.375], "texture": "#1"},
				"south": {"uv": [9.125, 3.125, 9.9, 4.375], "texture": "#1"},
				"west": {"uv": [9.125, 3.125, 9.9, 4.375], "texture": "#1"},
				"up": {"uv": [9, 2, 10, 3], "rotation": 180, "texture": "#1"},
				"down": {"uv": [9, 5.5, 10, 6.5], "rotation": 270, "texture": "#1"}
			}
		},
		{
			"from": [6.8, 7, 6.75],
			"to": [9.3, 8, 9.25],
			"rotation": {"angle": 0, "axis": "y", "origin": [8.025, 4, 6.75]},
			"faces": {
				"north": {"uv": [12.375, 1, 13.625, 1.5], "texture": "#1"},
				"east": {"uv": [12.375, 1, 13.625, 1.5], "texture": "#1"},
				"south": {"uv": [12.375, 1, 13.625, 1.5], "texture": "#1"},
				"west": {"uv": [12.375, 1, 13.625, 1.5], "texture": "#1"},
				"up": {"uv": [12, 0, 13, 1], "rotation": 180, "texture": "#1"},
				"down": {"uv": [12.375, 0, 13.625, 1.25], "rotation": 180, "texture": "#1"}
			}
		},
		{
			"from": [9.1, 1.1, 6.9],
			"to": [6.9, 7, 9.1],
			"rotation": {"angle": 0, "axis": "y", "origin": [8.025, 4, 6.75]},
			"faces": {
				"north": {"uv": [13, 2, 14, 5], "texture": "#1"},
				"east": {"uv": [13, 2, 14, 5], "texture": "#1"},
				"south": {"uv": [13, 2, 14, 5], "texture": "#1"},
				"west": {"uv": [13, 2, 14, 5], "texture": "#1"},
				"down": {"uv": [13, 4, 14, 5], "rotation": 180, "texture": "#1"}
			}
		}
	],
	"display": {
		"thirdperson_righthand": {
			"translation": [0, 4.25, 1],
			"scale": [0.55, 0.55, 0.55]
		},
		"thirdperson_lefthand": {
			"translation": [0, 4.25, 1],
			"scale": [0.55, 0.55, 0.55]
		},
		"firstperson_righthand": {
			"rotation": [0, 90, 25],
			"translation": [1.13, 4.95, 1.13],
			"scale": [0.68, 0.68, 0.68]
		},
		"firstperson_lefthand": {
			"rotation": [0, 90, 25],
			"translation": [1.13, 4.95, 1.13],
			"scale": [0.68, 0.68, 0.68]
		},
		"ground": {
			"translation": [0, 2, 0],
			"scale": [0.7, 0.7, 0.7]
		},
		"gui": {
			"rotation": [30, 225, 0],
			"translation": [0, 4.25, 0],
			"scale": [1.73, 1.73, 1.73]
		},
		"head": {
			"rotation": [0, 180, 0],
			"translation": [0, 14.25, 0.5]
		},
		"fixed": {
			"translation": [0, 6.5, -2.75],
			"scale": [2, 2, 2]
		}
	},
	"groups": [
		{
			"name": "group",
			"origin": [0, 0, 0],
			"color": 0,
			"children": [0, 1, 2]
		}
	]
}