{
	"credit": "Made by YSBB with Blockbench",
	"texture_size": [32, 32],
	"textures": {
		"1": "item/block/175",
		"particle": "item/block/175"
	},
	"elements": [
		{
			"from": [6.5, 5, 6],
			"to": [17.5, 16, 6],
			"rotation": {"angle": 45, "axis": "y", "origin": [11, 9.5, 8]},
			"faces": {
				"north": {"uv": [6.5, 7, 0, 0], "rotation": 90, "texture": "#1"},
				"south": {"uv": [6.5, 0, 0, 7], "rotation": 90, "texture": "#1"}
			}
		},
		{
			"from": [6, 0, 6],
			"to": [10, 3, 10],
			"rotation": {"angle": 0, "axis": "y", "origin": [6, 0.1, 5]},
			"faces": {
				"north": {"uv": [10.5, 1, 12.5, 2.5], "texture": "#1"},
				"east": {"uv": [10.5, 1, 12.5, 2.5], "texture": "#1"},
				"south": {"uv": [10.5, 1, 12.5, 2.5], "texture": "#1"},
				"west": {"uv": [10.5, 1, 12.5, 2.5], "texture": "#1"},
				"up": {"uv": [10.5, 3, 12.5, 5], "texture": "#1"},
				"down": {"uv": [12.5, 3, 14.5, 5], "texture": "#1"}
			}
		},
		{
			"from": [5, 0.1, 5],
			"to": [11, 4.1, 11],
			"rotation": {"angle": 0, "axis": "y", "origin": [6, 0, 5]},
			"faces": {
				"north": {"uv": [7.5, 6, 10.5, 8], "texture": "#1"},
				"east": {"uv": [7.5, 6, 10.5, 8], "texture": "#1"},
				"south": {"uv": [7.5, 6, 10.5, 8], "texture": "#1"},
				"west": {"uv": [7.5, 6, 10.5, 8], "texture": "#1"},
				"up": {"uv": [11, 8.5, 14, 11.5], "texture": "#1"},
				"down": {"uv": [7.5, 8.5, 10.5, 11.5], "texture": "#1"}
			}
		},
		{
			"from": [11, 0.1, 5],
			"to": [5, 4.1, 11],
			"rotation": {"angle": 0, "axis": "y", "origin": [6, 0, 5]},
			"faces": {
				"north": {"uv": [7.5, 6, 10.5, 8], "texture": "#1"},
				"east": {"uv": [7.5, 6, 10.5, 8], "texture": "#1"},
				"south": {"uv": [7.5, 6, 10.5, 8], "texture": "#1"},
				"west": {"uv": [7.5, 6, 10.5, 8], "texture": "#1"},
				"down": {"uv": [7.5, 8.5, 10.5, 11.5], "texture": "#1"}
			}
		},
		{
			"from": [6, 4, 6],
			"to": [10, 6, 10],
			"rotation": {"angle": 0, "axis": "y", "origin": [6, 4, 6]},
			"faces": {
				"north": {"uv": [8, 12.5, 10, 13.5], "texture": "#1"},
				"east": {"uv": [8, 12.5, 10, 13.5], "texture": "#1"},
				"south": {"uv": [8, 12.5, 10, 13.5], "texture": "#1"},
				"west": {"uv": [8, 12.5, 10, 13.5], "texture": "#1"},
				"up": {"uv": [8, 14, 10, 16], "texture": "#1"},
				"down": {"uv": [10.5, 14, 12.5, 16], "texture": "#1"}
			}
		}
	],
	"gui_light": "front",
	"display": {
		"thirdperson_righthand": {
			"translation": [0, 3, 1],
			"scale": [0.55, 0.55, 0.55]
		},
		"thirdperson_lefthand": {
			"translation": [0, 3, 1],
			"scale": [0.55, 0.55, 0.55]
		},
		"firstperson_righthand": {
			"rotation": [0, -15, 0],
			"translation": [0.25, 5.25, 0],
			"scale": [0.6, 0.6, 0.6]
		},
		"firstperson_lefthand": {
			"rotation": [0, -15, 0],
			"translation": [0.25, 5.25, 0],
			"scale": [0.6, 0.6, 0.6]
		},
		"ground": {
			"translation": [0, 2, 0],
			"scale": [0.6, 0.6, 0.6]
		},
		"gui": {
			"rotation": [30, -45, 0],
			"translation": [-1.5, 2.25, 0],
			"scale": [1.1, 1.1, 1.1]
		},
		"head": {
			"rotation": [0, 180, 0],
			"translation": [0, 14.75, 0]
		}
	}
}