{
	"credit": "Made by YSBB with Blockbench",
	"textures": {
		"0": "item/block/186"
	},
	"elements": [
		{
			"from": [12, 0, 1],
			"to": [15, 7, 4],
			"faces": {
				"north": {"uv": [0, 0, 3, 8], "texture": "#0"},
				"east": {"uv": [3, 0, 0, 8], "texture": "#0"},
				"south": {"uv": [0, 0, 3, 8], "texture": "#0"},
				"west": {"uv": [0, 0, 3, 8], "texture": "#0"},
				"down": {"uv": [0, 0, 3, 3], "texture": "#0"}
			}
		},
		{
			"from": [12, 0, 12],
			"to": [15, 7, 15],
			"faces": {
				"north": {"uv": [0, 0, 3, 8], "texture": "#0"},
				"east": {"uv": [0, 0, 3, 8], "texture": "#0"},
				"south": {"uv": [3, 0, 0, 8], "texture": "#0"},
				"west": {"uv": [0, 0, 3, 8], "texture": "#0"},
				"down": {"uv": [0, 0, 3, 3], "texture": "#0"}
			}
		},
		{
			"from": [1, 0, 12],
			"to": [4, 7, 15],
			"faces": {
				"north": {"uv": [0, 0, 3, 8], "texture": "#0"},
				"east": {"uv": [0, 0, 3, 8], "texture": "#0"},
				"south": {"uv": [0, 0, 3, 8], "texture": "#0"},
				"west": {"uv": [3, 0, 0, 8], "texture": "#0"},
				"down": {"uv": [0, 0, 3, 3], "texture": "#0"}
			}
		},
		{
			"from": [1, 0, 1],
			"to": [4, 7, 4],
			"faces": {
				"north": {"uv": [3, 0, 0, 8], "texture": "#0"},
				"east": {"uv": [0, 0, 3, 8], "texture": "#0"},
				"south": {"uv": [0, 0, 3, 8], "texture": "#0"},
				"west": {"uv": [0, 0, 3, 8], "texture": "#0"},
				"down": {"uv": [0, 0, 3, 3], "texture": "#0"}
			}
		},
		{
			"from": [1, 10, 12],
			"to": [3.5, 22, 15],
			"faces": {
				"north": {"uv": [3, 0, 0, 14], "texture": "#0"},
				"east": {"uv": [0, 0, 3, 14], "texture": "#0"},
				"south": {"uv": [0, 0, 3, 14], "texture": "#0"},
				"west": {"uv": [0, 0, 3, 14], "texture": "#0"},
				"up": {"uv": [0, 0, 3, 3], "texture": "#0"}
			}
		},
		{
			"from": [12.5, 10, 12],
			"to": [15, 22, 15],
			"faces": {
				"north": {"uv": [0, 0, 3, 14], "texture": "#0"},
				"east": {"uv": [0, 0, 3, 14], "texture": "#0"},
				"south": {"uv": [3, 0, 0, 14], "texture": "#0"},
				"west": {"uv": [0, 0, 3, 14], "texture": "#0"},
				"up": {"uv": [0, 0, 3, 3], "texture": "#0"}
			}
		},
		{
			"from": [8.6, 10, 12.75],
			"to": [11.1, 19, 14.25],
			"faces": {
				"north": {"uv": [0, 0, 2.75, 10], "texture": "#0"},
				"east": {"uv": [0, 0, 1.5, 10], "texture": "#0"},
				"south": {"uv": [0, 0, 2.75, 10], "texture": "#0"},
				"west": {"uv": [0, 0, 1.5, 10], "texture": "#0"}
			}
		},
		{
			"from": [4.9, 10, 12.75],
			"to": [7.4, 19, 14.25],
			"faces": {
				"north": {"uv": [0, 0, 2.75, 10], "texture": "#0"},
				"east": {"uv": [0, 0, 1.5, 10], "texture": "#0"},
				"south": {"uv": [0, 0, 2.75, 10], "texture": "#0"},
				"west": {"uv": [0, 0, 1.5, 10], "texture": "#0"}
			}
		},
		{
			"from": [3.5, 19, 12],
			"to": [12.5, 22, 15],
			"faces": {
				"north": {"uv": [0, 0, 11, 3], "texture": "#0"},
				"south": {"uv": [0, 0, 11, 3], "texture": "#0"},
				"up": {"uv": [0, 0, 11, 3], "texture": "#0"},
				"down": {"uv": [0, 0, 11, 3], "texture": "#0"}
			}
		},
		{
			"from": [1, 7, 1],
			"to": [15, 10, 15],
			"faces": {
				"north": {"uv": [1, 1, 15, 4], "texture": "#0"},
				"east": {"uv": [1, 1, 15, 4], "texture": "#0"},
				"south": {"uv": [1, 1, 15, 4], "texture": "#0"},
				"west": {"uv": [1, 1, 15, 4], "texture": "#0"},
				"up": {"uv": [1, 1, 15, 15], "rotation": 90, "texture": "#0"},
				"down": {"uv": [1, 1, 15, 15], "texture": "#0"}
			}
		}
	],
	"display": {
		"thirdperson_righthand": {
			"rotation": [75, 45, 0],
			"translation": [0, 2.5, 0],
			"scale": [0.375, 0.375, 0.375]
		},
		"thirdperson_lefthand": {
			"rotation": [75, 45, 0],
			"translation": [0, 2.5, 0],
			"scale": [0.375, 0.375, 0.375]
		},
		"firstperson_righthand": {
			"rotation": [0, 45, 0],
			"scale": [0.4, 0.4, 0.4]
		},
		"firstperson_lefthand": {
			"rotation": [0, 225, 0],
			"scale": [0.4, 0.4, 0.4]
		},
		"ground": {
			"translation": [0, 3, 0],
			"scale": [0.25, 0.25, 0.25]
		},
		"gui": {
			"rotation": [30, 225, 0],
			"scale": [0.625, 0.625, 0.625]
		},
		"head": {
			"translation": [0, 4, 0]
		},
		"fixed": {
			"rotation": [0, 90, 0],
			"translation": [0, -2, 0],
			"scale": [0.5, 0.5, 0.5]
		}
	},
	"groups": [
		{
			"name": "group",
			"origin": [5, -8.5, 0],
			"color": 0,
			"children": [0, 1, 2, 3, 4, 5, 6, 7, 8, 9]
		}
	]
}