{
	"credit": "by YSBB",
	"textures": {
		"layer0": "item/block/2"
	},
	"elements": [
		{
			"from": [4, 0, 4],
			"to": [12, 2, 12],
			"faces": {
				"north": {"uv": [0, 0, 8, 2], "texture": "#layer0"},
				"east": {"uv": [0, 0, 8, 2], "texture": "#layer0"},
				"south": {"uv": [0, 0, 8, 2], "texture": "#layer0"},
				"west": {"uv": [0, 0, 8, 2], "texture": "#layer0"},
				"up": {"uv": [8, 8, 16, 16], "texture": "#layer0"},
				"down": {"uv": [8, 8, 16, 16], "texture": "#layer0"}
			}
		},
		{
			"from": [6, 0, 6],
			"to": [10, 7, 10],
			"faces": {
				"north": {"uv": [2, 0, 6, 7], "texture": "#layer0"},
				"east": {"uv": [0, 0, 4, 7], "texture": "#layer0"},
				"south": {"uv": [0, 0, 4, 7], "texture": "#layer0"},
				"west": {"uv": [0, 0, 4, 7], "texture": "#layer0"},
				"up": {"uv": [2, 10, 6, 14], "texture": "#layer0"},
				"down": {"uv": [2, 11, 6, 15], "texture": "#layer0"}
			}
		},
		{
			"from": [6, 9, 6],
			"to": [10, 13, 10],
			"rotation": {"angle": 0, "axis": "x", "origin": [8, 10, 8]},
			"faces": {
				"north": {"uv": [12, 3, 16, 7], "rotation": 180, "texture": "#layer0"},
				"east": {"uv": [12, 3, 16, 7], "rotation": 270, "texture": "#layer0"},
				"south": {"uv": [12, 3, 16, 7], "texture": "#layer0"},
				"west": {"uv": [12, 3, 16, 7], "rotation": 90, "texture": "#layer0"},
				"up": {"uv": [12, 3, 16, 7], "rotation": 180, "texture": "#layer0"},
				"down": {"uv": [12, 3, 16, 7], "texture": "#layer0"}
			}
		},
		{
			"from": [5, 14, 5],
			"to": [11, 8, 11],
			"faces": {
				"north": {"uv": [11, 0, 13, 2], "texture": "#layer0"},
				"east": {"uv": [11, 0, 13, 2], "texture": "#layer0"},
				"south": {"uv": [11, 0, 13, 2], "texture": "#layer0"},
				"west": {"uv": [11, 0, 13, 2], "texture": "#layer0"},
				"up": {"uv": [11, 0, 13, 2], "texture": "#layer0"},
				"down": {"uv": [11, 0, 13, 2], "texture": "#layer0"}
			}
		},
		{
			"from": [4, 14.5, 4],
			"to": [12, 7.5, 12],
			"faces": {
				"north": {"uv": [9, 0, 11, 2], "texture": "#layer0"},
				"east": {"uv": [9, 0, 11, 2], "texture": "#layer0"},
				"south": {"uv": [9, 0, 11, 2], "texture": "#layer0"},
				"west": {"uv": [9, 0, 11, 2], "texture": "#layer0"},
				"up": {"uv": [9, 0, 11, 2], "texture": "#layer0"},
				"down": {"uv": [9, 0, 11, 2], "texture": "#layer0"}
			}
		}
	],
	"gui_light": "front",
	"display": {
		"thirdperson_righthand": {
			"rotation": [75, 45, 0],
			"translation": [0, 2.5, 0],
			"scale": [0.375, 0.375, 0.375]
		},
		"thirdperson_lefthand": {
			"rotation": [75, 45, 0],
			"translation": [0, 2.5, 0],
			"scale": [0.375, 0.375, 0.375]
		},
		"firstperson_righthand": {
			"rotation": [0, -90, 25],
			"translation": [1.13, 3.2, 1.13],
			"scale": [0.68, 0.68, 0.68]
		},
		"firstperson_lefthand": {
			"rotation": [0, -90, 25],
			"translation": [1.13, 3.2, 1.13],
			"scale": [0.68, 0.68, 0.68]
		},
		"ground": {
			"translation": [0, 2, 0],
			"scale": [0.5, 0.5, 0.5]
		},
		"gui": {
			"rotation": [30, 225, 0],
			"translation": [0, 0.5, 0],
			"scale": [0.85, 0.85, 0.85]
		},
		"head": {
			"rotation": [0, 180, 0],
			"translation": [0, 13, 0]
		},
		"fixed": {
			"rotation": [0, 180, 0]
		}
	}
}