{
	"credit": "Made by YSBB with Blockbench",
	"textures": {
		"1": "item/block/189"
	},
	"elements": [
		{
			"from": [0, 7, 0],
			"to": [16, 10, 16],
			"faces": {
				"north": {"uv": [0, 0, 3, 16], "rotation": 90, "texture": "#1"},
				"east": {"uv": [0, 0, 16, 3], "texture": "#1"},
				"south": {"uv": [0, 0, 3, 16], "rotation": 90, "texture": "#1"},
				"up": {"uv": [0, 0, 16, 16], "rotation": 90, "texture": "#1"},
				"down": {"uv": [0, 0, 16, 16], "rotation": 90, "texture": "#1"}
			}
		},
		{
			"from": [13, 0, 0],
			"to": [16, 7, 3],
			"faces": {
				"north": {"uv": [0, 0, 3, 8], "texture": "#1"},
				"east": {"uv": [3, 0, 0, 8], "texture": "#1"},
				"south": {"uv": [0, 0, 3, 8], "texture": "#1"},
				"west": {"uv": [0, 0, 3, 8], "texture": "#1"},
				"down": {"uv": [0, 0, 3, 3], "texture": "#1"}
			}
		},
		{
			"from": [13, 0, 13],
			"to": [16, 7, 16],
			"faces": {
				"north": {"uv": [0, 0, 3, 8], "texture": "#1"},
				"east": {"uv": [0, 0, 3, 8], "texture": "#1"},
				"south": {"uv": [3, 0, 0, 8], "texture": "#1"},
				"west": {"uv": [0, 0, 3, 8], "texture": "#1"},
				"down": {"uv": [0, 0, 3, 3], "texture": "#1"}
			}
		},
		{
			"from": [13, 10, 13],
			"to": [16, 23, 16],
			"faces": {
				"north": {"uv": [0, 0, 3, 8], "texture": "#1"},
				"east": {"uv": [0, 0, 3, 8], "texture": "#1"},
				"south": {"uv": [0, 0, 3, 8], "texture": "#1"},
				"west": {"uv": [3, 0, 0, 8], "texture": "#1"},
				"up": {"uv": [0, 0, 3, 3], "texture": "#1"}
			}
		},
		{
			"from": [0, 20, 13],
			"to": [13, 23, 16],
			"rotation": {"angle": 0, "axis": "y", "origin": [8, 21.5, 14.5]},
			"faces": {
				"north": {"uv": [0, 0, 3, 13], "rotation": 90, "texture": "#1"},
				"east": {"uv": [0, 0, 3, 3], "texture": "#1"},
				"south": {"uv": [0, 0, 3, 13], "rotation": 90, "texture": "#1"},
				"up": {"uv": [0, 0, 3, 13], "rotation": 90, "texture": "#1"},
				"down": {"uv": [0, 0, 10, 3], "texture": "#1"}
			}
		},
		{
			"from": [0, 11.5, 13.75],
			"to": [13, 14.5, 15],
			"faces": {
				"north": {"uv": [12, 3, 15, 16], "rotation": 90, "texture": "#1"},
				"south": {"uv": [0, 3, 3, 16], "rotation": 90, "texture": "#1"},
				"up": {"uv": [0, 3, 1.25, 16], "rotation": 90, "texture": "#1"},
				"down": {"uv": [0, 0, 13, 1.25], "texture": "#1"}
			}
		},
		{
			"from": [0, 15.5, 13.75],
			"to": [13, 18.5, 15],
			"faces": {
				"north": {"uv": [8, 3, 11, 16], "rotation": 90, "texture": "#1"},
				"south": {"uv": [2, 3, 5, 16], "rotation": 90, "texture": "#1"},
				"up": {"uv": [0, 3, 1.25, 16], "rotation": 90, "texture": "#1"},
				"down": {"uv": [0, 0, 13, 1.25], "texture": "#1"}
			}
		}
	],
	"display": {
		"thirdperson_righthand": {
			"rotation": [75, 45, 0],
			"translation": [0, 2.5, 0],
			"scale": [0.375, 0.375, 0.375]
		},
		"thirdperson_lefthand": {
			"rotation": [75, 45, 0],
			"translation": [0, 2.5, 0],
			"scale": [0.375, 0.375, 0.375]
		},
		"firstperson_righthand": {
			"rotation": [0, 45, 0],
			"scale": [0.4, 0.4, 0.4]
		},
		"firstperson_lefthand": {
			"rotation": [0, 225, 0],
			"scale": [0.4, 0.4, 0.4]
		},
		"ground": {
			"translation": [0, 3, 0],
			"scale": [0.25, 0.25, 0.25]
		},
		"gui": {
			"rotation": [30, 225, 0],
			"scale": [0.625, 0.625, 0.625]
		},
		"head": {
			"translation": [0, 4, 0]
		},
		"fixed": {
			"rotation": [0, 90, 0],
			"translation": [0, -2, 0],
			"scale": [0.5, 0.5, 0.5]
		}
	},
	"groups": [
		{
			"name": "group",
			"origin": [5, -8.5, 0],
			"color": 0,
			"children": [0, 1, 2, 3, 4, 5, 6]
		}
	]
}