{
	"credit": "Made by YSBB with Blockbench",
	"textures": {
		"2": "item/block/182"
	},
	"elements": [
		{
			"from": [0, 13, 0],
			"to": [16, 16, 16],
			"rotation": {"angle": 0, "axis": "y", "origin": [8, 14.5, 8]},
			"faces": {
				"north": {"uv": [7, 0, 10, 16], "rotation": 90, "texture": "#2"},
				"east": {"uv": [0, 0, 16, 3], "texture": "#2"},
				"south": {"uv": [6, 0, 9, 16], "rotation": 90, "texture": "#2"},
				"west": {"uv": [0, 0, 16, 3], "texture": "#2"},
				"up": {"uv": [0, 0, 16, 16], "rotation": 90, "texture": "#2"},
				"down": {"uv": [0, 0, 16, 16], "rotation": 90, "texture": "#2"}
			}
		},
		{
			"from": [4, 0, 13],
			"to": [7, 13, 16],
			"rotation": {"angle": 0, "axis": "y", "origin": [8, 5.625, 5.5]},
			"faces": {
				"north": {"uv": [0, 0, 3, 13], "texture": "#2"},
				"east": {"uv": [0, 0, 3, 13], "texture": "#2"},
				"south": {"uv": [0, 0, 3, 13], "texture": "#2"},
				"west": {"uv": [3, 0, 0, 13], "texture": "#2"},
				"down": {"uv": [0, 0, 3, 3], "rotation": 90, "texture": "#2"}
			}
		},
		{
			"from": [4, 0, 0],
			"to": [7, 13, 3],
			"rotation": {"angle": 0, "axis": "y", "origin": [8, 5.625, 5.5]},
			"faces": {
				"north": {"uv": [3, 0, 0, 13], "texture": "#2"},
				"east": {"uv": [0, 0, 3, 13], "texture": "#2"},
				"south": {"uv": [3, 0, 0, 13], "texture": "#2"},
				"west": {"uv": [0, 0, 3, 13], "texture": "#2"},
				"down": {"uv": [0, 0, 3, 3], "rotation": 90, "texture": "#2"}
			}
		},
		{
			"from": [4.5, 4, 2.9],
			"to": [6.5, 7, 12.9],
			"rotation": {"angle": 0, "axis": "y", "origin": [8, 5.625, 5.5]},
			"faces": {
				"east": {"uv": [0, 0, 10, 3], "texture": "#2"},
				"west": {"uv": [0, 0, 10, 3], "texture": "#2"},
				"up": {"uv": [0, 0, 2, 10], "rotation": 180, "texture": "#2"},
				"down": {"uv": [0, 0, 2, 10], "rotation": 180, "texture": "#2"}
			}
		}
	],
	"display": {
		"thirdperson_righthand": {
			"rotation": [75, 45, 0],
			"translation": [0, 2.5, 0],
			"scale": [0.375, 0.375, 0.375]
		},
		"thirdperson_lefthand": {
			"rotation": [75, 45, 0],
			"translation": [0, 2.5, 0],
			"scale": [0.375, 0.375, 0.375]
		},
		"firstperson_righthand": {
			"rotation": [0, 45, 0],
			"scale": [0.4, 0.4, 0.4]
		},
		"firstperson_lefthand": {
			"rotation": [0, 225, 0],
			"scale": [0.4, 0.4, 0.4]
		},
		"ground": {
			"translation": [0, 3, 0],
			"scale": [0.25, 0.25, 0.25]
		},
		"gui": {
			"rotation": [30, 225, 0],
			"scale": [0.625, 0.625, 0.625]
		},
		"fixed": {
			"scale": [0.5, 0.5, 0.5]
		}
	},
	"groups": [
		{
			"name": "group",
			"origin": [10.5, 18.875, 5.5],
			"color": 0,
			"children": [0, 1, 2, 3]
		}
	]
}