{
	"credit": "Made by YSBB with Blockbench",
	"textures": {
		"1": "item/block/185"
	},
	"elements": [
		{
			"from": [1, 29, 1],
			"to": [15, 32, 15],
			"faces": {
				"north": {"uv": [0, 0, 14, 3], "texture": "#1"},
				"east": {"uv": [0, 0, 14, 3], "texture": "#1"},
				"south": {"uv": [0, 0, 14, 3], "texture": "#1"},
				"west": {"uv": [0, 0, 14, 3], "texture": "#1"},
				"up": {"uv": [0, 0, 14, 14], "texture": "#1"},
				"down": {"uv": [0, 0, 14, 14], "texture": "#1"}
			}
		},
		{
			"from": [2, 6.5, 5],
			"to": [4, 9, 11],
			"rotation": {"angle": 0, "axis": "y", "origin": [21, 4, 12.5]},
			"faces": {
				"north": {"uv": [0, 0, 2, 2.5], "texture": "#1"},
				"east": {"uv": [0, 0, 6, 2.5], "texture": "#1"},
				"south": {"uv": [0, 0, 2, 2.5], "texture": "#1"},
				"west": {"uv": [0, 0, 6, 2.5], "texture": "#1"},
				"up": {"uv": [0, 0, 6, 2], "rotation": 270, "texture": "#1"},
				"down": {"uv": [0, 0, 6, 2], "rotation": 90, "texture": "#1"}
			}
		},
		{
			"from": [2, 0, 2],
			"to": [5, 29, 5],
			"faces": {
				"north": {"uv": [3, 0, 0, 13], "texture": "#1"},
				"east": {"uv": [0, 0, 3, 13], "texture": "#1"},
				"south": {"uv": [0, 0, 3, 13], "texture": "#1"},
				"west": {"uv": [0, 0, 3, 13], "texture": "#1"},
				"up": {"uv": [0, 0, 3, 3], "texture": "#1"},
				"down": {"uv": [0, 0, 3, 3], "texture": "#1"}
			}
		},
		{
			"from": [11, 0, 2],
			"to": [14, 29, 5],
			"faces": {
				"north": {"uv": [0, 0, 3, 13], "texture": "#1"},
				"east": {"uv": [3, 0, 0, 13], "texture": "#1"},
				"south": {"uv": [0, 0, 3, 13], "texture": "#1"},
				"west": {"uv": [0, 0, 3, 13], "texture": "#1"},
				"up": {"uv": [0, 0, 3, 3], "texture": "#1"},
				"down": {"uv": [0, 0, 3, 3], "texture": "#1"}
			}
		},
		{
			"from": [2, 0, 11],
			"to": [5, 29, 14],
			"faces": {
				"north": {"uv": [0, 0, 3, 13], "texture": "#1"},
				"east": {"uv": [0, 0, 3, 13], "texture": "#1"},
				"south": {"uv": [0, 0, 3, 13], "texture": "#1"},
				"west": {"uv": [3, 0, 0, 13], "texture": "#1"},
				"up": {"uv": [0, 0, 3, 3], "texture": "#1"},
				"down": {"uv": [0, 0, 3, 3], "texture": "#1"}
			}
		},
		{
			"from": [11, 0, 11],
			"to": [14, 29, 14],
			"faces": {
				"north": {"uv": [0, 0, 3, 16], "texture": "#1"},
				"east": {"uv": [0, 0, 3, 16], "texture": "#1"},
				"south": {"uv": [0, 0, 3, 16], "texture": "#1"},
				"west": {"uv": [0, 0, 3, 16], "texture": "#1"},
				"up": {"uv": [0, 0, 3, 3], "texture": "#1"},
				"down": {"uv": [0, 0, 3, 3], "texture": "#1"}
			}
		},
		{
			"from": [5, 5.5, 2],
			"to": [11, 8, 4],
			"faces": {
				"north": {"uv": [0, 0, 6, 2.5], "texture": "#1"},
				"east": {"uv": [0, 0, 2, 2.5], "texture": "#1"},
				"south": {"uv": [0, 0, 6, 2.5], "texture": "#1"},
				"west": {"uv": [0, 0, 2, 2.5], "texture": "#1"},
				"up": {"uv": [0, 0, 6, 2], "texture": "#1"},
				"down": {"uv": [0, 0, 6, 2], "texture": "#1"}
			}
		},
		{
			"from": [5, 5.5, 12],
			"to": [11, 8, 14],
			"faces": {
				"north": {"uv": [0, 0, 6, 2.5], "texture": "#1"},
				"east": {"uv": [0, 0, 2, 2.5], "texture": "#1"},
				"south": {"uv": [0, 0, 6, 2.5], "texture": "#1"},
				"west": {"uv": [0, 0, 2, 2.5], "texture": "#1"},
				"up": {"uv": [0, 0, 6, 2], "texture": "#1"},
				"down": {"uv": [0, 0, 6, 2], "texture": "#1"}
			}
		},
		{
			"from": [12, 6.5, 5],
			"to": [14, 9, 11],
			"rotation": {"angle": 0, "axis": "y", "origin": [21, 4, 12.5]},
			"faces": {
				"north": {"uv": [0, 0, 2, 2.5], "texture": "#1"},
				"east": {"uv": [0, 0, 6, 2.5], "texture": "#1"},
				"south": {"uv": [0, 0, 2, 2.5], "texture": "#1"},
				"west": {"uv": [0, 0, 6, 2.5], "texture": "#1"},
				"up": {"uv": [0, 0, 6, 2], "rotation": 270, "texture": "#1"},
				"down": {"uv": [0, 0, 6, 2], "rotation": 90, "texture": "#1"}
			}
		}
	],
	"display": {
		"thirdperson_righthand": {
			"rotation": [75, 45, 0],
			"translation": [0, 2.5, 0],
			"scale": [0.375, 0.375, 0.375]
		},
		"thirdperson_lefthand": {
			"rotation": [75, 45, 0],
			"translation": [0, 2.5, 0],
			"scale": [0.375, 0.375, 0.375]
		},
		"firstperson_righthand": {
			"rotation": [0, 45, 0],
			"scale": [0.4, 0.4, 0.4]
		},
		"firstperson_lefthand": {
			"rotation": [0, 225, 0],
			"scale": [0.4, 0.4, 0.4]
		},
		"ground": {
			"translation": [0, 3, 0],
			"scale": [0.25, 0.25, 0.25]
		},
		"gui": {
			"rotation": [30, 225, 0],
			"scale": [0.625, 0.625, 0.625]
		},
		"head": {
			"translation": [0, 4, 0]
		},
		"fixed": {
			"rotation": [0, 90, 0],
			"translation": [0, -2, 0],
			"scale": [0.5, 0.5, 0.5]
		}
	},
	"groups": [
		{
			"name": "group",
			"origin": [21, 4, 12.5],
			"color": 0,
			"children": [0, 1, 2, 3, 4, 5, 6, 7, 8]
		}
	]
}