{
	"credit": "Made by YSBB with Blockbench",
	"textures": {
		"0": "item/block/3"
	},
	"elements": [
		{
			"from": [0, 0, 0],
			"to": [16, 0, 16],
			"rotation": {"angle": 0, "axis": "y", "origin": [0, -8, 0]},
			"faces": {
				"down": {"uv": [0, 0, 16, 16], "texture": "#0"}
			}
		},
		{
			"from": [0, 0.25, 0],
			"to": [16, 0.25, 16],
			"rotation": {"angle": 0, "axis": "y", "origin": [0, -7.75, 0]},
			"faces": {
				"down": {"uv": [0, 0, 16, 16], "texture": "#0"}
			}
		},
		{
			"from": [0, 0.5, 0],
			"to": [16, 0.5, 16],
			"rotation": {"angle": 0, "axis": "y", "origin": [0, -7.5, 0]},
			"faces": {
				"down": {"uv": [0, 0, 16, 16], "texture": "#0"}
			}
		},
		{
			"from": [0, 0.75, 0],
			"to": [16, 0.75, 16],
			"rotation": {"angle": 0, "axis": "y", "origin": [0, -7.25, 0]},
			"faces": {
				"down": {"uv": [0, 0, 16, 16], "texture": "#0"}
			}
		}
	],
	"gui_light": "front",
	"display": {
		"thirdperson_righthand": {
			"rotation": [180, 180, 0],
			"translation": [0, -3, 0],
			"scale": [0.5, 0.5, 0.5]
		},
		"thirdperson_lefthand": {
			"rotation": [180, 180, 0],
			"translation": [0, -3, 0],
			"scale": [0.5, 0.5, 0.5]
		},
		"firstperson_righthand": {
			"rotation": [-90, 0, 0],
			"translation": [-1.5, 5.25, 0],
			"scale": [0.41, 0.41, 0.41]
		},
		"firstperson_lefthand": {
			"rotation": [-90, 0, 0],
			"translation": [-1.5, 5.25, 0],
			"scale": [0.41, 0.41, 0.41]
		},
		"ground": {
			"rotation": [180, 0, 0],
			"translation": [0, -4, 0],
			"scale": [0.64, 0.64, 0.64]
		},
		"gui": {
			"rotation": [-90, 0, 0],
			"translation": [-0.5, 0.25, 0],
			"scale": [0.95, 0.95, 0.95]
		},
		"head": {
			"rotation": [90, 0, 0],
			"translation": [0, -0.5, -8.5]
		},
		"fixed": {
			"rotation": [90, 180, 0],
			"translation": [0, 0, 8.25]
		}
	}
}