{
	"credit": "Made by YSBB with Blockbench",
	"textures": {
		"4": "item/block/301"
	},
	"elements": [
		{
			"name": "dgp",
			"from": [5.30761, 0.005, 1.5],
			"to": [10.69239, 6.005, 14.5],
			"rotation": {"angle": 22.5, "axis": "y", "origin": [8, 1.5, 8]},
			"faces": {
				"north": {"uv": [5, 0, 10, 6], "texture": "#4"},
				"south": {"uv": [5, 0, 10, 6], "texture": "#4"},
				"up": {"uv": [3, 13.61522, 16, 16], "rotation": 90, "texture": "#4"},
				"down": {"uv": [7, 5, 8, 6], "texture": "#4"}
			}
		},
		{
			"name": "dgp",
			"from": [5.30761, -0.009, 1.5],
			"to": [10.69239, 5.991, 14.5],
			"rotation": {"angle": -22.5, "axis": "y", "origin": [8, -11.5, 8]},
			"faces": {
				"north": {"uv": [11, 0, 16, 6], "texture": "#4"},
				"south": {"uv": [11, 0, 16, 6], "texture": "#4"},
				"up": {"uv": [3, 13.61522, 16, 16], "rotation": 90, "texture": "#4"},
				"down": {"uv": [7, 5, 8, 6], "texture": "#4"}
			}
		},
		{
			"name": "dgp",
			"from": [1.5, 0, 5.30761],
			"to": [14.5, 6, 10.69239],
			"rotation": {"angle": 22.5, "axis": "y", "origin": [8, 1.5, 8]},
			"faces": {
				"east": {"uv": [5, 0, 10, 6], "texture": "#4"},
				"west": {"uv": [10, 0, 5, 6], "texture": "#4"},
				"up": {"uv": [3, 13.61522, 16, 16], "texture": "#4"},
				"down": {"uv": [7, 5, 8, 6], "texture": "#4"}
			}
		},
		{
			"name": "dgp",
			"from": [1.5, -0.005, 5.30761],
			"to": [14.5, 5.995, 10.69239],
			"rotation": {"angle": -22.5, "axis": "y", "origin": [8, -11.5, 8]},
			"faces": {
				"east": {"uv": [16, 0, 11.11522, 6], "texture": "#4"},
				"west": {"uv": [11, 0, 16, 6], "texture": "#4"},
				"up": {"uv": [3, 13.61522, 16, 16], "texture": "#4"},
				"down": {"uv": [7, 5, 8, 6], "texture": "#4"}
			}
		},
		{
			"from": [4.25, 6, 10],
			"to": [5.75, 7.5, 11.5],
			"rotation": {"angle": -22.5, "axis": "y", "origin": [4.5, 6.75, 10.25]},
			"faces": {
				"north": {"uv": [0, 2, 2, 4], "texture": "#4"},
				"east": {"uv": [0, 2, 2, 4], "texture": "#4"},
				"south": {"uv": [0, 2, 2, 4], "texture": "#4"},
				"west": {"uv": [0, 2, 2, 4], "texture": "#4"},
				"up": {"uv": [2, 2, 0, 4], "rotation": 270, "texture": "#4"}
			}
		},
		{
			"from": [2, 6, 7.75],
			"to": [3.5, 7.5, 9.25],
			"rotation": {"angle": -22.5, "axis": "y", "origin": [4.25, 6.75, 10.5]},
			"faces": {
				"north": {"uv": [0, 2, 2, 4], "texture": "#4"},
				"east": {"uv": [0, 2, 2, 4], "texture": "#4"},
				"south": {"uv": [0, 2, 2, 4], "texture": "#4"},
				"west": {"uv": [0, 2, 2, 4], "texture": "#4"},
				"up": {"uv": [2, 2, 0, 4], "rotation": 270, "texture": "#4"}
			}
		},
		{
			"from": [9.42596, 6, 10.87222],
			"to": [10.92596, 7.5, 12.37222],
			"rotation": {"angle": 45, "axis": "y", "origin": [10.17596, 6.75, 10.62222]},
			"faces": {
				"north": {"uv": [0, 2, 2, 4], "texture": "#4"},
				"east": {"uv": [0, 2, 2, 4], "texture": "#4"},
				"south": {"uv": [0, 2, 2, 4], "texture": "#4"},
				"west": {"uv": [0, 2, 2, 4], "texture": "#4"},
				"up": {"uv": [0, 4, 2, 2], "rotation": 270, "texture": "#4"}
			}
		},
		{
			"from": [11.09753, 6, 7.05115],
			"to": [12.59753, 7.5, 8.55115],
			"rotation": {"angle": 22.5, "axis": "y", "origin": [4.84753, 6.75, 7.80115]},
			"faces": {
				"north": {"uv": [0, 2, 2, 4], "texture": "#4"},
				"east": {"uv": [0, 2, 2, 4], "texture": "#4"},
				"south": {"uv": [0, 2, 2, 4], "texture": "#4"},
				"west": {"uv": [0, 2, 2, 4], "texture": "#4"},
				"up": {"uv": [0, 4, 2, 2], "rotation": 180, "texture": "#4"}
			}
		},
		{
			"from": [2.19763, 5, 3.79747],
			"to": [4.19763, 7, 5.79747],
			"rotation": {"angle": -45, "axis": "y", "origin": [3.69763, 7, 6.79747]},
			"faces": {
				"north": {"uv": [0, 0, 2, 2], "texture": "#4"},
				"east": {"uv": [0, 0, 2, 2], "texture": "#4"},
				"south": {"uv": [0, 0, 2, 2], "texture": "#4"},
				"west": {"uv": [0, 0, 2, 2], "texture": "#4"},
				"up": {"uv": [2, 0, 0, 2], "rotation": 270, "texture": "#4"}
			}
		},
		{
			"from": [12.25, 5, 5.75],
			"to": [14.25, 7, 7.75],
			"rotation": {"angle": -22.5, "axis": "y", "origin": [8.25, 7, 4.75]},
			"faces": {
				"north": {"uv": [0, 0, 2, 2], "texture": "#4"},
				"east": {"uv": [0, 0, 2, 2], "texture": "#4"},
				"south": {"uv": [0, 0, 2, 2], "texture": "#4"},
				"west": {"uv": [0, 0, 2, 2], "texture": "#4"},
				"up": {"uv": [2, 0, 0, 2], "rotation": 270, "texture": "#4"}
			}
		},
		{
			"from": [7.25, 5, 2.25],
			"to": [9.25, 7, 4.25],
			"rotation": {"angle": -22.5, "axis": "y", "origin": [7.75, 7, 4]},
			"faces": {
				"north": {"uv": [0, 0, 2, 2], "texture": "#4"},
				"east": {"uv": [0, 0, 2, 2], "texture": "#4"},
				"south": {"uv": [0, 0, 2, 2], "texture": "#4"},
				"west": {"uv": [0, 0, 2, 2], "texture": "#4"},
				"up": {"uv": [2, 0, 0, 2], "rotation": 270, "texture": "#4"}
			}
		},
		{
			"from": [6.67388, 5, 11.13268],
			"to": [8.67388, 7, 13.13268],
			"rotation": {"angle": 45, "axis": "y", "origin": [7.67388, 7, 12.13268]},
			"faces": {
				"north": {"uv": [0, 0, 2, 2], "texture": "#4"},
				"east": {"uv": [0, 0, 2, 2], "texture": "#4"},
				"south": {"uv": [0, 0, 2, 2], "texture": "#4"},
				"west": {"uv": [0, 0, 2, 2], "texture": "#4"},
				"up": {"uv": [2, 0, 0, 2], "texture": "#4"}
			}
		},
		{
			"from": [4.65, 6.5, 8],
			"to": [8.65, 10.5, 8],
			"rotation": {"angle": -22.5, "axis": "z", "origin": [6.5, 8.5, 8]},
			"faces": {
				"north": {"uv": [7, 10, 3, 6], "rotation": 180, "texture": "#4"},
				"south": {"uv": [7, 6, 3, 10], "texture": "#4"}
			}
		},
		{
			"from": [7.25, 6, 6.75],
			"to": [10.25, 9, 6.75],
			"rotation": {"angle": 45, "axis": "y", "origin": [9, 7.5, 6.75]},
			"faces": {
				"north": {"uv": [3, 10, 0, 7], "rotation": 180, "texture": "#4"},
				"south": {"uv": [3, 7, 0, 10], "texture": "#4"}
			}
		},
		{
			"from": [7.32393, 6, 9.0488],
			"to": [10.32393, 9, 9.0488],
			"rotation": {"angle": -45, "axis": "y", "origin": [8.82393, 7.5, 9.0488]},
			"faces": {
				"north": {"uv": [4, 9, 7, 6], "rotation": 180, "texture": "#4"},
				"south": {"uv": [3, 7, 0, 10], "texture": "#4"}
			}
		}
	],
	"display": {
		"thirdperson_righthand": {
			"translation": [0, 3, 1],
			"scale": [0.55, 0.55, 0.55]
		},
		"thirdperson_lefthand": {
			"translation": [0, 3, 1],
			"scale": [0.55, 0.55, 0.55]
		},
		"firstperson_righthand": {
			"rotation": [0, -90, 25],
			"translation": [1.13, 3.2, 1.13],
			"scale": [0.68, 0.68, 0.68]
		},
		"firstperson_lefthand": {
			"rotation": [0, -90, 25],
			"translation": [1.13, 3.2, 1.13],
			"scale": [0.68, 0.68, 0.68]
		},
		"ground": {
			"translation": [0, 2, 0],
			"scale": [0.5, 0.5, 0.5]
		},
		"gui": {
			"rotation": [30, 225, 0],
			"translation": [0, 4, 0],
			"scale": [1.14, 1.14, 1.14]
		},
		"head": {
			"rotation": [0, 180, 0],
			"translation": [0, 14.5, 0]
		},
		"fixed": {
			"rotation": [-90, 180, 0],
			"translation": [0, 0, -14],
			"scale": [2, 2, 2]
		}
	},
	"groups": [
		{
			"name": "dgp",
			"origin": [8, 8, 8],
			"color": 0,
			"children": [0, 1, 2, 3, 4, 5, 6, 7, 8, 9, 10, 11]
		},
		12,
		13,
		14
	]
}