{
	"credit": "Made by YSBB with Blockbench",
	"textures": {
		"4": "item/block/302"
	},
	"elements": [
		{
			"name": "dgp",
			"from": [5.30761, 0.005, 1.5],
			"to": [10.69239, 6.005, 14.5],
			"rotation": {"angle": 22.5, "axis": "y", "origin": [8, 1.5, 8]},
			"faces": {
				"north": {"uv": [5, 0, 10, 6], "texture": "#4"},
				"south": {"uv": [5, 0, 10, 6], "texture": "#4"},
				"up": {"uv": [3, 13.61522, 16, 16], "rotation": 90, "texture": "#4"},
				"down": {"uv": [6, 6, 7, 5], "texture": "#4"}
			}
		},
		{
			"name": "dgp",
			"from": [5.30761, -0.009, 1.5],
			"to": [10.69239, 5.991, 14.5],
			"rotation": {"angle": -22.5, "axis": "y", "origin": [8, -11.5, 8]},
			"faces": {
				"north": {"uv": [11, 0, 16, 6], "texture": "#4"},
				"south": {"uv": [11, 0, 16, 6], "texture": "#4"},
				"up": {"uv": [3, 13.61522, 16, 16], "rotation": 90, "texture": "#4"},
				"down": {"uv": [6, 6, 7, 5], "texture": "#4"}
			}
		},
		{
			"name": "dgp",
			"from": [1.5, 0, 5.30761],
			"to": [14.5, 6, 10.69239],
			"rotation": {"angle": 22.5, "axis": "y", "origin": [8, 1.5, 8]},
			"faces": {
				"east": {"uv": [5, 0, 10, 6], "texture": "#4"},
				"west": {"uv": [10, 0, 5, 6], "texture": "#4"},
				"up": {"uv": [3, 13.61522, 16, 16], "texture": "#4"},
				"down": {"uv": [6, 6, 7, 5], "texture": "#4"}
			}
		},
		{
			"name": "dgp",
			"from": [1.5, -0.005, 5.30761],
			"to": [14.5, 5.995, 10.69239],
			"rotation": {"angle": -22.5, "axis": "y", "origin": [8, -11.5, 8]},
			"faces": {
				"east": {"uv": [16, 0, 11.11522, 6], "texture": "#4"},
				"west": {"uv": [11, 0, 16, 6], "texture": "#4"},
				"up": {"uv": [3, 13.61522, 16, 16], "texture": "#4"},
				"down": {"uv": [6, 6, 7, 5], "texture": "#4"}
			}
		},
		{
			"from": [3, 6, 8],
			"to": [5, 8, 10],
			"rotation": {"angle": 0, "axis": "y", "origin": [-1, 0, -1]},
			"faces": {
				"north": {"uv": [0, 0, 2, 2], "texture": "#4"},
				"east": {"uv": [0, 0, 2, 2], "texture": "#4"},
				"south": {"uv": [0, 0, 2, 2], "texture": "#4"},
				"west": {"uv": [0, 0, 2, 2], "texture": "#4"},
				"up": {"uv": [0, 2, 2, 0], "texture": "#4"}
			}
		},
		{
			"from": [5.5, 6, 10.5],
			"to": [7, 7.5, 12],
			"rotation": {"angle": 45, "axis": "y", "origin": [6.25, 6.75, 11.25]},
			"faces": {
				"north": {"uv": [0, 2, 2, 4], "texture": "#4"},
				"east": {"uv": [0, 2, 2, 4], "texture": "#4"},
				"south": {"uv": [0, 2, 2, 4], "texture": "#4"},
				"west": {"uv": [0, 2, 2, 4], "texture": "#4"},
				"up": {"uv": [0, 4, 2, 2], "texture": "#4"}
			}
		},
		{
			"from": [8, 6, 11.25],
			"to": [9.5, 7.5, 12.75],
			"rotation": {"angle": 45, "axis": "y", "origin": [8.75, 6.75, 12]},
			"faces": {
				"north": {"uv": [0, 2, 2, 4], "texture": "#4"},
				"east": {"uv": [0, 2, 2, 4], "texture": "#4"},
				"south": {"uv": [0, 2, 2, 4], "texture": "#4"},
				"west": {"uv": [0, 2, 2, 4], "texture": "#4"},
				"up": {"uv": [0, 4, 2, 2], "texture": "#4"}
			}
		},
		{
			"from": [10.5, 6, 10.25],
			"to": [12, 7.5, 11.75],
			"rotation": {"angle": 45, "axis": "y", "origin": [11.25, 6.75, 11]},
			"faces": {
				"north": {"uv": [0, 2, 2, 4], "texture": "#4"},
				"east": {"uv": [0, 2, 2, 4], "texture": "#4"},
				"south": {"uv": [0, 2, 2, 4], "texture": "#4"},
				"west": {"uv": [0, 2, 2, 4], "texture": "#4"},
				"up": {"uv": [0, 4, 2, 2], "texture": "#4"}
			}
		},
		{
			"from": [11.75, 6, 8],
			"to": [13.25, 7.5, 9.5],
			"rotation": {"angle": 45, "axis": "y", "origin": [12.5, 6.75, 8.75]},
			"faces": {
				"north": {"uv": [0, 2, 2, 4], "texture": "#4"},
				"east": {"uv": [0, 2, 2, 4], "texture": "#4"},
				"south": {"uv": [0, 2, 2, 4], "texture": "#4"},
				"west": {"uv": [0, 2, 2, 4], "texture": "#4"},
				"up": {"uv": [0, 4, 2, 2], "texture": "#4"}
			}
		},
		{
			"from": [3.25, 6.75, 8.75],
			"to": [6.25, 9.75, 8.75],
			"rotation": {"angle": -22.5, "axis": "z", "origin": [4.75, 8.25, 8.75]},
			"faces": {
				"north": {"uv": [3, 11, 0, 14], "rotation": 90, "texture": "#4"},
				"south": {"uv": [0, 11, 3, 14], "rotation": 270, "texture": "#4"}
			}
		},
		{
			"from": [3.25, 6.75, 5.75],
			"to": [6.25, 9.75, 5.75],
			"rotation": {"angle": -22.5, "axis": "z", "origin": [4.75, 8.25, 5.75]},
			"faces": {
				"north": {"uv": [3, 11, 0, 14], "rotation": 90, "texture": "#4"},
				"south": {"uv": [0, 11, 3, 14], "rotation": 270, "texture": "#4"}
			}
		},
		{
			"from": [3, 6, 5],
			"to": [5, 8, 7],
			"rotation": {"angle": 0, "axis": "y", "origin": [-1, 0, -4]},
			"faces": {
				"north": {"uv": [0, 0, 2, 2], "texture": "#4"},
				"east": {"uv": [0, 0, 2, 2], "texture": "#4"},
				"south": {"uv": [0, 0, 2, 2], "texture": "#4"},
				"west": {"uv": [0, 0, 2, 2], "texture": "#4"},
				"up": {"uv": [0, 2, 2, 0], "texture": "#4"}
			}
		},
		{
			"from": [5.25, 6.25, 3.5],
			"to": [12.25, 6.25, 7.5],
			"rotation": {"angle": -22.5, "axis": "y", "origin": [10.25, 6.25, 7.5]},
			"faces": {
				"up": {"uv": [2, 6, 9, 11], "rotation": 180, "texture": "#4"}
			}
		}
	],
	"display": {
		"thirdperson_righthand": {
			"translation": [0, 3, 1],
			"scale": [0.55, 0.55, 0.55]
		},
		"thirdperson_lefthand": {
			"translation": [0, 3, 1],
			"scale": [0.55, 0.55, 0.55]
		},
		"firstperson_righthand": {
			"rotation": [0, -90, 25],
			"translation": [1.13, 3.2, 1.13],
			"scale": [0.68, 0.68, 0.68]
		},
		"firstperson_lefthand": {
			"rotation": [0, -90, 25],
			"translation": [1.13, 3.2, 1.13],
			"scale": [0.68, 0.68, 0.68]
		},
		"ground": {
			"translation": [0, 2, 0],
			"scale": [0.5, 0.5, 0.5]
		},
		"gui": {
			"rotation": [30, 225, 0],
			"translation": [0, 4, 0],
			"scale": [1.14, 1.14, 1.14]
		},
		"head": {
			"rotation": [0, 180, 0],
			"translation": [0, 14.5, 0]
		},
		"fixed": {
			"rotation": [-90, 180, 0],
			"translation": [0, 0, -14],
			"scale": [2, 2, 2]
		}
	},
	"groups": [
		{
			"name": "dgp",
			"origin": [8, 8, 8],
			"color": 0,
			"children": [0, 1, 2, 3]
		},
		4,
		5,
		6,
		7,
		8,
		9,
		10,
		11,
		12
	]
}