{
	"credit": "Made by YSBB with Blockbench",
	"textures": {
		"4": "item/block/304"
	},
	"elements": [
		{
			"name": "dgp",
			"from": [5.30761, 0.005, 1.5],
			"to": [10.69239, 6.005, 14.5],
			"rotation": {"angle": 22.5, "axis": "y", "origin": [8, 1.5, 8]},
			"faces": {
				"north": {"uv": [11, 0, 16, 6], "texture": "#4"},
				"south": {"uv": [6, 0, 11, 6], "texture": "#4"},
				"up": {"uv": [6, 13.61522, 16, 16], "rotation": 90, "texture": "#4"},
				"down": {"uv": [3, 5, 4, 6], "texture": "#4"}
			}
		},
		{
			"name": "dgp",
			"from": [5.30761, -0.009, 1.5],
			"to": [10.69239, 5.991, 14.5],
			"rotation": {"angle": -22.5, "axis": "y", "origin": [8, -11.5, 8]},
			"faces": {
				"north": {"uv": [6, 0, 11, 6], "texture": "#4"},
				"south": {"uv": [11, 0, 16, 6], "texture": "#4"},
				"up": {"uv": [6, 13.61522, 16, 16], "rotation": 90, "texture": "#4"},
				"down": {"uv": [3, 5, 4, 6], "texture": "#4"}
			}
		},
		{
			"name": "dgp",
			"from": [1.5, 0, 5.30761],
			"to": [14.5, 6, 10.69239],
			"rotation": {"angle": 22.5, "axis": "y", "origin": [8, 1.5, 8]},
			"faces": {
				"east": {"uv": [1, 0, 6, 6], "texture": "#4"},
				"west": {"uv": [6, 0, 11, 6], "texture": "#4"},
				"up": {"uv": [6, 13.61522, 16, 16], "texture": "#4"},
				"down": {"uv": [3, 5, 4, 6], "texture": "#4"}
			}
		},
		{
			"name": "dgp",
			"from": [1.5, -0.005, 5.30761],
			"to": [14.5, 5.995, 10.69239],
			"rotation": {"angle": -22.5, "axis": "y", "origin": [8, -11.5, 8]},
			"faces": {
				"east": {"uv": [11.11522, 0, 16, 6], "texture": "#4"},
				"west": {"uv": [1, 0, 6, 6], "texture": "#4"},
				"up": {"uv": [6, 13.61522, 16, 16], "texture": "#4"},
				"down": {"uv": [3, 5, 4, 6], "texture": "#4"}
			}
		},
		{
			"from": [11, 5, 7],
			"to": [13, 7, 9],
			"rotation": {"angle": 45, "axis": "x", "origin": [4, 6, 8]},
			"faces": {
				"north": {"uv": [14, 11, 16, 13], "texture": "#4"},
				"east": {"uv": [14, 11, 16, 13], "texture": "#4"},
				"west": {"uv": [14, 11, 16, 13], "texture": "#4"},
				"up": {"uv": [14, 11, 16, 13], "texture": "#4"}
			}
		},
		{
			"from": [6, 5, 10.25],
			"to": [8, 7, 12.25],
			"rotation": {"angle": 45, "axis": "z", "origin": [7, 6, 11.25]},
			"faces": {
				"north": {"uv": [14, 11, 16, 13], "texture": "#4"},
				"east": {"uv": [14, 11, 16, 13], "texture": "#4"},
				"south": {"uv": [14, 11, 16, 13], "texture": "#4"},
				"up": {"uv": [14, 11, 16, 13], "texture": "#4"}
			}
		},
		{
			"from": [10.25, 5, 4],
			"to": [12.25, 7, 6],
			"rotation": {"angle": -22.5, "axis": "z", "origin": [11.25, 6, 5]},
			"faces": {
				"north": {"uv": [14, 11, 16, 13], "rotation": 90, "texture": "#4"},
				"east": {"uv": [14, 11, 16, 13], "rotation": 270, "texture": "#4"},
				"south": {"uv": [14, 11, 16, 13], "rotation": 270, "texture": "#4"},
				"west": {"uv": [14, 11, 16, 13], "rotation": 270, "texture": "#4"},
				"up": {"uv": [14, 11, 16, 13], "rotation": 270, "texture": "#4"}
			}
		},
		{
			"from": [3.25, 5, 8.75],
			"to": [5.25, 7, 10.75],
			"rotation": {"angle": -22.5, "axis": "z", "origin": [4.25, 6, 9.75]},
			"faces": {
				"north": {"uv": [14, 11, 16, 13], "rotation": 90, "texture": "#4"},
				"east": {"uv": [14, 11, 16, 13], "rotation": 270, "texture": "#4"},
				"south": {"uv": [14, 11, 16, 13], "rotation": 270, "texture": "#4"},
				"west": {"uv": [14, 11, 16, 13], "rotation": 270, "texture": "#4"},
				"up": {"uv": [14, 11, 16, 13], "rotation": 270, "texture": "#4"}
			}
		},
		{
			"from": [8.75, 5, 9.5],
			"to": [10.75, 7, 11.5],
			"rotation": {"angle": -22.5, "axis": "z", "origin": [9.75, 6, 10.5]},
			"faces": {
				"north": {"uv": [14, 11, 16, 13], "texture": "#4"},
				"east": {"uv": [14, 11, 16, 13], "texture": "#4"},
				"south": {"uv": [14, 11, 16, 13], "texture": "#4"},
				"west": {"uv": [14, 11, 16, 13], "texture": "#4"},
				"up": {"uv": [14, 11, 16, 13], "texture": "#4"}
			}
		},
		{
			"from": [5, 6, 7.25],
			"to": [7, 8, 9.25],
			"rotation": {"angle": -22.5, "axis": "y", "origin": [6.5, 7, 9]},
			"faces": {
				"north": {"uv": [0, 8, 2, 10], "texture": "#4"},
				"east": {"uv": [0, 8, 2, 10], "texture": "#4"},
				"south": {"uv": [0, 8, 2, 10], "texture": "#4"},
				"west": {"uv": [0, 8, 2, 10], "texture": "#4"},
				"up": {"uv": [0, 8, 2, 10], "rotation": 270, "texture": "#4"}
			}
		},
		{
			"from": [6.75, 8, 6.5],
			"to": [8.75, 10, 8.5],
			"rotation": {"angle": 45, "axis": "y", "origin": [7.5, 7, 7]},
			"faces": {
				"north": {"uv": [0, 8, 2, 10], "texture": "#4"},
				"east": {"uv": [0, 8, 2, 10], "texture": "#4"},
				"south": {"uv": [0, 8, 2, 10], "texture": "#4"},
				"west": {"uv": [0, 8, 2, 10], "texture": "#4"},
				"up": {"uv": [0, 8, 2, 10], "texture": "#4"}
			}
		},
		{
			"from": [9, 6, 5.25],
			"to": [11, 8, 7.25],
			"rotation": {"angle": -22.5, "axis": "y", "origin": [10, 7, 6]},
			"faces": {
				"north": {"uv": [0, 8, 2, 10], "texture": "#4"},
				"east": {"uv": [0, 8, 2, 10], "texture": "#4"},
				"south": {"uv": [0, 8, 2, 10], "texture": "#4"},
				"west": {"uv": [0, 8, 2, 10], "texture": "#4"},
				"up": {"uv": [0, 8, 2, 10], "texture": "#4"}
			}
		},
		{
			"from": [6.25, 6, 4.75],
			"to": [8.25, 8, 6.75],
			"rotation": {"angle": 0, "axis": "y", "origin": [7.75, 7, 7.25]},
			"faces": {
				"north": {"uv": [0, 8, 2, 10], "texture": "#4"},
				"east": {"uv": [0, 8, 2, 10], "texture": "#4"},
				"south": {"uv": [0, 8, 2, 10], "texture": "#4"},
				"west": {"uv": [0, 8, 2, 10], "texture": "#4"},
				"up": {"uv": [0, 8, 2, 10], "rotation": 270, "texture": "#4"}
			}
		},
		{
			"from": [7.75, 6, 7.75],
			"to": [9.75, 8, 9.75],
			"rotation": {"angle": 0, "axis": "y", "origin": [7.75, 7, 6.75]},
			"faces": {
				"north": {"uv": [0, 8, 2, 10], "texture": "#4"},
				"east": {"uv": [0, 8, 2, 10], "texture": "#4"},
				"south": {"uv": [0, 8, 2, 10], "texture": "#4"},
				"west": {"uv": [0, 8, 2, 10], "texture": "#4"},
				"up": {"uv": [0, 8, 2, 10], "rotation": 270, "texture": "#4"}
			}
		},
		{
			"from": [0, 6.15, 2.5],
			"to": [8, 6.15, 7.5],
			"rotation": {"angle": 22.5, "axis": "y", "origin": [3.5, 0, -0.5]},
			"faces": {
				"up": {"uv": [4, 7, 12, 12], "rotation": 180, "texture": "#4"}
			}
		},
		{
			"from": [10.4791, 6.15, 7.56348],
			"to": [15.4791, 6.15, 13.56348],
			"rotation": {"angle": -22.5, "axis": "y", "origin": [12.9791, 6.15, 10.56348]},
			"faces": {
				"up": {"uv": [0, 11, 6, 16], "rotation": 90, "texture": "#4"}
			}
		},
		{
			"from": [0.84484, 6.15, 9.10437],
			"to": [6.84484, 6.15, 14.10437],
			"rotation": {"angle": -22.5, "axis": "y", "origin": [3.84484, 6.15, 11.60437]},
			"faces": {
				"up": {"uv": [0, 11, 6, 16], "rotation": 180, "texture": "#4"}
			}
		},
		{
			"from": [5.70941, 6.15, 10.91623],
			"to": [11.70941, 6.15, 15.91623],
			"rotation": {"angle": 0, "axis": "y", "origin": [8.70941, 6.15, 14.41623]},
			"faces": {
				"up": {"uv": [0, 11, 6, 16], "rotation": 180, "texture": "#4"}
			}
		}
	],
	"display": {
		"thirdperson_righthand": {
			"translation": [0, 3, 1],
			"scale": [0.55, 0.55, 0.55]
		},
		"thirdperson_lefthand": {
			"translation": [0, 3, 1],
			"scale": [0.55, 0.55, 0.55]
		},
		"firstperson_righthand": {
			"rotation": [0, -90, 25],
			"translation": [1.13, 3.2, 1.13],
			"scale": [0.68, 0.68, 0.68]
		},
		"firstperson_lefthand": {
			"rotation": [0, -90, 25],
			"translation": [1.13, 3.2, 1.13],
			"scale": [0.68, 0.68, 0.68]
		},
		"ground": {
			"translation": [0, 2, 0],
			"scale": [0.5, 0.5, 0.5]
		},
		"gui": {
			"rotation": [30, 225, 0],
			"translation": [0, 4, 0],
			"scale": [1.14, 1.14, 1.14]
		},
		"head": {
			"rotation": [0, 180, 0],
			"translation": [0, 14.5, 0]
		},
		"fixed": {
			"rotation": [-90, 180, 0],
			"translation": [0, 0, -14],
			"scale": [2, 2, 2]
		}
	},
	"groups": [
		{
			"name": "dgp",
			"origin": [8, 8, 8],
			"color": 0,
			"children": [0, 1, 2, 3]
		},
		4,
		5,
		6,
		7,
		8,
		9,
		10,
		11,
		12,
		13,
		14,
		15,
		16,
		17
	]
}