{
	"credit": "Made by YSBB with Blockbench",
	"textures": {
		"4": "item/block/306"
	},
	"elements": [
		{
			"name": "dgp",
			"from": [5.30761, 0.005, 1.5],
			"to": [10.69239, 6.005, 14.5],
			"rotation": {"angle": 22.5, "axis": "y", "origin": [8, 1.5, 8]},
			"faces": {
				"north": {"uv": [11, 0, 16, 6], "texture": "#4"},
				"south": {"uv": [6, 0, 11, 6], "texture": "#4"},
				"up": {"uv": [6, 13.61522, 16, 16], "rotation": 90, "texture": "#4"},
				"down": {"uv": [3, 5, 4, 6], "texture": "#4"}
			}
		},
		{
			"name": "dgp",
			"from": [5.30761, -0.009, 1.5],
			"to": [10.69239, 5.991, 14.5],
			"rotation": {"angle": -22.5, "axis": "y", "origin": [8, -11.5, 8]},
			"faces": {
				"north": {"uv": [6, 0, 11, 6], "texture": "#4"},
				"south": {"uv": [11, 0, 16, 6], "texture": "#4"},
				"up": {"uv": [6, 13.61522, 16, 16], "rotation": 90, "texture": "#4"},
				"down": {"uv": [3, 5, 4, 6], "texture": "#4"}
			}
		},
		{
			"name": "dgp",
			"from": [1.5, 0, 5.30761],
			"to": [14.5, 6, 10.69239],
			"rotation": {"angle": 22.5, "axis": "y", "origin": [8, 1.5, 8]},
			"faces": {
				"east": {"uv": [1, 0, 6, 6], "texture": "#4"},
				"west": {"uv": [6, 0, 11, 6], "texture": "#4"},
				"up": {"uv": [6, 13.61522, 16, 16], "texture": "#4"},
				"down": {"uv": [3, 5, 4, 6], "texture": "#4"}
			}
		},
		{
			"name": "dgp",
			"from": [1.5, -0.005, 5.30761],
			"to": [14.5, 5.995, 10.69239],
			"rotation": {"angle": -22.5, "axis": "y", "origin": [8, -11.5, 8]},
			"faces": {
				"east": {"uv": [11.11522, 0, 16, 6], "texture": "#4"},
				"west": {"uv": [1, 0, 6, 6], "texture": "#4"},
				"up": {"uv": [6, 13.61522, 16, 16], "texture": "#4"},
				"down": {"uv": [3, 5, 4, 6], "texture": "#4"}
			}
		},
		{
			"from": [3, 6, 6],
			"to": [6, 8, 9],
			"faces": {
				"north": {"uv": [0, 14, 3, 16], "texture": "#4"},
				"east": {"uv": [0, 14, 3, 16], "texture": "#4"},
				"south": {"uv": [0, 14, 3, 16], "texture": "#4"},
				"west": {"uv": [0, 14, 3, 16], "texture": "#4"},
				"up": {"uv": [0, 12, 3, 15], "texture": "#4"}
			}
		},
		{
			"from": [2.5, 6, 2.5],
			"to": [5.5, 8, 5.5],
			"rotation": {"angle": -45, "axis": "y", "origin": [4.5, 7, 7.5]},
			"faces": {
				"north": {"uv": [0, 14, 3, 16], "texture": "#4"},
				"east": {"uv": [0, 14, 3, 16], "texture": "#4"},
				"south": {"uv": [0, 14, 3, 16], "texture": "#4"},
				"west": {"uv": [0, 14, 3, 16], "texture": "#4"},
				"up": {"uv": [0, 12, 3, 15], "texture": "#4"}
			}
		},
		{
			"from": [8.12132, 6, 3.12868],
			"to": [11.12132, 8, 6.12868],
			"rotation": {"angle": -22.5, "axis": "y", "origin": [9.62132, 7, 4.62868]},
			"faces": {
				"north": {"uv": [0, 14, 3, 16], "texture": "#4"},
				"east": {"uv": [0, 14, 3, 16], "texture": "#4"},
				"south": {"uv": [0, 14, 3, 16], "texture": "#4"},
				"west": {"uv": [0, 14, 3, 16], "texture": "#4"},
				"up": {"uv": [0, 12, 3, 15], "rotation": 270, "texture": "#4"}
			}
		},
		{
			"from": [1.5, 6, 9],
			"to": [4.5, 8, 12],
			"rotation": {"angle": 45, "axis": "y", "origin": [4.5, 7, 7.5]},
			"faces": {
				"north": {"uv": [0, 14, 3, 16], "texture": "#4"},
				"east": {"uv": [0, 14, 3, 16], "texture": "#4"},
				"south": {"uv": [0, 14, 3, 16], "texture": "#4"},
				"west": {"uv": [0, 14, 3, 16], "texture": "#4"},
				"up": {"uv": [0, 12, 3, 15], "texture": "#4"}
			}
		},
		{
			"from": [6.75, 6, 9.25],
			"to": [9.75, 9, 12.25],
			"faces": {
				"north": {"uv": [0, 6, 4, 10], "texture": "#4"},
				"east": {"uv": [0, 6, 4, 10], "texture": "#4"},
				"south": {"uv": [0, 6, 4, 10], "texture": "#4"},
				"west": {"uv": [0, 6, 4, 10], "texture": "#4"},
				"up": {"uv": [0, 6, 4, 10], "texture": "#4"}
			}
		},
		{
			"from": [6, 6, 5.25],
			"to": [9, 9, 8.25],
			"rotation": {"angle": 22.5, "axis": "y", "origin": [8.5, 7.5, 6.5]},
			"faces": {
				"north": {"uv": [0, 6, 4, 10], "texture": "#4"},
				"east": {"uv": [0, 6, 4, 10], "texture": "#4"},
				"south": {"uv": [0, 6, 4, 10], "texture": "#4"},
				"west": {"uv": [0, 6, 4, 10], "texture": "#4"},
				"up": {"uv": [0, 6, 4, 10], "texture": "#4"}
			}
		},
		{
			"from": [9.72678, 6, 6.9106],
			"to": [12.72678, 9, 9.9106],
			"rotation": {"angle": -22.5, "axis": "y", "origin": [11.72678, 7.5, 8.4106]},
			"faces": {
				"north": {"uv": [0, 6, 4, 10], "texture": "#4"},
				"east": {"uv": [0, 6, 4, 10], "texture": "#4"},
				"south": {"uv": [0, 6, 4, 10], "texture": "#4"},
				"west": {"uv": [0, 6, 4, 10], "texture": "#4"},
				"up": {"uv": [0, 6, 4, 10], "rotation": 270, "texture": "#4"}
			}
		},
		{
			"from": [2, 11, 3.5],
			"to": [2, 13.25, 7],
			"rotation": {"angle": 22.5, "axis": "z", "origin": [5, 12.25, 12.25]},
			"faces": {
				"east": {"uv": [13, 6, 16, 8], "texture": "#4"},
				"west": {"uv": [13, 6, 16, 8], "texture": "#4"}
			}
		},
		{
			"from": [2, 9.75, 5.4],
			"to": [2, 11, 6.65],
			"rotation": {"angle": 22.5, "axis": "z", "origin": [5, 12.25, 12.25]},
			"faces": {
				"east": {"uv": [14, 7, 15, 8], "texture": "#4"},
				"west": {"uv": [14, 7, 15, 8], "texture": "#4"}
			}
		},
		{
			"from": [3, 4, 4.75],
			"to": [3, 10, 5.75],
			"rotation": {"angle": 22.5, "axis": "z", "origin": [2, 9, 9.75]},
			"faces": {
				"east": {"uv": [14, 9, 14.75, 13], "texture": "#4"},
				"west": {"uv": [14, 9, 14.75, 13], "texture": "#4"}
			}
		},
		{
			"from": [2, 9.75, 3.85],
			"to": [2, 11, 5.1],
			"rotation": {"angle": 22.5, "axis": "z", "origin": [5, 12.25, 12.25]},
			"faces": {
				"east": {"uv": [14, 7, 15, 8], "texture": "#4"},
				"west": {"uv": [14, 7, 15, 8], "texture": "#4"}
			}
		},
		{
			"from": [9, 4.05448, -1.46927],
			"to": [9, 11.05448, 1.53073],
			"rotation": {"angle": -45, "axis": "x", "origin": [9, 9.80448, 2.03073]},
			"faces": {
				"east": {"uv": [6, 6, 9, 13], "texture": "#4"},
				"west": {"uv": [6, 6, 9, 13], "texture": "#4"}
			}
		},
		{
			"from": [3.25, 8.05448, 9.53073],
			"to": [3.25, 15.05448, 12.53073],
			"rotation": {"angle": 22.5, "axis": "x", "origin": [9, 9.80448, 2.03073]},
			"faces": {
				"east": {"uv": [6, 6, 9, 13], "texture": "#4"},
				"west": {"uv": [6, 6, 9, 13], "texture": "#4"}
			}
		},
		{
			"from": [9, 4.01832, 13.82191],
			"to": [9, 11.01832, 16.82191],
			"rotation": {"angle": 45, "axis": "x", "origin": [8, 8.51832, 12.32191]},
			"faces": {
				"east": {"uv": [6, 6, 9, 13], "texture": "#4"},
				"west": {"uv": [6, 6, 9, 13], "texture": "#4"},
				"down": {"uv": [3, 5, 4, 6], "texture": "#4"}
			}
		}
	],
	"display": {
		"thirdperson_righthand": {
			"translation": [0, 3, 1],
			"scale": [0.55, 0.55, 0.55]
		},
		"thirdperson_lefthand": {
			"translation": [0, 3, 1],
			"scale": [0.55, 0.55, 0.55]
		},
		"firstperson_righthand": {
			"rotation": [0, -90, 25],
			"translation": [1.13, 3.2, 1.13],
			"scale": [0.68, 0.68, 0.68]
		},
		"firstperson_lefthand": {
			"rotation": [0, -90, 25],
			"translation": [1.13, 3.2, 1.13],
			"scale": [0.68, 0.68, 0.68]
		},
		"ground": {
			"translation": [0, 2, 0],
			"scale": [0.5, 0.5, 0.5]
		},
		"gui": {
			"rotation": [30, 225, 0],
			"translation": [0, 4, 0],
			"scale": [1.14, 1.14, 1.14]
		},
		"head": {
			"rotation": [0, 180, 0],
			"translation": [0, 14.5, 0]
		},
		"fixed": {
			"rotation": [-90, 180, 0],
			"translation": [0, 0, -14],
			"scale": [2, 2, 2]
		}
	},
	"groups": [
		{
			"name": "dgp",
			"origin": [8, 8, 8],
			"color": 0,
			"children": [0, 1, 2, 3]
		},
		4,
		5,
		6,
		7,
		8,
		9,
		10,
		{
			"name": "group",
			"origin": [0, 0, 0],
			"color": 0,
			"children": [11, 12, 13, 14]
		},
		15,
		16,
		17
	]
}