{
	"credit": "Made by YSBB with Blockbench",
	"textures": {
		"4": "item/block/307"
	},
	"elements": [
		{
			"name": "dgp",
			"from": [5.30761, 0.005, 1.5],
			"to": [10.69239, 6.005, 14.5],
			"rotation": {"angle": 22.5, "axis": "y", "origin": [8, 1.5, 8]},
			"faces": {
				"north": {"uv": [11, 0, 16, 6], "texture": "#4"},
				"south": {"uv": [6, 0, 11, 6], "texture": "#4"},
				"up": {"uv": [6, 13.61522, 16, 16], "rotation": 90, "texture": "#4"},
				"down": {"uv": [5, 5, 6, 6], "texture": "#4"}
			}
		},
		{
			"name": "dgp",
			"from": [5.30761, -0.009, 1.5],
			"to": [10.69239, 5.991, 14.5],
			"rotation": {"angle": -22.5, "axis": "y", "origin": [8, -11.5, 8]},
			"faces": {
				"north": {"uv": [6, 0, 11, 6], "texture": "#4"},
				"south": {"uv": [11, 0, 16, 6], "texture": "#4"},
				"up": {"uv": [6, 13.61522, 16, 16], "rotation": 90, "texture": "#4"},
				"down": {"uv": [5, 5, 6, 6], "texture": "#4"}
			}
		},
		{
			"name": "dgp",
			"from": [1.5, 0, 5.30761],
			"to": [14.5, 6, 10.69239],
			"rotation": {"angle": 22.5, "axis": "y", "origin": [8, 1.5, 8]},
			"faces": {
				"east": {"uv": [1, 0, 6, 6], "texture": "#4"},
				"west": {"uv": [6, 0, 11, 6], "texture": "#4"},
				"up": {"uv": [6, 13.61522, 16, 16], "texture": "#4"},
				"down": {"uv": [5, 5, 6, 6], "texture": "#4"}
			}
		},
		{
			"name": "dgp",
			"from": [1.5, -0.005, 5.30761],
			"to": [14.5, 5.995, 10.69239],
			"rotation": {"angle": -22.5, "axis": "y", "origin": [8, -11.5, 8]},
			"faces": {
				"east": {"uv": [11.11522, 0, 16, 6], "texture": "#4"},
				"west": {"uv": [1, 0, 6, 6], "texture": "#4"},
				"up": {"uv": [6, 13.61522, 16, 16], "texture": "#4"},
				"down": {"uv": [5, 5, 6, 6], "texture": "#4"}
			}
		},
		{
			"from": [5, 6, 3],
			"to": [9, 9, 6],
			"rotation": {"angle": 22.5, "axis": "y", "origin": [5.73709, 8.67284, 5.75]},
			"faces": {
				"north": {"uv": [0, 11, 4, 14], "texture": "#4"},
				"east": {"uv": [0, 11, 3, 14], "texture": "#4"},
				"south": {"uv": [0, 8, 4, 11], "texture": "#4"},
				"west": {"uv": [0, 11, 3, 14], "texture": "#4"},
				"up": {"uv": [0, 11, 4, 14], "texture": "#4"}
			}
		},
		{
			"from": [4.97417, 8.84568, 4],
			"to": [6.47417, 11.84568, 5],
			"rotation": {"angle": 22.5, "axis": "y", "origin": [5.73709, 8.67284, 5.75]},
			"faces": {
				"north": {"uv": [0, 11, 1.5, 14], "texture": "#4"},
				"east": {"uv": [0, 11, 1, 14], "texture": "#4"},
				"south": {"uv": [0, 11, 1.5, 14], "texture": "#4"},
				"west": {"uv": [0, 11, 1, 14], "texture": "#4"},
				"up": {"uv": [0, 11, 1.5, 12], "texture": "#4"}
			}
		},
		{
			"from": [7.47417, 8.84568, 4],
			"to": [8.97417, 11.84568, 5],
			"rotation": {"angle": 22.5, "axis": "y", "origin": [5.73709, 8.67284, 5.75]},
			"faces": {
				"north": {"uv": [0, 11, 1.5, 14], "texture": "#4"},
				"east": {"uv": [0, 11, 1, 14], "texture": "#4"},
				"south": {"uv": [0, 11, 1.5, 14], "texture": "#4"},
				"west": {"uv": [0, 11, 1, 14], "texture": "#4"},
				"up": {"uv": [0, 11, 1.5, 12], "texture": "#4"}
			}
		},
		{
			"from": [7.75, 6, 8],
			"to": [8.75, 9, 9],
			"rotation": {"angle": -45, "axis": "z", "origin": [8.25, 7.5, 8.5]},
			"faces": {
				"north": {"uv": [13, 7, 14, 10], "texture": "#4"},
				"east": {"uv": [13, 7, 14, 10], "texture": "#4"},
				"south": {"uv": [13, 7, 14, 10], "texture": "#4"},
				"west": {"uv": [13, 7, 14, 10], "texture": "#4"},
				"up": {"uv": [13, 7, 14, 8], "texture": "#4"},
				"down": {"uv": [13, 7, 14, 8], "texture": "#4"}
			}
		},
		{
			"from": [6.75, 7, 8],
			"to": [9.75, 8, 9],
			"rotation": {"angle": -45, "axis": "z", "origin": [8.25, 7.5, 8.5]},
			"faces": {
				"north": {"uv": [13, 7, 14, 10], "rotation": 270, "texture": "#4"},
				"east": {"uv": [13, 7, 14, 8], "rotation": 90, "texture": "#4"},
				"south": {"uv": [13, 7, 14, 10], "rotation": 90, "texture": "#4"},
				"west": {"uv": [13, 7, 14, 8], "rotation": 90, "texture": "#4"},
				"up": {"uv": [13, 7, 14, 10], "rotation": 90, "texture": "#4"},
				"down": {"uv": [13, 7, 14, 10], "rotation": 90, "texture": "#4"}
			}
		},
		{
			"from": [2.75, 5.5, 7.75],
			"to": [3.75, 7, 8.75],
			"rotation": {"angle": 22.5, "axis": "y", "origin": [3.25, 6.875, 8.25]},
			"faces": {
				"north": {"uv": [11, 9, 12, 11], "texture": "#4"},
				"east": {"uv": [11, 9, 12, 11], "texture": "#4"},
				"south": {"uv": [11, 9, 12, 11], "texture": "#4"},
				"west": {"uv": [11, 9, 12, 11], "texture": "#4"}
			}
		},
		{
			"from": [2, 7, 7],
			"to": [4.5, 8, 9.5],
			"rotation": {"angle": 22.5, "axis": "y", "origin": [3.25, 6.875, 8.25]},
			"faces": {
				"north": {"uv": [11, 7, 13, 9], "texture": "#4"},
				"east": {"uv": [11, 7, 13, 9], "texture": "#4"},
				"south": {"uv": [11, 7, 13, 9], "texture": "#4"},
				"west": {"uv": [11, 7, 13, 9], "texture": "#4"},
				"up": {"uv": [11, 7, 13, 9], "texture": "#4"},
				"down": {"uv": [11, 7, 13, 9], "texture": "#4"}
			}
		},
		{
			"from": [4.5, 7, 10.5],
			"to": [7, 8, 13],
			"rotation": {"angle": -22.5, "axis": "y", "origin": [5.75, 6.875, 11.75]},
			"faces": {
				"north": {"uv": [11, 7, 13, 9], "texture": "#4"},
				"east": {"uv": [11, 7, 13, 9], "texture": "#4"},
				"south": {"uv": [11, 7, 13, 9], "texture": "#4"},
				"west": {"uv": [11, 7, 13, 9], "texture": "#4"},
				"up": {"uv": [11, 7, 13, 9], "rotation": 270, "texture": "#4"},
				"down": {"uv": [11, 7, 13, 9], "rotation": 90, "texture": "#4"}
			}
		},
		{
			"from": [5.25, 5.5, 11.25],
			"to": [6.25, 7, 12.25],
			"rotation": {"angle": -22.5, "axis": "y", "origin": [5.75, 6.875, 11.75]},
			"faces": {
				"north": {"uv": [11, 9, 12, 11], "texture": "#4"},
				"east": {"uv": [11, 9, 12, 11], "texture": "#4"},
				"south": {"uv": [11, 9, 12, 11], "texture": "#4"},
				"west": {"uv": [11, 9, 12, 11], "texture": "#4"}
			}
		},
		{
			"from": [8.75, 7, 10.5],
			"to": [11.25, 8, 13],
			"rotation": {"angle": 22.5, "axis": "y", "origin": [10, 6.875, 11.75]},
			"faces": {
				"north": {"uv": [11, 7, 13, 9], "texture": "#4"},
				"east": {"uv": [11, 7, 13, 9], "texture": "#4"},
				"south": {"uv": [11, 7, 13, 9], "texture": "#4"},
				"west": {"uv": [11, 7, 13, 9], "texture": "#4"},
				"up": {"uv": [11, 7, 13, 9], "rotation": 270, "texture": "#4"},
				"down": {"uv": [11, 7, 13, 9], "rotation": 90, "texture": "#4"}
			}
		},
		{
			"from": [9.5, 5.5, 11.25],
			"to": [10.5, 7, 12.25],
			"rotation": {"angle": 22.5, "axis": "y", "origin": [10, 6.875, 11.75]},
			"faces": {
				"north": {"uv": [11, 9, 12, 11], "texture": "#4"},
				"east": {"uv": [11, 9, 12, 11], "texture": "#4"},
				"south": {"uv": [11, 9, 12, 11], "texture": "#4"},
				"west": {"uv": [11, 9, 12, 11], "texture": "#4"}
			}
		},
		{
			"from": [11, 7, 6.75],
			"to": [13.5, 8, 9.25],
			"rotation": {"angle": -22.5, "axis": "y", "origin": [12.25, 6.875, 8]},
			"faces": {
				"north": {"uv": [11, 7, 13, 9], "texture": "#4"},
				"east": {"uv": [11, 7, 13, 9], "texture": "#4"},
				"south": {"uv": [11, 7, 13, 9], "texture": "#4"},
				"west": {"uv": [11, 7, 13, 9], "texture": "#4"},
				"up": {"uv": [11, 7, 13, 9], "rotation": 180, "texture": "#4"},
				"down": {"uv": [11, 7, 13, 9], "rotation": 180, "texture": "#4"}
			}
		},
		{
			"from": [11.75, 5.5, 7.5],
			"to": [12.75, 7, 8.5],
			"rotation": {"angle": -22.5, "axis": "y", "origin": [12.25, 6.875, 8]},
			"faces": {
				"north": {"uv": [11, 9, 12, 11], "texture": "#4"},
				"east": {"uv": [11, 9, 12, 11], "texture": "#4"},
				"south": {"uv": [11, 9, 12, 11], "texture": "#4"},
				"west": {"uv": [11, 9, 12, 11], "texture": "#4"}
			}
		},
		{
			"from": [9.75, 7, 3.25],
			"to": [12.25, 8, 5.75],
			"rotation": {"angle": 22.5, "axis": "y", "origin": [11, 6.875, 4.5]},
			"faces": {
				"north": {"uv": [11, 7, 13, 9], "texture": "#4"},
				"east": {"uv": [11, 7, 13, 9], "texture": "#4"},
				"south": {"uv": [11, 7, 13, 9], "texture": "#4"},
				"west": {"uv": [11, 7, 13, 9], "texture": "#4"},
				"up": {"uv": [11, 7, 13, 9], "rotation": 180, "texture": "#4"},
				"down": {"uv": [11, 7, 13, 9], "rotation": 180, "texture": "#4"}
			}
		},
		{
			"from": [10.5, 5.5, 4],
			"to": [11.5, 7, 5],
			"rotation": {"angle": 22.5, "axis": "y", "origin": [11, 6.875, 4.5]},
			"faces": {
				"north": {"uv": [11, 9, 12, 11], "texture": "#4"},
				"east": {"uv": [11, 9, 12, 11], "texture": "#4"},
				"south": {"uv": [11, 9, 12, 11], "texture": "#4"},
				"west": {"uv": [11, 9, 12, 11], "texture": "#4"}
			}
		}
	],
	"display": {
		"thirdperson_righthand": {
			"translation": [0, 3, 1],
			"scale": [0.55, 0.55, 0.55]
		},
		"thirdperson_lefthand": {
			"translation": [0, 3, 1],
			"scale": [0.55, 0.55, 0.55]
		},
		"firstperson_righthand": {
			"rotation": [0, -90, 25],
			"translation": [1.13, 3.2, 1.13],
			"scale": [0.68, 0.68, 0.68]
		},
		"firstperson_lefthand": {
			"rotation": [0, -90, 25],
			"translation": [1.13, 3.2, 1.13],
			"scale": [0.68, 0.68, 0.68]
		},
		"ground": {
			"translation": [0, 2, 0],
			"scale": [0.5, 0.5, 0.5]
		},
		"gui": {
			"rotation": [30, 225, 0],
			"translation": [0, 4, 0],
			"scale": [1.14, 1.14, 1.14]
		},
		"head": {
			"rotation": [0, 180, 0],
			"translation": [0, 14.5, 0]
		},
		"fixed": {
			"rotation": [-90, 180, 0],
			"translation": [0, 0, -14],
			"scale": [2, 2, 2]
		}
	},
	"groups": [
		{
			"name": "dgp",
			"origin": [8, 8, 8],
			"color": 0,
			"children": [0, 1, 2, 3]
		},
		{
			"name": "group",
			"origin": [0, 0, 0],
			"color": 0,
			"children": []
		},
		4,
		5,
		6,
		7,
		8,
		9,
		10,
		11,
		12,
		13,
		14,
		15,
		16,
		17,
		18
	]
}