{
	"credit": "Made by YSBB with Blockbench",
	"textures": {
		"4": "item/block/309"
	},
	"elements": [
		{
			"name": "dgp",
			"from": [5.30761, 0.005, 1.5],
			"to": [10.69239, 6.005, 14.5],
			"rotation": {"angle": 22.5, "axis": "y", "origin": [8, 1.5, 8]},
			"faces": {
				"north": {"uv": [11, 0, 16, 6], "texture": "#4"},
				"south": {"uv": [6, 0, 11, 6], "texture": "#4"},
				"up": {"uv": [6, 13.61522, 16, 16], "rotation": 90, "texture": "#4"},
				"down": {"uv": [2, 5, 3, 6], "texture": "#4"}
			}
		},
		{
			"name": "dgp",
			"from": [5.30761, -0.009, 1.5],
			"to": [10.69239, 5.991, 14.5],
			"rotation": {"angle": -22.5, "axis": "y", "origin": [8, -11.5, 8]},
			"faces": {
				"north": {"uv": [6, 0, 11, 6], "texture": "#4"},
				"south": {"uv": [11, 0, 16, 6], "texture": "#4"},
				"up": {"uv": [6, 13.61522, 16, 16], "rotation": 90, "texture": "#4"},
				"down": {"uv": [2, 5, 3, 6], "texture": "#4"}
			}
		},
		{
			"name": "dgp",
			"from": [1.5, 0, 5.30761],
			"to": [14.5, 6, 10.69239],
			"rotation": {"angle": 22.5, "axis": "y", "origin": [8, 1.5, 8]},
			"faces": {
				"east": {"uv": [1, 0, 6, 6], "texture": "#4"},
				"west": {"uv": [6, 0, 11, 6], "texture": "#4"},
				"up": {"uv": [6, 13.61522, 16, 16], "texture": "#4"},
				"down": {"uv": [2, 5, 3, 6], "texture": "#4"}
			}
		},
		{
			"name": "dgp",
			"from": [1.5, -0.005, 5.30761],
			"to": [14.5, 5.995, 10.69239],
			"rotation": {"angle": -22.5, "axis": "y", "origin": [8, -11.5, 8]},
			"faces": {
				"east": {"uv": [11.11522, 0, 16, 6], "texture": "#4"},
				"west": {"uv": [1, 0, 6, 6], "texture": "#4"},
				"up": {"uv": [6, 13.61522, 16, 16], "texture": "#4"},
				"down": {"uv": [2, 5, 3, 6], "texture": "#4"}
			}
		},
		{
			"from": [4.5, 6, 5],
			"to": [6, 8, 6.5],
			"faces": {
				"north": {"uv": [14, 6, 16, 9], "texture": "#4"},
				"east": {"uv": [14, 6, 16, 9], "texture": "#4"},
				"south": {"uv": [14, 6, 16, 9], "texture": "#4"},
				"west": {"uv": [14, 6, 16, 9], "texture": "#4"}
			}
		},
		{
			"from": [3.25, 8, 3.75],
			"to": [7.25, 10, 7.75],
			"faces": {
				"north": {"uv": [10, 10, 14, 12], "texture": "#4"},
				"east": {"uv": [10, 10, 14, 12], "texture": "#4"},
				"south": {"uv": [10, 10, 14, 12], "texture": "#4"},
				"west": {"uv": [10, 10, 14, 12], "texture": "#4"},
				"up": {"uv": [10, 6, 14, 10], "texture": "#4"},
				"down": {"uv": [10, 6, 14, 10], "texture": "#4"}
			}
		},
		{
			"from": [9.25, 5, 4.25],
			"to": [10.75, 7, 5.75],
			"faces": {
				"north": {"uv": [14, 6, 16, 9], "texture": "#4"},
				"east": {"uv": [14, 6, 16, 9], "texture": "#4"},
				"south": {"uv": [14, 6, 16, 9], "texture": "#4"},
				"west": {"uv": [14, 6, 16, 9], "texture": "#4"}
			}
		},
		{
			"from": [8.25, 7, 3.25],
			"to": [11.75, 8.5, 6.75],
			"rotation": {"angle": -22.5, "axis": "y", "origin": [10, 7.75, 5]},
			"faces": {
				"north": {"uv": [10, 10, 14, 12], "texture": "#4"},
				"east": {"uv": [10, 10, 14, 12], "texture": "#4"},
				"south": {"uv": [10, 10, 14, 12], "texture": "#4"},
				"west": {"uv": [10, 10, 14, 12], "texture": "#4"},
				"up": {"uv": [10, 6, 14, 10], "texture": "#4"},
				"down": {"uv": [10, 6, 14, 10], "texture": "#4"}
			}
		},
		{
			"from": [6, 5, 7.15],
			"to": [6, 10, 14.15],
			"rotation": {"angle": 22.5, "axis": "y", "origin": [8, 8, 10.25], "rescale": true},
			"faces": {
				"east": {"uv": [0, 6, 8, 12], "texture": "#4"},
				"west": {"uv": [0, 6, 8, 12], "texture": "#4"}
			}
		},
		{
			"from": [2, 5, 10.25],
			"to": [9, 10, 10.25],
			"rotation": {"angle": 22.5, "axis": "y", "origin": [8, 8, 10.25], "rescale": true},
			"faces": {
				"north": {"uv": [0, 6, 8, 12], "texture": "#4"},
				"south": {"uv": [0, 6, 8, 12], "texture": "#4"}
			}
		},
		{
			"from": [11, 6, 9],
			"to": [13, 8, 11],
			"rotation": {"angle": 22.5, "axis": "y", "origin": [12, 7, 10]},
			"faces": {
				"north": {"uv": [0, 13, 2, 15], "texture": "#4"},
				"east": {"uv": [0, 13, 2, 15], "texture": "#4"},
				"south": {"uv": [0, 13, 2, 15], "texture": "#4"},
				"west": {"uv": [0, 13, 2, 15], "texture": "#4"},
				"up": {"uv": [0, 13, 2, 15], "texture": "#4"}
			}
		},
		{
			"from": [9, 6, 11],
			"to": [11, 8, 13],
			"rotation": {"angle": 22.5, "axis": "y", "origin": [10, 7, 12]},
			"faces": {
				"north": {"uv": [0, 13, 2, 15], "texture": "#4"},
				"east": {"uv": [0, 13, 2, 15], "texture": "#4"},
				"south": {"uv": [0, 13, 2, 15], "texture": "#4"},
				"west": {"uv": [0, 13, 2, 15], "texture": "#4"},
				"up": {"uv": [0, 13, 2, 15], "texture": "#4"}
			}
		}
	],
	"display": {
		"thirdperson_righthand": {
			"translation": [0, 3, 1],
			"scale": [0.55, 0.55, 0.55]
		},
		"thirdperson_lefthand": {
			"translation": [0, 3, 1],
			"scale": [0.55, 0.55, 0.55]
		},
		"firstperson_righthand": {
			"rotation": [0, -90, 25],
			"translation": [1.13, 3.2, 1.13],
			"scale": [0.68, 0.68, 0.68]
		},
		"firstperson_lefthand": {
			"rotation": [0, -90, 25],
			"translation": [1.13, 3.2, 1.13],
			"scale": [0.68, 0.68, 0.68]
		},
		"ground": {
			"translation": [0, 2, 0],
			"scale": [0.5, 0.5, 0.5]
		},
		"gui": {
			"rotation": [30, 225, 0],
			"translation": [0, 4, 0],
			"scale": [1.14, 1.14, 1.14]
		},
		"head": {
			"rotation": [0, 180, 0],
			"translation": [0, 14.5, 0]
		},
		"fixed": {
			"rotation": [-90, 180, 0],
			"translation": [0, 0, -14],
			"scale": [2, 2, 2]
		}
	},
	"groups": [
		{
			"name": "dgp",
			"origin": [8, 8, 8],
			"color": 0,
			"children": [0, 1, 2, 3]
		},
		{
			"name": "group",
			"origin": [0, 0, 0],
			"color": 0,
			"children": []
		},
		4,
		5,
		6,
		7,
		8,
		9,
		10,
		11
	]
}