{
	"credit": "Made by YSBB with Blockbench",
	"textures": {
		"1": "item/block/310_1",
		"4": "item/block/310",
		"particle": "item/block/310_1"
	},
	"elements": [
		{
			"name": "dgp",
			"from": [5.30761, 0.005, 1.5],
			"to": [10.69239, 6.005, 14.5],
			"rotation": {"angle": 22.5, "axis": "y", "origin": [8, 1.5, 8]},
			"faces": {
				"north": {"uv": [11, 0, 16, 6], "texture": "#4"},
				"south": {"uv": [6, 0, 11, 6], "texture": "#4"},
				"up": {"uv": [6, 13.61522, 16, 16], "rotation": 90, "texture": "#4"},
				"down": {"uv": [2, 5, 3, 6], "texture": "#4"}
			}
		},
		{
			"name": "dgp",
			"from": [5.30761, -0.009, 1.5],
			"to": [10.69239, 5.991, 14.5],
			"rotation": {"angle": -22.5, "axis": "y", "origin": [8, -11.5, 8]},
			"faces": {
				"north": {"uv": [6, 0, 11, 6], "texture": "#4"},
				"south": {"uv": [11, 0, 16, 6], "texture": "#4"},
				"up": {"uv": [6, 13.61522, 16, 16], "rotation": 90, "texture": "#4"},
				"down": {"uv": [2, 5, 3, 6], "texture": "#4"}
			}
		},
		{
			"name": "dgp",
			"from": [1.5, 0, 5.30761],
			"to": [14.5, 6, 10.69239],
			"rotation": {"angle": 22.5, "axis": "y", "origin": [8, 1.5, 8]},
			"faces": {
				"east": {"uv": [1, 0, 6, 6], "texture": "#4"},
				"west": {"uv": [6, 0, 11, 6], "texture": "#4"},
				"up": {"uv": [6, 13.61522, 16, 16], "texture": "#4"},
				"down": {"uv": [2, 5, 3, 6], "texture": "#4"}
			}
		},
		{
			"name": "dgp",
			"from": [1.5, -0.005, 5.30761],
			"to": [14.5, 5.995, 10.69239],
			"rotation": {"angle": -22.5, "axis": "y", "origin": [8, -11.5, 8]},
			"faces": {
				"east": {"uv": [11.11522, 0, 16, 6], "texture": "#4"},
				"west": {"uv": [1, 0, 6, 6], "texture": "#4"},
				"up": {"uv": [6, 13.61522, 16, 16], "texture": "#4"},
				"down": {"uv": [2, 5, 3, 6], "texture": "#4"}
			}
		},
		{
			"from": [6.5, 6, 4],
			"to": [9.5, 9, 7],
			"rotation": {"angle": 45, "axis": "y", "origin": [5.5, 7.5, 4.5]},
			"faces": {
				"north": {"uv": [4, 6, 7, 9], "texture": "#4"},
				"east": {"uv": [4, 6, 7, 9], "texture": "#4"},
				"south": {"uv": [4, 6, 7, 9], "texture": "#4"},
				"west": {"uv": [4, 6, 7, 9], "texture": "#4"},
				"up": {"uv": [4, 6, 7, 9], "texture": "#4"}
			}
		},
		{
			"from": [6.5, 9.25, 4],
			"to": [9.5, 9.25, 7],
			"rotation": {"angle": 45, "axis": "y", "origin": [5.5, 7.5, 4.5]},
			"faces": {
				"up": {"uv": [12, 6, 15, 9], "texture": "#4"}
			}
		},
		{
			"from": [10.5, 6, 4],
			"to": [13.5, 9, 7],
			"rotation": {"angle": 22.5, "axis": "y", "origin": [12, 7.5, 6.5]},
			"faces": {
				"north": {"uv": [4, 6, 7, 9], "texture": "#4"},
				"east": {"uv": [4, 6, 7, 9], "texture": "#4"},
				"south": {"uv": [4, 6, 7, 9], "texture": "#4"},
				"west": {"uv": [4, 6, 7, 9], "texture": "#4"},
				"up": {"uv": [4, 6, 7, 9], "texture": "#4"}
			}
		},
		{
			"from": [10.5, 9.25, 4],
			"to": [13.5, 9.25, 7],
			"rotation": {"angle": 22.5, "axis": "y", "origin": [12, 7.5, 6.5]},
			"faces": {
				"up": {"uv": [12, 6, 15, 9], "texture": "#4"}
			}
		},
		{
			"from": [10.5, 6, 8],
			"to": [13.5, 9, 11],
			"rotation": {"angle": 0, "axis": "y", "origin": [5.75, 6, 11]},
			"faces": {
				"north": {"uv": [4, 6, 7, 9], "texture": "#4"},
				"east": {"uv": [4, 6, 7, 9], "texture": "#4"},
				"south": {"uv": [4, 6, 7, 9], "texture": "#4"},
				"west": {"uv": [4, 6, 7, 9], "texture": "#4"},
				"up": {"uv": [4, 6, 7, 9], "texture": "#4"}
			}
		},
		{
			"from": [10.5, 9.25, 8],
			"to": [13.5, 9.25, 11],
			"rotation": {"angle": 0, "axis": "y", "origin": [5.75, 6, 11]},
			"faces": {
				"up": {"uv": [12, 6, 15, 9], "texture": "#4"}
			}
		},
		{
			"from": [6.75419, 6, 10.49373],
			"to": [9.75419, 9, 13.49373],
			"rotation": {"angle": -22.5, "axis": "y", "origin": [8.00419, 8.375, 12.49373]},
			"faces": {
				"north": {"uv": [4, 6, 7, 9], "texture": "#4"},
				"east": {"uv": [4, 6, 7, 9], "texture": "#4"},
				"south": {"uv": [4, 6, 7, 9], "texture": "#4"},
				"west": {"uv": [4, 6, 7, 9], "texture": "#4"},
				"up": {"uv": [4, 6, 7, 9], "rotation": 270, "texture": "#4"}
			}
		},
		{
			"from": [6.75419, 9.25, 10.49373],
			"to": [9.75419, 9.25, 13.49373],
			"rotation": {"angle": -22.5, "axis": "y", "origin": [8.00419, 8.375, 12.49373]},
			"faces": {
				"up": {"uv": [12, 6, 15, 9], "rotation": 270, "texture": "#4"}
			}
		},
		{
			"from": [2.59728, 6, 6.8903],
			"to": [7.84728, 7.75, 9.3903],
			"rotation": {"angle": 22.5, "axis": "y", "origin": [5.75403, 7, 7.42441]},
			"faces": {
				"north": {"uv": [0, 0, 3.25, 1.75], "texture": "#1"},
				"east": {"uv": [0, 0, 2.5, 1.75], "texture": "#1"},
				"south": {"uv": [0, 0, 5.25, 1.75], "texture": "#1"},
				"west": {"uv": [0, 2.25, 4, 4], "texture": "#1"},
				"up": {"uv": [0, 0, 3.25, 2.5], "rotation": 180, "texture": "#1"},
				"down": {"uv": [0, 0, 5.25, 2.5], "rotation": 180, "texture": "#1"}
			}
		},
		{
			"from": [3.84728, 6, 6.1403],
			"to": [6.84728, 8.5, 10.1403],
			"rotation": {"angle": 22.5, "axis": "y", "origin": [5.75403, 7, 7.42441]},
			"faces": {
				"north": {"uv": [0, 0, 3, 2.5], "texture": "#1"},
				"east": {"uv": [0, 0, 4, 2.5], "texture": "#1"},
				"south": {"uv": [0, 0, 3, 2.5], "texture": "#1"},
				"west": {"uv": [0, 0, 4, 2.5], "texture": "#1"},
				"up": {"uv": [0, 0, 3, 2], "rotation": 180, "texture": "#1"},
				"down": {"uv": [0, 0, 3, 4], "rotation": 180, "texture": "#1"}
			}
		},
		{
			"from": [7.78578, 6, 7.20851],
			"to": [8.78578, 7.5, 9.20851],
			"rotation": {"angle": 22.5, "axis": "y", "origin": [5.75403, 7, 7.42441]},
			"faces": {
				"north": {"uv": [0, 0, 1, 1.5], "texture": "#1"},
				"east": {"uv": [0, 0, 2, 1.5], "texture": "#1"},
				"south": {"uv": [0, 0, 1, 1.5], "texture": "#1"},
				"west": {"uv": [0, 0, 2, 1.5], "texture": "#1"},
				"up": {"uv": [0, 0, 1, 2], "texture": "#1"},
				"down": {"uv": [0, 0, 1, 2], "texture": "#1"}
			}
		},
		{
			"from": [2.59728, 6, 6.6403],
			"to": [7.84728, 7.75, 9.1403],
			"rotation": {"angle": 22.5, "axis": "y", "origin": [5.75403, 7, 7.42441]},
			"faces": {
				"north": {"uv": [5, 0, 8.25, 1.75], "texture": "#1"},
				"east": {"uv": [5, 0, 7.5, 1.75], "texture": "#1"},
				"south": {"uv": [5, 0, 10.25, 1.75], "texture": "#1"},
				"west": {"uv": [5, 2.25, 9, 4], "texture": "#1"},
				"up": {"uv": [5, 0, 8.25, 2.5], "rotation": 180, "texture": "#1"},
				"down": {"uv": [5, 0, 10.25, 2.5], "rotation": 180, "texture": "#1"}
			}
		},
		{
			"from": [3.84728, 6, 6.1403],
			"to": [6.84728, 8.5, 10.1403],
			"rotation": {"angle": 22.5, "axis": "y", "origin": [5.75403, 7, 7.42441]},
			"faces": {
				"north": {"uv": [5, 0, 8, 2.5], "texture": "#1"},
				"east": {"uv": [5, 0, 9, 2.5], "texture": "#1"},
				"south": {"uv": [5, 0, 8, 2.5], "texture": "#1"},
				"west": {"uv": [5, 0, 9, 2.5], "texture": "#1"},
				"up": {"uv": [5, 0, 8, 2], "rotation": 180, "texture": "#1"},
				"down": {"uv": [5, 0, 8, 4], "rotation": 180, "texture": "#1"}
			}
		},
		{
			"from": [7.78578, 6, 7.20851],
			"to": [8.78578, 7.5, 9.20851],
			"rotation": {"angle": 22.5, "axis": "y", "origin": [5.75403, 7, 7.42441]},
			"faces": {
				"north": {"uv": [5, 0, 6, 1.5], "texture": "#1"},
				"east": {"uv": [5, 0, 7, 1.5], "texture": "#1"},
				"south": {"uv": [5, 0, 6, 1.5], "texture": "#1"},
				"west": {"uv": [5, 0, 7, 1.5], "texture": "#1"},
				"up": {"uv": [5, 0, 6, 2], "texture": "#1"},
				"down": {"uv": [5, 0, 6, 2], "texture": "#1"}
			}
		},
		{
			"from": [2.59728, 6, 6.6403],
			"to": [7.84728, 7.75, 9.1403],
			"rotation": {"angle": 22.5, "axis": "y", "origin": [5.75403, 7, 7.42441]},
			"faces": {
				"north": {"uv": [10, 0, 13.25, 1.75], "texture": "#1"},
				"east": {"uv": [10, 0, 12.5, 1.75], "texture": "#1"},
				"south": {"uv": [10, 0, 15.25, 1.75], "texture": "#1"},
				"west": {"uv": [10, 2.25, 14, 4], "texture": "#1"},
				"up": {"uv": [10, 0, 13.25, 2.5], "rotation": 180, "texture": "#1"},
				"down": {"uv": [10, 0, 15.25, 2.5], "rotation": 180, "texture": "#1"}
			}
		},
		{
			"from": [3.84728, 6, 5.8903],
			"to": [6.84728, 8.5, 9.8903],
			"rotation": {"angle": 22.5, "axis": "y", "origin": [5.75403, 7, 7.42441]},
			"faces": {
				"north": {"uv": [10, 0, 13, 2.5], "texture": "#1"},
				"east": {"uv": [10, 0, 14, 2.5], "texture": "#1"},
				"south": {"uv": [10, 0, 13, 2.5], "texture": "#1"},
				"west": {"uv": [10, 0, 14, 2.5], "texture": "#1"},
				"up": {"uv": [10, 0, 13, 2], "rotation": 180, "texture": "#1"},
				"down": {"uv": [10, 0, 13, 4], "rotation": 180, "texture": "#1"}
			}
		},
		{
			"from": [7.78578, 6, 7.20851],
			"to": [8.78578, 7.5, 9.20851],
			"rotation": {"angle": 22.5, "axis": "y", "origin": [5.75403, 7, 7.42441]},
			"faces": {
				"north": {"uv": [10, 0, 11, 1.5], "texture": "#1"},
				"east": {"uv": [10, 0, 12, 1.5], "texture": "#1"},
				"south": {"uv": [10, 0, 11, 1.5], "texture": "#1"},
				"west": {"uv": [10, 0, 12, 1.5], "texture": "#1"},
				"up": {"uv": [10, 0, 11, 2], "texture": "#1"},
				"down": {"uv": [10, 0, 11, 2], "texture": "#1"}
			}
		},
		{
			"from": [2.59728, 6, 6.6403],
			"to": [7.84728, 7.75, 9.1403],
			"rotation": {"angle": 22.5, "axis": "y", "origin": [5.75403, 7, 7.42441]},
			"faces": {
				"north": {"uv": [0, 5, 3.25, 6.75], "texture": "#1"},
				"east": {"uv": [0, 5, 2.5, 6.75], "texture": "#1"},
				"south": {"uv": [0, 5, 5.25, 6.75], "texture": "#1"},
				"west": {"uv": [0, 7.25, 4, 9], "texture": "#1"},
				"up": {"uv": [0, 5, 3.25, 7.5], "rotation": 180, "texture": "#1"},
				"down": {"uv": [0, 5, 5.25, 7.5], "rotation": 180, "texture": "#1"}
			}
		},
		{
			"from": [3.84728, 6, 5.8903],
			"to": [6.84728, 8.5, 9.8903],
			"rotation": {"angle": 22.5, "axis": "y", "origin": [5.75403, 7, 7.42441]},
			"faces": {
				"north": {"uv": [0, 5, 3, 7.5], "texture": "#1"},
				"east": {"uv": [0, 5, 4, 7.5], "texture": "#1"},
				"south": {"uv": [0, 5, 3, 7.5], "texture": "#1"},
				"west": {"uv": [0, 5, 4, 7.5], "texture": "#1"},
				"up": {"uv": [0, 5, 3, 7], "rotation": 180, "texture": "#1"},
				"down": {"uv": [0, 5, 3, 9], "rotation": 180, "texture": "#1"}
			}
		},
		{
			"from": [7.78578, 6, 6.95851],
			"to": [8.78578, 7.5, 8.95851],
			"rotation": {"angle": 22.5, "axis": "y", "origin": [5.75403, 7, 7.42441]},
			"faces": {
				"north": {"uv": [0, 5, 1, 6.5], "texture": "#1"},
				"east": {"uv": [0, 5, 2, 6.5], "texture": "#1"},
				"south": {"uv": [0, 5, 1, 6.5], "texture": "#1"},
				"west": {"uv": [0, 5, 2, 6.5], "texture": "#1"},
				"up": {"uv": [0, 5, 1, 7], "texture": "#1"},
				"down": {"uv": [0, 5, 1, 7], "texture": "#1"}
			}
		},
		{
			"from": [2.59728, 6, 6.8903],
			"to": [7.84728, 7.75, 9.3903],
			"rotation": {"angle": 22.5, "axis": "y", "origin": [5.75403, 7, 7.42441]},
			"faces": {
				"north": {"uv": [5, 5, 8.25, 6.75], "texture": "#1"},
				"east": {"uv": [5, 5, 7.5, 6.75], "texture": "#1"},
				"south": {"uv": [5, 5, 10.25, 6.75], "texture": "#1"},
				"west": {"uv": [5, 7.25, 9, 9], "texture": "#1"},
				"up": {"uv": [5, 5, 8.25, 7.5], "rotation": 180, "texture": "#1"},
				"down": {"uv": [5, 5, 10.25, 7.5], "rotation": 180, "texture": "#1"}
			}
		},
		{
			"from": [3.84728, 6, 5.8903],
			"to": [6.84728, 8.5, 9.8903],
			"rotation": {"angle": 22.5, "axis": "y", "origin": [5.75403, 7, 7.42441]},
			"faces": {
				"north": {"uv": [5, 5, 8, 7.5], "texture": "#1"},
				"east": {"uv": [5, 5, 9, 7.5], "texture": "#1"},
				"south": {"uv": [5, 5, 8, 7.5], "texture": "#1"},
				"west": {"uv": [5, 5, 9, 7.5], "texture": "#1"},
				"up": {"uv": [5, 5, 8, 7], "rotation": 180, "texture": "#1"},
				"down": {"uv": [5, 5, 8, 9], "rotation": 180, "texture": "#1"}
			}
		},
		{
			"from": [7.78578, 6, 6.95851],
			"to": [8.78578, 7.5, 8.95851],
			"rotation": {"angle": 22.5, "axis": "y", "origin": [5.75403, 7, 7.42441]},
			"faces": {
				"north": {"uv": [5, 5, 6, 6.5], "texture": "#1"},
				"east": {"uv": [5, 5, 7, 6.5], "texture": "#1"},
				"south": {"uv": [5, 5, 6, 6.5], "texture": "#1"},
				"west": {"uv": [5, 5, 7, 6.5], "texture": "#1"},
				"up": {"uv": [5, 5, 6, 7], "texture": "#1"},
				"down": {"uv": [5, 5, 6, 7], "texture": "#1"}
			}
		},
		{
			"from": [2.59728, 6, 6.8903],
			"to": [7.84728, 7.75, 9.3903],
			"rotation": {"angle": 22.5, "axis": "y", "origin": [5.75403, 7, 7.42441]},
			"faces": {
				"north": {"uv": [10, 5, 13.25, 6.75], "texture": "#1"},
				"east": {"uv": [10, 5, 12.5, 6.75], "texture": "#1"},
				"south": {"uv": [10, 5, 15.25, 6.75], "texture": "#1"},
				"west": {"uv": [10, 7.25, 14, 9], "texture": "#1"},
				"up": {"uv": [10, 5, 13.25, 7.5], "rotation": 180, "texture": "#1"},
				"down": {"uv": [10, 5, 15.25, 7.5], "rotation": 180, "texture": "#1"}
			}
		},
		{
			"from": [3.84728, 6, 6.1403],
			"to": [6.84728, 8.5, 10.1403],
			"rotation": {"angle": 22.5, "axis": "y", "origin": [5.75403, 7, 7.42441]},
			"faces": {
				"north": {"uv": [10, 5, 13, 7.5], "texture": "#1"},
				"east": {"uv": [10, 5, 14, 7.5], "texture": "#1"},
				"south": {"uv": [10, 5, 13, 7.5], "texture": "#1"},
				"west": {"uv": [10, 5, 14, 7.5], "texture": "#1"},
				"up": {"uv": [10, 5, 13, 7], "rotation": 180, "texture": "#1"},
				"down": {"uv": [10, 5, 13, 9], "rotation": 180, "texture": "#1"}
			}
		},
		{
			"from": [7.78578, 6, 7.20851],
			"to": [8.78578, 7.5, 9.20851],
			"rotation": {"angle": 22.5, "axis": "y", "origin": [5.75403, 7, 7.42441]},
			"faces": {
				"north": {"uv": [10, 5, 11, 6.5], "texture": "#1"},
				"east": {"uv": [10, 5, 12, 6.5], "texture": "#1"},
				"south": {"uv": [10, 5, 11, 6.5], "texture": "#1"},
				"west": {"uv": [10, 5, 12, 6.5], "texture": "#1"},
				"up": {"uv": [10, 5, 11, 7], "texture": "#1"},
				"down": {"uv": [10, 5, 11, 7], "texture": "#1"}
			}
		},
		{
			"from": [2.59728, 6, 6.8903],
			"to": [7.84728, 7.75, 9.3903],
			"rotation": {"angle": 22.5, "axis": "y", "origin": [5.75403, 7, 7.42441]},
			"faces": {
				"north": {"uv": [0, 10, 3.25, 11.75], "texture": "#1"},
				"east": {"uv": [0, 10, 2.5, 11.75], "texture": "#1"},
				"south": {"uv": [0, 10, 5.25, 11.75], "texture": "#1"},
				"west": {"uv": [0, 12.25, 4, 14], "texture": "#1"},
				"up": {"uv": [0, 10, 3.25, 12.5], "rotation": 180, "texture": "#1"},
				"down": {"uv": [0, 10, 5.25, 12.5], "rotation": 180, "texture": "#1"}
			}
		},
		{
			"from": [3.84728, 6, 6.1403],
			"to": [6.84728, 8.5, 10.1403],
			"rotation": {"angle": 22.5, "axis": "y", "origin": [5.75403, 7, 7.42441]},
			"faces": {
				"north": {"uv": [0, 10, 3, 12.5], "texture": "#1"},
				"east": {"uv": [0, 10, 4, 12.5], "texture": "#1"},
				"south": {"uv": [0, 10, 3, 12.5], "texture": "#1"},
				"west": {"uv": [0, 10, 4, 12.5], "texture": "#1"},
				"up": {"uv": [0, 10, 3, 12], "rotation": 180, "texture": "#1"},
				"down": {"uv": [0, 10, 3, 14], "rotation": 180, "texture": "#1"}
			}
		},
		{
			"from": [7.78578, 6, 7.20851],
			"to": [8.78578, 7.5, 9.20851],
			"rotation": {"angle": 22.5, "axis": "y", "origin": [5.75403, 7, 7.42441]},
			"faces": {
				"north": {"uv": [0, 10, 1, 11.5], "texture": "#1"},
				"east": {"uv": [0, 10, 2, 11.5], "texture": "#1"},
				"south": {"uv": [0, 10, 1, 11.5], "texture": "#1"},
				"west": {"uv": [0, 10, 2, 11.5], "texture": "#1"},
				"up": {"uv": [0, 10, 1, 12], "texture": "#1"},
				"down": {"uv": [0, 10, 1, 12], "texture": "#1"}
			}
		}
	],
	"display": {
		"thirdperson_righthand": {
			"translation": [0, 3, 1],
			"scale": [0.55, 0.55, 0.55]
		},
		"thirdperson_lefthand": {
			"translation": [0, 3, 1],
			"scale": [0.55, 0.55, 0.55]
		},
		"firstperson_righthand": {
			"rotation": [0, -90, 25],
			"translation": [1.13, 3.2, 1.13],
			"scale": [0.68, 0.68, 0.68]
		},
		"firstperson_lefthand": {
			"rotation": [0, -90, 25],
			"translation": [1.13, 3.2, 1.13],
			"scale": [0.68, 0.68, 0.68]
		},
		"ground": {
			"translation": [0, 2, 0],
			"scale": [0.5, 0.5, 0.5]
		},
		"gui": {
			"rotation": [30, 225, 0],
			"translation": [0, 4, 0],
			"scale": [1.14, 1.14, 1.14]
		},
		"head": {
			"rotation": [0, 180, 0],
			"translation": [0, 14.5, 0]
		},
		"fixed": {
			"rotation": [-90, 180, 0],
			"translation": [0, 0, -14],
			"scale": [2, 2, 2]
		}
	},
	"groups": [
		{
			"name": "dgp",
			"origin": [8, 8, 8],
			"color": 0,
			"children": [0, 1, 2, 3]
		},
		{
			"name": "group",
			"origin": [0, 0, 0],
			"color": 0,
			"children": []
		},
		4,
		5,
		6,
		7,
		8,
		9,
		10,
		11,
		{
			"name": "1",
			"origin": [5.75403, 7, 7.42441],
			"color": 0,
			"children": [12, 13, 14]
		},
		{
			"name": "2",
			"origin": [5.75403, 7, 7.42441],
			"color": 0,
			"children": [15, 16, 17]
		},
		{
			"name": "3",
			"origin": [5.75403, 7, 7.42441],
			"color": 0,
			"children": [18, 19, 20]
		},
		{
			"name": "4",
			"origin": [5.75403, 7, 7.42441],
			"color": 0,
			"children": [21, 22, 23]
		},
		{
			"name": "5",
			"origin": [5.75403, 7, 7.42441],
			"color": 0,
			"children": [24, 25, 26]
		},
		{
			"name": "6",
			"origin": [5.75403, 7, 7.42441],
			"color": 0,
			"children": [27, 28, 29]
		},
		{
			"name": "7",
			"origin": [5.75403, 7, 7.42441],
			"color": 0,
			"children": [30, 31, 32]
		}
	]
}