{
	"credit": "Made by YSBB with Blockbench",
	"textures": {
		"4": "item/block/311"
	},
	"elements": [
		{
			"name": "dgp",
			"from": [5.30761, 0.005, 1.5],
			"to": [10.69239, 6.005, 14.5],
			"rotation": {"angle": 22.5, "axis": "y", "origin": [8, 1.5, 8]},
			"faces": {
				"north": {"uv": [11, 0, 16, 6], "texture": "#4"},
				"south": {"uv": [6, 0, 11, 6], "texture": "#4"},
				"up": {"uv": [6, 13.61522, 16, 16], "rotation": 90, "texture": "#4"},
				"down": {"uv": [4, 5, 5, 6], "texture": "#4"}
			}
		},
		{
			"name": "dgp",
			"from": [5.30761, -0.009, 1.5],
			"to": [10.69239, 5.991, 14.5],
			"rotation": {"angle": -22.5, "axis": "y", "origin": [8, -11.5, 8]},
			"faces": {
				"north": {"uv": [6, 0, 11, 6], "texture": "#4"},
				"south": {"uv": [11, 0, 16, 6], "texture": "#4"},
				"up": {"uv": [6, 13.61522, 16, 16], "rotation": 90, "texture": "#4"},
				"down": {"uv": [4, 5, 5, 6], "texture": "#4"}
			}
		},
		{
			"name": "dgp",
			"from": [1.5, 0, 5.30761],
			"to": [14.5, 6, 10.69239],
			"rotation": {"angle": 22.5, "axis": "y", "origin": [8, 1.5, 8]},
			"faces": {
				"east": {"uv": [1, 0, 6, 6], "texture": "#4"},
				"west": {"uv": [6, 0, 11, 6], "texture": "#4"},
				"up": {"uv": [6, 13.61522, 16, 16], "texture": "#4"},
				"down": {"uv": [4, 5, 5, 6], "texture": "#4"}
			}
		},
		{
			"name": "dgp",
			"from": [1.5, -0.005, 5.30761],
			"to": [14.5, 5.995, 10.69239],
			"rotation": {"angle": -22.5, "axis": "y", "origin": [8, -11.5, 8]},
			"faces": {
				"east": {"uv": [11.11522, 0, 16, 6], "texture": "#4"},
				"west": {"uv": [1, 0, 6, 6], "texture": "#4"},
				"up": {"uv": [6, 13.61522, 16, 16], "texture": "#4"},
				"down": {"uv": [4, 5, 5, 6], "texture": "#4"}
			}
		},
		{
			"from": [7.25, 5, 7.25],
			"to": [9.25, 11.5, 9.25],
			"rotation": {"angle": 22.5, "axis": "y", "origin": [9, 13, 9.5]},
			"faces": {
				"north": {"uv": [0, 8, 2, 14.5], "texture": "#4"},
				"east": {"uv": [0, 8, 2, 14.5], "texture": "#4"},
				"south": {"uv": [0, 8, 2, 14.5], "texture": "#4"},
				"west": {"uv": [0, 8, 2, 14.5], "texture": "#4"},
				"up": {"uv": [0, 8, 2, 10], "texture": "#4"}
			}
		},
		{
			"from": [7.18434, 3.63476, 12],
			"to": [9.18434, 7.63476, 14],
			"rotation": {"angle": 22.5, "axis": "x", "origin": [9.68434, 12.63476, 16]},
			"faces": {
				"north": {"uv": [0, 8, 2, 12], "texture": "#4"},
				"east": {"uv": [0, 8, 2, 12], "texture": "#4"},
				"south": {"uv": [0, 8, 2, 12], "texture": "#4"},
				"west": {"uv": [0, 8, 2, 12], "texture": "#4"},
				"up": {"uv": [0, 8, 2, 10], "texture": "#4"}
			}
		},
		{
			"from": [6.18434, 2.88476, 0.5],
			"to": [8.18434, 7.88476, 2.5],
			"rotation": {"angle": -45, "axis": "x", "origin": [8.68434, 11.88476, 2]},
			"faces": {
				"north": {"uv": [0, 7, 2, 12], "texture": "#4"},
				"east": {"uv": [0, 7, 2, 12], "texture": "#4"},
				"south": {"uv": [0, 7, 2, 12], "texture": "#4"},
				"west": {"uv": [0, 7, 2, 12], "texture": "#4"},
				"up": {"uv": [0, 7, 2, 9], "texture": "#4"}
			}
		},
		{
			"from": [2.68434, 4.38476, 7.75],
			"to": [4.68434, 8.38476, 9.75],
			"rotation": {"angle": 22.5, "axis": "z", "origin": [3.43434, 11.13476, 9.75]},
			"faces": {
				"north": {"uv": [0, 8, 2, 12], "texture": "#4"},
				"east": {"uv": [0, 8, 2, 12], "texture": "#4"},
				"south": {"uv": [0, 8, 2, 12], "texture": "#4"},
				"west": {"uv": [0, 8, 2, 12], "texture": "#4"},
				"up": {"uv": [0, 8, 2, 10], "texture": "#4"}
			}
		},
		{
			"from": [12.93434, 2.63476, 7.5],
			"to": [14.93434, 6.63476, 9.5],
			"rotation": {"angle": -45, "axis": "z", "origin": [15.43434, 10.38476, 9.75]},
			"faces": {
				"north": {"uv": [0, 8, 2, 12], "texture": "#4"},
				"east": {"uv": [0, 8, 2, 12], "texture": "#4"},
				"south": {"uv": [0, 8, 2, 12], "texture": "#4"},
				"west": {"uv": [0, 8, 2, 12], "texture": "#4"},
				"up": {"uv": [0, 8, 2, 10], "texture": "#4"}
			}
		},
		{
			"from": [8.55782, 5.37956, 5.5],
			"to": [10.55782, 9.37956, 7.5],
			"rotation": {"angle": 0, "axis": "z", "origin": [10.30782, 7.37956, 6.5]},
			"faces": {
				"north": {"uv": [0, 8, 2, 12], "texture": "#4"},
				"east": {"uv": [0, 8, 2, 12], "texture": "#4"},
				"south": {"uv": [0, 8, 2, 12], "texture": "#4"},
				"west": {"uv": [0, 8, 2, 12], "texture": "#4"},
				"up": {"uv": [0, 8, 2, 10], "texture": "#4"}
			}
		},
		{
			"from": [11.55782, 3.37956, 5.5],
			"to": [13.55782, 7.37956, 7.5],
			"rotation": {"angle": 0, "axis": "z", "origin": [10.30782, 7.37956, 6.5]},
			"faces": {
				"north": {"uv": [0, 8, 2, 12], "texture": "#4"},
				"east": {"uv": [0, 8, 2, 12], "texture": "#4"},
				"south": {"uv": [0, 8, 2, 12], "texture": "#4"},
				"west": {"uv": [0, 8, 2, 12], "texture": "#4"},
				"up": {"uv": [0, 8, 2, 10], "texture": "#4"}
			}
		},
		{
			"from": [8.80782, 5.37956, 2.5],
			"to": [10.80782, 9.37956, 4.5],
			"rotation": {"angle": -22.5, "axis": "x", "origin": [11.55782, 7.37956, 4.5]},
			"faces": {
				"north": {"uv": [0, 8, 2, 12], "texture": "#4"},
				"east": {"uv": [0, 8, 2, 12], "texture": "#4"},
				"south": {"uv": [0, 8, 2, 12], "texture": "#4"},
				"west": {"uv": [0, 8, 2, 12], "texture": "#4"},
				"up": {"uv": [0, 8, 2, 10], "texture": "#4"}
			}
		},
		{
			"from": [3.55782, 5.37956, 3.5],
			"to": [5.55782, 9.37956, 5.5],
			"rotation": {"angle": 22.5, "axis": "z", "origin": [4.55782, 7.37956, 4.5]},
			"faces": {
				"north": {"uv": [0, 8, 2, 12], "texture": "#4"},
				"east": {"uv": [0, 8, 2, 12], "texture": "#4"},
				"south": {"uv": [0, 8, 2, 12], "texture": "#4"},
				"west": {"uv": [0, 8, 2, 12], "texture": "#4"},
				"up": {"uv": [0, 8, 2, 10], "texture": "#4"}
			}
		},
		{
			"from": [4.05782, 5.37956, 10.75],
			"to": [6.05782, 9.37956, 12.75],
			"rotation": {"angle": 45, "axis": "y", "origin": [4.55782, 7.37956, 11.5]},
			"faces": {
				"north": {"uv": [0, 8, 2, 12], "texture": "#4"},
				"east": {"uv": [0, 8, 2, 12], "texture": "#4"},
				"south": {"uv": [0, 8, 2, 12], "texture": "#4"},
				"west": {"uv": [0, 8, 2, 12], "texture": "#4"},
				"up": {"uv": [0, 8, 2, 10], "texture": "#4"}
			}
		},
		{
			"from": [5.30782, 5.37956, 6.75],
			"to": [7.30782, 9.37956, 8.75],
			"rotation": {"angle": 45, "axis": "y", "origin": [4.55782, 7.37956, 11.5]},
			"faces": {
				"north": {"uv": [0, 8, 2, 12], "texture": "#4"},
				"east": {"uv": [0, 8, 2, 12], "texture": "#4"},
				"south": {"uv": [0, 8, 2, 12], "texture": "#4"},
				"west": {"uv": [0, 8, 2, 12], "texture": "#4"},
				"up": {"uv": [0, 8, 2, 10], "texture": "#4"}
			}
		},
		{
			"from": [10.55782, 5.37956, 9.5],
			"to": [12.55782, 9.37956, 11.5],
			"rotation": {"angle": 22.5, "axis": "y", "origin": [11.55782, 7.37956, 11.5]},
			"faces": {
				"north": {"uv": [0, 8, 2, 12], "texture": "#4"},
				"east": {"uv": [0, 8, 2, 12], "texture": "#4"},
				"south": {"uv": [0, 8, 2, 12], "texture": "#4"},
				"west": {"uv": [0, 8, 2, 12], "texture": "#4"},
				"up": {"uv": [0, 8, 2, 10], "texture": "#4"}
			}
		}
	],
	"display": {
		"thirdperson_righthand": {
			"translation": [0, 3, 1],
			"scale": [0.55, 0.55, 0.55]
		},
		"thirdperson_lefthand": {
			"translation": [0, 3, 1],
			"scale": [0.55, 0.55, 0.55]
		},
		"firstperson_righthand": {
			"rotation": [0, -90, 25],
			"translation": [1.13, 3.2, 1.13],
			"scale": [0.68, 0.68, 0.68]
		},
		"firstperson_lefthand": {
			"rotation": [0, -90, 25],
			"translation": [1.13, 3.2, 1.13],
			"scale": [0.68, 0.68, 0.68]
		},
		"ground": {
			"translation": [0, 2, 0],
			"scale": [0.5, 0.5, 0.5]
		},
		"gui": {
			"rotation": [30, 225, 0],
			"translation": [0, 4, 0],
			"scale": [1.14, 1.14, 1.14]
		},
		"head": {
			"rotation": [0, 180, 0],
			"translation": [0, 14.5, 0]
		},
		"fixed": {
			"rotation": [-90, 180, 0],
			"translation": [0, 0, -14],
			"scale": [2, 2, 2]
		}
	},
	"groups": [
		{
			"name": "dgp",
			"origin": [8, 8, 8],
			"color": 0,
			"children": [0, 1, 2, 3]
		},
		4,
		5,
		6,
		7,
		8,
		9,
		10,
		11,
		12,
		13,
		14,
		15
	]
}