{
	"credit": "Made by YSBB with Blockbench",
	"textures": {
		"1": "item/block/312_1",
		"4": "item/block/312",
		"particle": "item/block/312_1"
	},
	"elements": [
		{
			"name": "dgp",
			"from": [5.30761, 0.005, 1.5],
			"to": [10.69239, 6.005, 14.5],
			"rotation": {"angle": 22.5, "axis": "y", "origin": [8, 1.5, 8]},
			"faces": {
				"north": {"uv": [11, 0, 16, 6], "texture": "#4"},
				"south": {"uv": [6, 0, 11, 6], "texture": "#4"},
				"up": {"uv": [6, 13.61522, 16, 16], "rotation": 90, "texture": "#4"},
				"down": {"uv": [3, 5, 4, 6], "texture": "#4"}
			}
		},
		{
			"name": "dgp",
			"from": [5.30761, -0.009, 1.5],
			"to": [10.69239, 5.991, 14.5],
			"rotation": {"angle": -22.5, "axis": "y", "origin": [8, -11.5, 8]},
			"faces": {
				"north": {"uv": [6, 0, 11, 6], "texture": "#4"},
				"south": {"uv": [11, 0, 16, 6], "texture": "#4"},
				"up": {"uv": [6, 13.61522, 16, 16], "rotation": 90, "texture": "#4"},
				"down": {"uv": [3, 5, 4, 6], "texture": "#4"}
			}
		},
		{
			"name": "dgp",
			"from": [1.5, 0, 5.30761],
			"to": [14.5, 6, 10.69239],
			"rotation": {"angle": 22.5, "axis": "y", "origin": [8, 1.5, 8]},
			"faces": {
				"east": {"uv": [1, 0, 6, 6], "texture": "#4"},
				"west": {"uv": [6, 0, 11, 6], "texture": "#4"},
				"up": {"uv": [6, 13.61522, 16, 16], "texture": "#4"},
				"down": {"uv": [3, 5, 4, 6], "texture": "#4"}
			}
		},
		{
			"name": "dgp",
			"from": [1.5, -0.005, 5.30761],
			"to": [14.5, 5.995, 10.69239],
			"rotation": {"angle": -22.5, "axis": "y", "origin": [8, -11.5, 8]},
			"faces": {
				"east": {"uv": [11.11522, 0, 16, 6], "texture": "#4"},
				"west": {"uv": [1, 0, 6, 6], "texture": "#4"},
				"up": {"uv": [6, 13.61522, 16, 16], "texture": "#4"},
				"down": {"uv": [3, 5, 4, 6], "texture": "#4"}
			}
		},
		{
			"from": [2.85403, 6, 3.76118],
			"to": [2.85403, 13, 9.76118],
			"rotation": {"angle": -22.5, "axis": "y", "origin": [4.85403, 9.5, 6.76118]},
			"faces": {
				"east": {"uv": [12, 8, 4, 16], "texture": "#1"},
				"west": {"uv": [11, 8, 4, 16], "texture": "#1"}
			}
		},
		{
			"from": [4.85403, 6, 11.76118],
			"to": [10.85403, 13, 11.76118],
			"rotation": {"angle": -22.5, "axis": "y", "origin": [4.85403, 9.5, 6.76118]},
			"faces": {
				"north": {"uv": [12, 8, 4, 16], "texture": "#1"},
				"south": {"uv": [11, 8, 4, 16], "texture": "#1"}
			}
		},
		{
			"from": [13.12776, 6, 4.41236],
			"to": [13.12776, 13, 10.41236],
			"rotation": {"angle": -22.5, "axis": "y", "origin": [6.12776, 9.5, 8.91236]},
			"faces": {
				"east": {"uv": [4, 8, 11, 16], "texture": "#1"},
				"west": {"uv": [4, 8, 12, 16], "texture": "#1"}
			}
		},
		{
			"from": [5.12776, 6, 2.41236],
			"to": [11.12776, 13, 2.41236],
			"rotation": {"angle": -22.5, "axis": "y", "origin": [6.12776, 9.5, 8.91236]},
			"faces": {
				"north": {"uv": [4, 8, 11, 16], "texture": "#1"},
				"south": {"uv": [4, 8, 12, 16], "texture": "#1"}
			}
		},
		{
			"from": [4, 5, 5],
			"to": [6, 7, 7],
			"faces": {
				"north": {"uv": [0, 15, 1, 16], "texture": "#1"},
				"east": {"uv": [0, 15, 1, 16], "texture": "#1"},
				"south": {"uv": [0, 15, 1, 16], "texture": "#1"},
				"west": {"uv": [0, 15, 1, 16], "texture": "#1"},
				"up": {"uv": [0, 15, 1, 16], "texture": "#1"}
			}
		},
		{
			"from": [8, 5, 3],
			"to": [10, 7, 5],
			"rotation": {"angle": 22.5, "axis": "y", "origin": [11, 6, 6]},
			"faces": {
				"north": {"uv": [0, 15, 1, 16], "texture": "#1"},
				"east": {"uv": [0, 15, 1, 16], "texture": "#1"},
				"south": {"uv": [0, 15, 1, 16], "texture": "#1"},
				"west": {"uv": [0, 15, 1, 16], "texture": "#1"},
				"up": {"uv": [0, 15, 1, 16], "texture": "#1"}
			}
		},
		{
			"from": [3, 5, 6],
			"to": [5, 7, 8],
			"rotation": {"angle": 22.5, "axis": "y", "origin": [11, 6, 6]},
			"faces": {
				"north": {"uv": [0, 15, 1, 16], "texture": "#1"},
				"east": {"uv": [0, 15, 1, 16], "texture": "#1"},
				"south": {"uv": [0, 15, 1, 16], "texture": "#1"},
				"west": {"uv": [0, 15, 1, 16], "texture": "#1"},
				"up": {"uv": [0, 15, 1, 16], "texture": "#1"}
			}
		},
		{
			"from": [7.70672, 5, 10.28648],
			"to": [9.70672, 7, 12.28648],
			"rotation": {"angle": 0, "axis": "y", "origin": [8.70672, 6, 11.53648]},
			"faces": {
				"north": {"uv": [0, 15, 1, 16], "texture": "#1"},
				"east": {"uv": [0, 15, 1, 16], "texture": "#1"},
				"south": {"uv": [0, 15, 1, 16], "texture": "#1"},
				"west": {"uv": [0, 15, 1, 16], "texture": "#1"},
				"up": {"uv": [0, 15, 1, 16], "rotation": 270, "texture": "#1"}
			}
		},
		{
			"from": [6.37641, 5, 7.91969],
			"to": [8.37641, 7, 9.91969],
			"rotation": {"angle": -22.5, "axis": "y", "origin": [9.37641, 6, 9.91969]},
			"faces": {
				"north": {"uv": [0, 15, 1, 16], "texture": "#1"},
				"east": {"uv": [0, 15, 1, 16], "texture": "#1"},
				"south": {"uv": [0, 15, 1, 16], "texture": "#1"},
				"west": {"uv": [0, 15, 1, 16], "texture": "#1"},
				"up": {"uv": [0, 15, 1, 16], "rotation": 270, "texture": "#1"}
			}
		},
		{
			"from": [10.14178, 5, 7.07193],
			"to": [12.14178, 7, 9.07193],
			"rotation": {"angle": 22.5, "axis": "y", "origin": [10.14178, 6, 8.07193]},
			"faces": {
				"north": {"uv": [0, 15, 1, 16], "texture": "#1"},
				"east": {"uv": [0, 15, 1, 16], "texture": "#1"},
				"south": {"uv": [0, 15, 1, 16], "texture": "#1"},
				"west": {"uv": [0, 15, 1, 16], "texture": "#1"},
				"up": {"uv": [0, 15, 1, 16], "rotation": 270, "texture": "#1"}
			}
		}
	],
	"display": {
		"thirdperson_righthand": {
			"translation": [0, 3, 1],
			"scale": [0.55, 0.55, 0.55]
		},
		"thirdperson_lefthand": {
			"translation": [0, 3, 1],
			"scale": [0.55, 0.55, 0.55]
		},
		"firstperson_righthand": {
			"rotation": [0, -90, 25],
			"translation": [1.13, 3.2, 1.13],
			"scale": [0.68, 0.68, 0.68]
		},
		"firstperson_lefthand": {
			"rotation": [0, -90, 25],
			"translation": [1.13, 3.2, 1.13],
			"scale": [0.68, 0.68, 0.68]
		},
		"ground": {
			"translation": [0, 2, 0],
			"scale": [0.5, 0.5, 0.5]
		},
		"gui": {
			"rotation": [30, 225, 0],
			"translation": [0, 4, 0],
			"scale": [1.14, 1.14, 1.14]
		},
		"head": {
			"rotation": [0, 180, 0],
			"translation": [0, 14.5, 0]
		},
		"fixed": {
			"rotation": [-90, 180, 0],
			"translation": [0, 0, -14],
			"scale": [2, 2, 2]
		}
	},
	"groups": [
		{
			"name": "dgp",
			"origin": [8, 8, 8],
			"color": 0,
			"children": [0, 1, 2, 3]
		},
		4,
		5,
		6,
		7,
		8,
		9,
		10,
		11,
		12,
		13
	]
}