{
	"credit": "Made by YSBB with Blockbench",
	"textures": {
		"4": "item/block/313"
	},
	"elements": [
		{
			"name": "dgp",
			"from": [5.30761, 0.005, 1.5],
			"to": [10.69239, 6.005, 14.5],
			"rotation": {"angle": 22.5, "axis": "y", "origin": [8, 1.5, 8]},
			"faces": {
				"north": {"uv": [11, 0, 16, 6], "texture": "#4"},
				"south": {"uv": [6, 0, 11, 6], "texture": "#4"},
				"up": {"uv": [6, 13.61522, 16, 16], "rotation": 90, "texture": "#4"},
				"down": {"uv": [4, 5, 5, 6], "texture": "#4"}
			}
		},
		{
			"name": "dgp",
			"from": [5.30761, -0.009, 1.5],
			"to": [10.69239, 5.991, 14.5],
			"rotation": {"angle": -22.5, "axis": "y", "origin": [8, -11.5, 8]},
			"faces": {
				"north": {"uv": [6, 0, 11, 6], "texture": "#4"},
				"south": {"uv": [11, 0, 16, 6], "texture": "#4"},
				"up": {"uv": [6, 13.61522, 16, 16], "rotation": 90, "texture": "#4"},
				"down": {"uv": [4, 5, 5, 6], "texture": "#4"}
			}
		},
		{
			"name": "dgp",
			"from": [1.5, 0, 5.30761],
			"to": [14.5, 6, 10.69239],
			"rotation": {"angle": 22.5, "axis": "y", "origin": [8, 1.5, 8]},
			"faces": {
				"east": {"uv": [1, 0, 6, 6], "texture": "#4"},
				"west": {"uv": [6, 0, 11, 6], "texture": "#4"},
				"up": {"uv": [6, 13.61522, 16, 16], "texture": "#4"},
				"down": {"uv": [4, 5, 5, 6], "texture": "#4"}
			}
		},
		{
			"name": "dgp",
			"from": [1.5, -0.005, 5.30761],
			"to": [14.5, 5.995, 10.69239],
			"rotation": {"angle": -22.5, "axis": "y", "origin": [8, -11.5, 8]},
			"faces": {
				"east": {"uv": [11.11522, 0, 16, 6], "texture": "#4"},
				"west": {"uv": [1, 0, 6, 6], "texture": "#4"},
				"up": {"uv": [6, 13.61522, 16, 16], "texture": "#4"},
				"down": {"uv": [4, 5, 5, 6], "texture": "#4"}
			}
		},
		{
			"from": [7, 6, 8],
			"to": [11, 9, 12],
			"rotation": {"angle": 22.5, "axis": "y", "origin": [9, 9, 8]},
			"faces": {
				"north": {"uv": [4, 7, 8, 10], "texture": "#4"},
				"east": {"uv": [4, 7, 8, 10], "texture": "#4"},
				"south": {"uv": [4, 7, 8, 10], "texture": "#4"},
				"west": {"uv": [4, 7, 8, 10], "texture": "#4"},
				"up": {"uv": [4, 6, 8, 10], "texture": "#4"}
			}
		},
		{
			"from": [9.30656, 6, 4.5412],
			"to": [11.30656, 8, 6.5412],
			"rotation": {"angle": 45, "axis": "y", "origin": [10.30656, 7, 5.5412]},
			"faces": {
				"north": {"uv": [0, 7, 2, 9], "texture": "#4"},
				"east": {"uv": [0, 7, 2, 9], "texture": "#4"},
				"south": {"uv": [0, 7, 2, 9], "texture": "#4"},
				"west": {"uv": [0, 7, 2, 9], "texture": "#4"},
				"up": {"uv": [0, 6, 2, 8], "texture": "#4"}
			}
		},
		{
			"from": [6.30656, 6, 2.5412],
			"to": [8.30656, 8, 4.5412],
			"rotation": {"angle": -22.5, "axis": "y", "origin": [7.30656, 7, 3.5412]},
			"faces": {
				"north": {"uv": [0, 7, 2, 9], "texture": "#4"},
				"east": {"uv": [0, 7, 2, 9], "texture": "#4"},
				"south": {"uv": [0, 7, 2, 9], "texture": "#4"},
				"west": {"uv": [0, 7, 2, 9], "texture": "#4"},
				"up": {"uv": [0, 6, 2, 8], "rotation": 270, "texture": "#4"}
			}
		},
		{
			"from": [3.30656, 6, 4.5412],
			"to": [5.30656, 8, 6.5412],
			"rotation": {"angle": 0, "axis": "y", "origin": [4.30656, 7, 5.5412]},
			"faces": {
				"north": {"uv": [0, 7, 2, 9], "texture": "#4"},
				"east": {"uv": [0, 7, 2, 9], "texture": "#4"},
				"south": {"uv": [0, 7, 2, 9], "texture": "#4"},
				"west": {"uv": [0, 7, 2, 9], "texture": "#4"},
				"up": {"uv": [0, 6, 2, 8], "rotation": 270, "texture": "#4"}
			}
		},
		{
			"from": [8.26537, 9, 8.34776],
			"to": [11.26537, 12, 11.34776],
			"rotation": {"angle": -22.5, "axis": "y", "origin": [9.76537, 10.5, 9.84776]},
			"faces": {
				"north": {"uv": [0, 6, 3, 9], "texture": "#4"},
				"east": {"uv": [0, 6, 3, 9], "texture": "#4"},
				"south": {"uv": [0, 6, 3, 9], "texture": "#4"},
				"west": {"uv": [0, 6, 3, 9], "texture": "#4"},
				"up": {"uv": [0, 6, 3, 9], "rotation": 270, "texture": "#4"}
			}
		},
		{
			"from": [8, 9.5, 8.9],
			"to": [9, 10.25, 9.9],
			"rotation": {"angle": 22.5, "axis": "y", "origin": [8.5, 10, 9.4]},
			"faces": {
				"north": {"uv": [13, 7, 14, 8], "texture": "#4"},
				"west": {"uv": [13, 7, 14, 8], "texture": "#4"},
				"up": {"uv": [13, 7, 14, 8], "texture": "#4"},
				"down": {"uv": [13, 7, 14, 8], "texture": "#4"}
			}
		},
		{
			"from": [4.25, 6, 10.25],
			"to": [7, 8.75, 13],
			"rotation": {"angle": 0, "axis": "y", "origin": [5, 6, 10.5]},
			"faces": {
				"north": {"uv": [0, 12, 3, 15], "texture": "#4"},
				"east": {"uv": [3, 12, 6, 15], "texture": "#4"},
				"south": {"uv": [0, 12, 3, 15], "texture": "#4"},
				"west": {"uv": [3, 12, 6, 15], "texture": "#4"},
				"up": {"uv": [8, 9, 11, 12], "texture": "#4"}
			}
		},
		{
			"from": [2.25, 6, 7.5],
			"to": [4.25, 8, 9.5],
			"rotation": {"angle": 22.5, "axis": "y", "origin": [3.25, 7, 8.5]},
			"faces": {
				"north": {"uv": [0, 12, 2, 14], "texture": "#4"},
				"east": {"uv": [0, 12, 2, 14], "texture": "#4"},
				"south": {"uv": [0, 12, 2, 14], "texture": "#4"},
				"west": {"uv": [0, 12, 2, 14], "texture": "#4"},
				"up": {"uv": [8, 9, 10, 11], "texture": "#4"}
			}
		}
	],
	"display": {
		"thirdperson_righthand": {
			"translation": [0, 3, 1],
			"scale": [0.55, 0.55, 0.55]
		},
		"thirdperson_lefthand": {
			"translation": [0, 3, 1],
			"scale": [0.55, 0.55, 0.55]
		},
		"firstperson_righthand": {
			"rotation": [0, -90, 25],
			"translation": [1.13, 3.2, 1.13],
			"scale": [0.68, 0.68, 0.68]
		},
		"firstperson_lefthand": {
			"rotation": [0, -90, 25],
			"translation": [1.13, 3.2, 1.13],
			"scale": [0.68, 0.68, 0.68]
		},
		"ground": {
			"translation": [0, 2, 0],
			"scale": [0.5, 0.5, 0.5]
		},
		"gui": {
			"rotation": [30, 225, 0],
			"translation": [0, 4, 0],
			"scale": [1.14, 1.14, 1.14]
		},
		"head": {
			"rotation": [0, 180, 0],
			"translation": [0, 14.5, 0]
		},
		"fixed": {
			"rotation": [-90, 180, 0],
			"translation": [0, 0, -14],
			"scale": [2, 2, 2]
		}
	},
	"groups": [
		{
			"name": "dgp",
			"origin": [8, 8, 8],
			"color": 0,
			"children": [0, 1, 2, 3]
		},
		4,
		5,
		6,
		7,
		8,
		9,
		10,
		11
	]
}