{
	"credit": "Made by YSBB with Blockbench",
	"textures": {
		"4": "item/block/315"
	},
	"elements": [
		{
			"name": "dgp",
			"from": [5.30761, 0.005, 1.5],
			"to": [10.69239, 6.005, 14.5],
			"rotation": {"angle": 22.5, "axis": "y", "origin": [8, 1.5, 8]},
			"faces": {
				"north": {"uv": [11, 0, 16, 6], "texture": "#4"},
				"south": {"uv": [6, 0, 11, 6], "texture": "#4"},
				"up": {"uv": [6, 13.61522, 16, 16], "rotation": 90, "texture": "#4"},
				"down": {"uv": [1, 5, 2, 6], "texture": "#4"}
			}
		},
		{
			"name": "dgp",
			"from": [5.30761, -0.009, 1.5],
			"to": [10.69239, 5.991, 14.5],
			"rotation": {"angle": -22.5, "axis": "y", "origin": [8, -11.5, 8]},
			"faces": {
				"north": {"uv": [6, 0, 11, 6], "texture": "#4"},
				"south": {"uv": [11, 0, 16, 6], "texture": "#4"},
				"up": {"uv": [6, 13.61522, 16, 16], "rotation": 90, "texture": "#4"},
				"down": {"uv": [1, 5, 2, 6], "texture": "#4"}
			}
		},
		{
			"name": "dgp",
			"from": [1.5, 0, 5.30761],
			"to": [14.5, 6, 10.69239],
			"rotation": {"angle": 22.5, "axis": "y", "origin": [8, 1.5, 8]},
			"faces": {
				"east": {"uv": [1, 0, 6, 6], "texture": "#4"},
				"west": {"uv": [6, 0, 11, 6], "texture": "#4"},
				"up": {"uv": [6, 13.61522, 16, 16], "texture": "#4"},
				"down": {"uv": [1, 5, 2, 6], "texture": "#4"}
			}
		},
		{
			"name": "dgp",
			"from": [1.5, -0.005, 5.30761],
			"to": [14.5, 5.995, 10.69239],
			"rotation": {"angle": -22.5, "axis": "y", "origin": [8, -11.5, 8]},
			"faces": {
				"east": {"uv": [11.11522, 0, 16, 6], "texture": "#4"},
				"west": {"uv": [1, 0, 6, 6], "texture": "#4"},
				"up": {"uv": [6, 13.61522, 16, 16], "texture": "#4"},
				"down": {"uv": [1, 5, 2, 6], "texture": "#4"}
			}
		},
		{
			"from": [7.25, 6, 11],
			"to": [9, 13, 12],
			"faces": {
				"north": {"uv": [3, 12, 5, 14], "texture": "#4"},
				"east": {"uv": [3, 7, 5, 15], "texture": "#4"},
				"south": {"uv": [3, 7, 5, 15], "texture": "#4"},
				"west": {"uv": [3, 7, 5, 15], "texture": "#4"},
				"up": {"uv": [3, 7, 5, 9], "texture": "#4"}
			}
		},
		{
			"from": [5.75, 9.5, 11],
			"to": [10.5, 11.25, 12],
			"rotation": {"angle": 0, "axis": "z", "origin": [8, 10.5, 11]},
			"faces": {
				"north": {"uv": [3, 12, 5, 14], "rotation": 90, "texture": "#4"},
				"east": {"uv": [3, 9, 5, 11], "rotation": 270, "texture": "#4"},
				"south": {"uv": [3, 9, 5, 15], "rotation": 270, "texture": "#4"},
				"west": {"uv": [3, 9, 5, 11], "rotation": 270, "texture": "#4"},
				"up": {"uv": [3, 9, 5, 15], "rotation": 270, "texture": "#4"},
				"down": {"uv": [3, 9, 5, 15], "rotation": 270, "texture": "#4"}
			}
		},
		{
			"from": [3, 6, 8],
			"to": [5, 7, 10],
			"faces": {
				"north": {"uv": [0, 7, 2, 8], "texture": "#4"},
				"east": {"uv": [0, 7, 2, 8], "texture": "#4"},
				"south": {"uv": [0, 7, 2, 8], "texture": "#4"},
				"west": {"uv": [0, 7, 2, 8], "texture": "#4"},
				"up": {"uv": [0, 7, 2, 9], "texture": "#4"}
			}
		},
		{
			"from": [12, 6, 8],
			"to": [14, 7, 10],
			"faces": {
				"north": {"uv": [0, 7, 2, 8], "texture": "#4"},
				"east": {"uv": [0, 7, 2, 8], "texture": "#4"},
				"south": {"uv": [0, 7, 2, 8], "texture": "#4"},
				"west": {"uv": [0, 7, 2, 8], "texture": "#4"},
				"up": {"uv": [0, 7, 2, 9], "texture": "#4"}
			}
		},
		{
			"from": [10, 6, 4],
			"to": [12, 7, 6],
			"faces": {
				"north": {"uv": [0, 7, 2, 8], "texture": "#4"},
				"east": {"uv": [0, 7, 2, 8], "texture": "#4"},
				"south": {"uv": [0, 7, 2, 8], "texture": "#4"},
				"west": {"uv": [0, 7, 2, 8], "texture": "#4"},
				"up": {"uv": [0, 7, 2, 9], "texture": "#4"}
			}
		},
		{
			"from": [7, 5, 7],
			"to": [9, 7, 9],
			"faces": {
				"north": {"uv": [0, 7, 2, 9], "texture": "#4"},
				"east": {"uv": [0, 7, 2, 9], "texture": "#4"},
				"south": {"uv": [0, 7, 2, 9], "texture": "#4"},
				"west": {"uv": [0, 7, 2, 9], "texture": "#4"},
				"up": {"uv": [0, 7, 2, 9], "texture": "#4"}
			}
		},
		{
			"from": [4, 6, 5],
			"to": [6, 7, 7],
			"faces": {
				"north": {"uv": [0, 7, 2, 8], "texture": "#4"},
				"east": {"uv": [0, 7, 2, 8], "texture": "#4"},
				"south": {"uv": [0, 7, 2, 8], "texture": "#4"},
				"west": {"uv": [0, 7, 2, 8], "texture": "#4"},
				"up": {"uv": [0, 7, 2, 9], "texture": "#4"}
			}
		},
		{
			"from": [7, 6, 4],
			"to": [8, 7, 5],
			"faces": {
				"north": {"uv": [1, 7, 2, 8], "texture": "#4"},
				"east": {"uv": [1, 7, 2, 8], "texture": "#4"},
				"south": {"uv": [1, 7, 2, 8], "texture": "#4"},
				"west": {"uv": [1, 7, 2, 8], "texture": "#4"},
				"up": {"uv": [1, 7, 2, 8], "texture": "#4"}
			}
		},
		{
			"from": [5, 6, 11],
			"to": [6, 7, 12],
			"faces": {
				"north": {"uv": [1, 7, 2, 8], "texture": "#4"},
				"east": {"uv": [1, 7, 2, 8], "texture": "#4"},
				"south": {"uv": [1, 7, 2, 8], "texture": "#4"},
				"west": {"uv": [1, 7, 2, 8], "texture": "#4"},
				"up": {"uv": [1, 7, 2, 8], "texture": "#4"}
			}
		},
		{
			"from": [10, 6, 9],
			"to": [11, 7, 10],
			"faces": {
				"north": {"uv": [1, 7, 2, 8], "texture": "#4"},
				"east": {"uv": [1, 7, 2, 8], "texture": "#4"},
				"south": {"uv": [1, 7, 2, 8], "texture": "#4"},
				"west": {"uv": [1, 7, 2, 8], "texture": "#4"},
				"up": {"uv": [1, 7, 2, 8], "texture": "#4"}
			}
		},
		{
			"from": [9, 6, 12],
			"to": [10, 7, 13],
			"faces": {
				"north": {"uv": [1, 7, 2, 8], "texture": "#4"},
				"east": {"uv": [1, 7, 2, 8], "texture": "#4"},
				"south": {"uv": [1, 7, 2, 8], "texture": "#4"},
				"west": {"uv": [1, 7, 2, 8], "texture": "#4"},
				"up": {"uv": [1, 7, 2, 8], "texture": "#4"}
			}
		}
	],
	"display": {
		"thirdperson_righthand": {
			"translation": [0, 3, 1],
			"scale": [0.55, 0.55, 0.55]
		},
		"thirdperson_lefthand": {
			"translation": [0, 3, 1],
			"scale": [0.55, 0.55, 0.55]
		},
		"firstperson_righthand": {
			"rotation": [0, -90, 25],
			"translation": [1.13, 3.2, 1.13],
			"scale": [0.68, 0.68, 0.68]
		},
		"firstperson_lefthand": {
			"rotation": [0, -90, 25],
			"translation": [1.13, 3.2, 1.13],
			"scale": [0.68, 0.68, 0.68]
		},
		"ground": {
			"translation": [0, 2, 0],
			"scale": [0.5, 0.5, 0.5]
		},
		"gui": {
			"rotation": [30, 225, 0],
			"translation": [0, 4, 0],
			"scale": [1.14, 1.14, 1.14]
		},
		"head": {
			"rotation": [0, 180, 0],
			"translation": [0, 14.5, 0]
		},
		"fixed": {
			"rotation": [-90, 180, 0],
			"translation": [0, 0, -14],
			"scale": [2, 2, 2]
		}
	},
	"groups": [
		{
			"name": "dgp",
			"origin": [8, 8, 8],
			"color": 0,
			"children": [0, 1, 2, 3]
		},
		4,
		5,
		6,
		7,
		8,
		9,
		10,
		11,
		12,
		13,
		14
	]
}