{
	"credit": "Made by YSBB with Blockbench",
	"texture_size": [64, 64],
	"textures": {
		"1": "item/block/320"
	},
	"elements": [
		{
			"name": "right",
			"from": [8.55, 16.25, 5.75],
			"to": [15.05, 17.75, 10.25],
			"rotation": {"angle": 22.5, "axis": "z", "origin": [11.8, 16, 8]},
			"faces": {
				"east": {"uv": [12.75, 14.25, 13.25, 15.25], "rotation": 270, "texture": "#1"},
				"west": {"uv": [13, 14.25, 13.5, 15.25], "rotation": 90, "texture": "#1"},
				"up": {"uv": [13.5, 15.25, 12, 14.25], "texture": "#1"},
				"down": {"uv": [14, 14.25, 12.5, 15.25], "texture": "#1"}
			}
		},
		{
			"name": "right",
			"from": [8.55, 17.75, 5.75],
			"to": [15.05, 16.25, 10.25],
			"rotation": {"angle": 22.5, "axis": "z", "origin": [11.8, 16, 8]},
			"faces": {
				"east": {"uv": [12.75, 14.25, 13.25, 15.25], "rotation": 270, "texture": "#1"},
				"west": {"uv": [13, 14.25, 13.5, 15.25], "rotation": 90, "texture": "#1"},
				"up": {"uv": [13.5, 15.25, 12, 14.25], "texture": "#1"},
				"down": {"uv": [14, 14.25, 12.5, 15.25], "texture": "#1"}
			}
		},
		{
			"name": "right",
			"from": [1.55866, 17.21194, 5.75],
			"to": [8.05866, 19.71194, 10.25],
			"rotation": {"angle": -45, "axis": "z", "origin": [4.80866, 17.46194, 8]},
			"faces": {
				"east": {"uv": [13, 14.25, 13.5, 15.25], "rotation": 270, "texture": "#1"},
				"west": {"uv": [12.75, 14.25, 13.25, 15.25], "rotation": 90, "texture": "#1"},
				"up": {"uv": [14, 14.25, 12.5, 15.25], "rotation": 180, "texture": "#1"},
				"down": {"uv": [13.5, 15.25, 12, 14.25], "rotation": 180, "texture": "#1"}
			}
		},
		{
			"name": "right",
			"from": [1.55866, 19.71194, 5.75],
			"to": [8.05866, 17.21194, 10.25],
			"rotation": {"angle": -45, "axis": "z", "origin": [4.80866, 17.46194, 8]},
			"faces": {
				"east": {"uv": [13, 14.25, 13.5, 15.25], "rotation": 270, "texture": "#1"},
				"west": {"uv": [12.75, 14.25, 13.25, 15.25], "rotation": 90, "texture": "#1"},
				"up": {"uv": [14, 14.25, 12.5, 15.25], "rotation": 180, "texture": "#1"},
				"down": {"uv": [13.5, 15.25, 12, 14.25], "rotation": 180, "texture": "#1"}
			}
		},
		{
			"from": [1, 0, 1],
			"to": [15, 10, 15],
			"rotation": {"angle": 0, "axis": "y", "origin": [1, 0, 13]},
			"faces": {
				"north": {"uv": [11.25, 5.75, 14.75, 8.25], "texture": "#1"},
				"east": {"uv": [11.25, 5.75, 14.75, 8.25], "texture": "#1"},
				"south": {"uv": [11.25, 5.75, 14.75, 8.25], "texture": "#1"},
				"west": {"uv": [11.25, 5.75, 14.75, 8.25], "texture": "#1"},
				"up": {"uv": [14.5, 4, 11, 0.5], "texture": "#1"},
				"down": {"uv": [14.75, 9.25, 11.25, 12.75], "texture": "#1"}
			}
		},
		{
			"from": [0, 10, 0],
			"to": [16, 15, 16],
			"rotation": {"angle": 0, "axis": "y", "origin": [1, 5, 13]},
			"faces": {
				"north": {"uv": [11, 4.25, 15, 5.5], "texture": "#1"},
				"east": {"uv": [11, 4.25, 15, 5.5], "texture": "#1"},
				"south": {"uv": [11, 4.25, 15, 5.5], "texture": "#1"},
				"west": {"uv": [11, 4.25, 15, 5.5], "texture": "#1"},
				"up": {"uv": [15, 4, 11, 0], "texture": "#1"},
				"down": {"uv": [15, 9, 11, 13], "texture": "#1"}
			}
		}
	],
	"display": {
		"thirdperson_righthand": {
			"rotation": [75, 45, 0],
			"translation": [0, 2.5, 0],
			"scale": [0.375, 0.375, 0.375]
		},
		"thirdperson_lefthand": {
			"rotation": [75, 45, 0],
			"translation": [0, 2.5, 0],
			"scale": [0.375, 0.375, 0.375]
		},
		"firstperson_righthand": {
			"rotation": [0, 45, 0],
			"scale": [0.4, 0.4, 0.4]
		},
		"firstperson_lefthand": {
			"rotation": [0, 225, 0],
			"scale": [0.4, 0.4, 0.4]
		},
		"ground": {
			"translation": [0, 2, 0],
			"scale": [0.5, 0.5, 0.5]
		},
		"gui": {
			"rotation": [30, 225, 0],
			"scale": [0.625, 0.625, 0.625]
		},
		"fixed": {
			"scale": [0.5, 0.5, 0.5]
		}
	}
}