{
	"credit": "Made with Blockbench",
	"textures": {
		"1": "item/block/332",
		"4": "item/block/330",
		"particle": "item/block/332"
	},
	"elements": [
		{
			"from": [1, 0, 1],
			"to": [15, 2, 15],
			"rotation": {"angle": 0, "axis": "y", "origin": [0, 1, 0]},
			"faces": {
				"north": {"uv": [1, 2, 15, 0], "texture": "#4"},
				"east": {"uv": [1, 2, 15, 0], "texture": "#4"},
				"south": {"uv": [1, 2, 15, 0], "texture": "#4"},
				"west": {"uv": [1, 2, 15, 0], "texture": "#4"},
				"up": {"uv": [1, 1, 15, 15], "texture": "#4"},
				"down": {"uv": [1, 1, 15, 15], "texture": "#4"}
			}
		},
		{
			"from": [8, 6.3, 6.5],
			"to": [14, 8.3, 12.5],
			"rotation": {"angle": 0, "axis": "x", "origin": [11, 7.45432, 9.47417]},
			"faces": {
				"north": {"uv": [10, 13, 16, 15], "texture": "#1"},
				"east": {"uv": [10, 14, 16, 16], "texture": "#1"},
				"south": {"uv": [10, 13, 16, 15], "texture": "#1"},
				"west": {"uv": [10, 14, 16, 16], "texture": "#1"},
				"up": {"uv": [10, 0, 16, 6], "texture": "#1"},
				"down": {"uv": [8, 13, 11, 16], "texture": "#1"}
			}
		},
		{
			"from": [7, 4.20432, 7.47417],
			"to": [13, 6.35432, 13.47417],
			"rotation": {"angle": 0, "axis": "x", "origin": [10, 5.45432, 10.47417]},
			"faces": {
				"north": {"uv": [10, 14, 16, 16], "texture": "#1"},
				"east": {"uv": [9, 14, 15, 16], "texture": "#1"},
				"south": {"uv": [10, 16, 16, 14], "texture": "#1"},
				"west": {"uv": [9, 14, 15, 16], "texture": "#1"},
				"up": {"uv": [8, 9, 14, 15], "texture": "#1"},
				"down": {"uv": [8, 13, 11, 16], "texture": "#1"}
			}
		},
		{
			"from": [8, 1.90432, 6.47417],
			"to": [14, 4.15432, 12.47417],
			"rotation": {"angle": 0, "axis": "x", "origin": [11, 3.15432, 9.47417]},
			"faces": {
				"north": {"uv": [7, 9, 13, 11], "texture": "#1"},
				"east": {"uv": [13, 12, 7, 14], "texture": "#1"},
				"south": {"uv": [10, 14, 16, 16], "texture": "#1"},
				"west": {"uv": [16, 16, 10, 14], "texture": "#1"},
				"up": {"uv": [8, 13, 11, 16], "texture": "#1"}
			}
		},
		{
			"from": [5, 2, 2],
			"to": [9, 4, 6],
			"rotation": {"angle": 0, "axis": "y", "origin": [7, 3, 3]},
			"faces": {
				"north": {"uv": [8, 9, 12, 11], "texture": "#1"},
				"east": {"uv": [12, 13, 16, 15], "texture": "#1"},
				"south": {"uv": [12, 12, 16, 14], "texture": "#1"},
				"west": {"uv": [11, 12, 15, 14], "texture": "#1"},
				"up": {"uv": [10, 0, 14, 4], "texture": "#1"}
			}
		},
		{
			"from": [2, 2, 7],
			"to": [6, 4, 11],
			"rotation": {"angle": 0, "axis": "y", "origin": [3, 3, 8]},
			"faces": {
				"north": {"uv": [12, 7, 16, 9], "texture": "#1"},
				"east": {"uv": [12, 13, 16, 15], "texture": "#1"},
				"south": {"uv": [12, 7, 16, 9], "texture": "#1"},
				"west": {"uv": [8, 9, 12, 11], "texture": "#1"},
				"up": {"uv": [8, 9, 12, 13], "texture": "#1"}
			}
		},
		{
			"from": [7.98, 4.3, 6.48],
			"to": [14.02, 8.3, 12.52],
			"rotation": {"angle": 0, "axis": "y", "origin": [12, 6.4, 4.45]},
			"faces": {
				"north": {"uv": [0, 0, 6, 4], "texture": "#1"},
				"east": {"uv": [0, 16, 6.04, 12], "texture": "#1"},
				"south": {"uv": [6, 9, 0, 13], "texture": "#1"},
				"west": {"uv": [0, 5, 6.1, 9], "texture": "#1"}
			}
		},
		{
			"from": [6.98, 2.3, 7.48],
			"to": [13.02, 6.3, 13.52],
			"rotation": {"angle": 0, "axis": "y", "origin": [11, 4.4, 5.45]},
			"faces": {
				"north": {"uv": [0, 0, 6, 4], "texture": "#1"},
				"south": {"uv": [6, 0, 0, 4], "texture": "#1"},
				"west": {"uv": [0, 16, 6.1, 12], "texture": "#1"}
			}
		}
	],
	"display": {
		"thirdperson_righthand": {
			"rotation": [75, 45, 0],
			"translation": [0, 2.5, 0],
			"scale": [0.375, 0.375, 0.375]
		},
		"thirdperson_lefthand": {
			"rotation": [75, 45, 0],
			"translation": [0, 2.5, 0],
			"scale": [0.375, 0.375, 0.375]
		},
		"firstperson_righthand": {
			"rotation": [0, 45, 0],
			"translation": [0, 3, 0],
			"scale": [0.4, 0.4, 0.4]
		},
		"firstperson_lefthand": {
			"rotation": [0, 225, 0],
			"translation": [0, 3, 0],
			"scale": [0.4, 0.4, 0.4]
		},
		"ground": {
			"translation": [0, 2, 0],
			"scale": [0.5, 0.5, 0.5]
		},
		"gui": {
			"rotation": [30, 225, 0],
			"translation": [0, 2, 0],
			"scale": [0.8, 0.8, 0.8]
		},
		"head": {
			"translation": [0, 10, 0]
		},
		"fixed": {
			"rotation": [-90, 0, 0],
			"translation": [0, 0, -14],
			"scale": [2, 2, 2]
		}
	}
}