{
	"credit": "Made by YSBB with Blockbench",
	"texture_size": [32, 32],
	"textures": {
		"0": "item/block/334",
		"particle": "item/block/334"
	},
	"elements": [
		{
			"from": [3, 2, 4.25],
			"to": [7, 8, 13.25],
			"rotation": {"angle": 22.5, "axis": "y", "origin": [5, 5, 8.25]},
			"faces": {
				"north": {"uv": [12.5, 1.5, 14.5, 4.5], "texture": "#0"},
				"east": {"uv": [8.5, 1.5, 14.5, 4.5], "texture": "#0"},
				"south": {"uv": [13, 1.5, 15, 4.5], "texture": "#0"},
				"west": {"uv": [8.5, 1.5, 14.5, 4.5], "texture": "#0"},
				"up": {"uv": [2, 2.5, 0, 7], "texture": "#0"}
			}
		},
		{
			"from": [9.13268, 2.07612, 3.25],
			"to": [14.13268, 5.07612, 11.25],
			"rotation": {"angle": 0, "axis": "y", "origin": [12.13268, 4.07612, 7.25]},
			"faces": {
				"north": {"uv": [13.5, 7, 15, 9.5], "rotation": 270, "texture": "#0"},
				"east": {"uv": [1, 0.5, 3, 4.5], "rotation": 90, "texture": "#0"},
				"south": {"uv": [12, 7, 10, 9.5], "rotation": 90, "texture": "#0"},
				"west": {"uv": [9, 9, 13, 11], "rotation": 180, "texture": "#0"},
				"up": {"uv": [10, 7, 14, 9.5], "rotation": 90, "texture": "#0"},
				"down": {"uv": [1, 4, 5, 6.5], "rotation": 90, "texture": "#0"}
			}
		},
		{
			"from": [6, 2, 2],
			"to": [8, 4, 4],
			"rotation": {"angle": 0, "axis": "y", "origin": [7, 2, 2]},
			"faces": {
				"north": {"uv": [3.5, 0.5, 4.5, 1.5], "texture": "#0"},
				"east": {"uv": [4, 0.5, 5, 1.5], "texture": "#0"},
				"south": {"uv": [5.5, 0.5, 6.5, 1.5], "texture": "#0"},
				"west": {"uv": [4, 0.5, 5, 1.5], "texture": "#0"},
				"up": {"uv": [0, 0, 1, 1], "texture": "#0"},
				"down": {"uv": [4, 0.5, 5, 1.5], "texture": "#0"}
			}
		},
		{
			"from": [1, 0, 1],
			"to": [15, 2, 15],
			"rotation": {"angle": 0, "axis": "y", "origin": [0, 1, 0]},
			"faces": {
				"north": {"uv": [0.5, 9, 7.5, 8], "texture": "#0"},
				"east": {"uv": [0.5, 9, 7.5, 8], "texture": "#0"},
				"south": {"uv": [0.5, 9, 7.5, 8], "texture": "#0"},
				"west": {"uv": [0.5, 9, 7.5, 8], "texture": "#0"},
				"up": {"uv": [0.5, 8.5, 7.5, 15.5], "texture": "#0"},
				"down": {"uv": [0.5, 8.5, 7.5, 15.5], "texture": "#0"}
			}
		},
		{
			"from": [10, 5, 6],
			"to": [12, 7, 8],
			"rotation": {"angle": 0, "axis": "y", "origin": [10, 5, 6]},
			"faces": {
				"north": {"uv": [3, 3, 4, 4], "texture": "#0"},
				"east": {"uv": [3, 3, 4, 4], "texture": "#0"},
				"south": {"uv": [3, 3, 4, 4], "texture": "#0"},
				"west": {"uv": [3, 3, 4, 4], "texture": "#0"},
				"up": {"uv": [3, 3, 4, 4], "texture": "#0"},
				"down": {"uv": [3, 3, 4, 4], "texture": "#0"}
			}
		},
		{
			"from": [10, 7, 7],
			"to": [12, 9, 7],
			"rotation": {"angle": 45, "axis": "z", "origin": [11, 8, 7]},
			"faces": {
				"north": {"uv": [12, 13.5, 13, 14.5], "texture": "#0"},
				"east": {"uv": [12, 13.5, 12, 14.5], "texture": "#0"},
				"south": {"uv": [12, 13.5, 13, 14.5], "texture": "#0"},
				"west": {"uv": [12, 13.5, 12, 14.5], "texture": "#0"},
				"up": {"uv": [12, 13.5, 12, 14.5], "rotation": 270, "texture": "#0"},
				"down": {"uv": [12, 13.5, 12, 14.5], "rotation": 90, "texture": "#0"}
			}
		}
	],
	"display": {
		"thirdperson_righthand": {
			"rotation": [75, 45, 0],
			"translation": [0, 2.5, 0],
			"scale": [0.375, 0.375, 0.375]
		},
		"thirdperson_lefthand": {
			"rotation": [75, 45, 0],
			"translation": [0, 2.5, 0],
			"scale": [0.375, 0.375, 0.375]
		},
		"firstperson_righthand": {
			"rotation": [0, 45, 0],
			"translation": [0, 3, 0],
			"scale": [0.4, 0.4, 0.4]
		},
		"firstperson_lefthand": {
			"rotation": [0, 225, 0],
			"translation": [0, 3, 0],
			"scale": [0.4, 0.4, 0.4]
		},
		"ground": {
			"translation": [0, 2, 0],
			"scale": [0.5, 0.5, 0.5]
		},
		"gui": {
			"rotation": [30, 225, 0],
			"translation": [0, 2, 0],
			"scale": [0.8, 0.8, 0.8]
		},
		"head": {
			"translation": [0, 10, 0]
		},
		"fixed": {
			"rotation": [-90, 0, 0],
			"translation": [0, 0, -14],
			"scale": [2, 2, 2]
		}
	}
}