{
	"credit": "Made by YSBB with Blockbench",
	"textures": {
		"1": "item/block/338",
		"2": "item/block/330",
		"particle": "item/block/338"
	},
	"elements": [
		{
			"name": "d",
			"from": [2, 1.91789, 4.41789],
			"to": [7, 5.91789, 8.91789],
			"rotation": {"angle": 0, "axis": "x", "origin": [4.80806, 3.875, 10.29289]},
			"faces": {
				"north": {"uv": [12, 12, 16, 16], "rotation": 180, "texture": "#1"},
				"east": {"uv": [12, 12, 16, 16], "rotation": 270, "texture": "#1"},
				"south": {"uv": [12, 12, 16, 16], "texture": "#1"},
				"west": {"uv": [12, 12, 16, 16], "rotation": 90, "texture": "#1"},
				"up": {"uv": [11, 7, 16, 11], "rotation": 180, "texture": "#1"},
				"down": {"uv": [12, 12, 16, 16], "texture": "#1"}
			}
		},
		{
			"name": "123",
			"from": [11, 0, -0.05],
			"to": [11, 8, 15.95],
			"rotation": {"angle": -45, "axis": "z", "origin": [11, 4, 7.95], "rescale": true},
			"faces": {
				"east": {"uv": [8, 0, 0, 16], "rotation": 270, "texture": "#1"},
				"west": {"uv": [8, 0, 0, 16], "rotation": 90, "texture": "#1"}
			}
		},
		{
			"from": [7, 4, -0.05],
			"to": [15, 4, 15.95],
			"rotation": {"angle": -45, "axis": "z", "origin": [11, 4, 7.95], "rescale": true},
			"faces": {
				"up": {"uv": [8, 0, 0, 16], "rotation": 180, "texture": "#1"},
				"down": {"uv": [0, 0, 8, 16], "texture": "#1"}
			}
		},
		{
			"name": "d",
			"from": [8.5, 1.91789, 4.41789],
			"to": [13.5, 5.91789, 8.91789],
			"rotation": {"angle": 0, "axis": "y", "origin": [11.30806, 3.875, 10.29289]},
			"faces": {
				"north": {"uv": [12, 12, 16, 16], "rotation": 180, "texture": "#1"},
				"east": {"uv": [12, 12, 16, 16], "rotation": 270, "texture": "#1"},
				"south": {"uv": [12, 12, 16, 16], "texture": "#1"},
				"west": {"uv": [12, 12, 16, 16], "rotation": 90, "texture": "#1"},
				"up": {"uv": [11, 7, 16, 11], "rotation": 180, "texture": "#1"},
				"down": {"uv": [12, 12, 16, 16], "texture": "#1"}
			}
		},
		{
			"from": [4.5, 0, -0.05],
			"to": [4.5, 8, 15.95],
			"rotation": {"angle": -45, "axis": "z", "origin": [4.5, 4, 7.95], "rescale": true},
			"faces": {
				"east": {"uv": [8, 0, 0, 16], "rotation": 270, "texture": "#1"},
				"west": {"uv": [8, 0, 0, 16], "rotation": 90, "texture": "#1"}
			}
		},
		{
			"from": [0.5, 4, -0.05],
			"to": [8.5, 4, 15.95],
			"rotation": {"angle": -45, "axis": "z", "origin": [4.5, 4, 7.95], "rescale": true},
			"faces": {
				"up": {"uv": [8, 0, 0, 16], "rotation": 180, "texture": "#1"},
				"down": {"uv": [0, 0, 8, 16], "texture": "#1"}
			}
		},
		{
			"from": [1, 0, 1],
			"to": [15, 2, 15],
			"rotation": {"angle": 0, "axis": "y", "origin": [0, 1, 0]},
			"faces": {
				"north": {"uv": [1, 2, 15, 0], "texture": "#2"},
				"east": {"uv": [1, 2, 15, 0], "texture": "#2"},
				"south": {"uv": [1, 2, 15, 0], "texture": "#2"},
				"west": {"uv": [1, 2, 15, 0], "texture": "#2"},
				"up": {"uv": [1, 1, 15, 15], "texture": "#2"},
				"down": {"uv": [1, 1, 15, 15], "texture": "#2"}
			}
		}
	],
	"display": {
		"thirdperson_righthand": {
			"rotation": [75, 45, 0],
			"translation": [0, 2.5, 0],
			"scale": [0.375, 0.375, 0.375]
		},
		"thirdperson_lefthand": {
			"rotation": [75, 45, 0],
			"translation": [0, 2.5, 0],
			"scale": [0.375, 0.375, 0.375]
		},
		"firstperson_righthand": {
			"rotation": [0, 45, 0],
			"translation": [0, 3, 0],
			"scale": [0.4, 0.4, 0.4]
		},
		"firstperson_lefthand": {
			"rotation": [0, 225, 0],
			"translation": [0, 3, 0],
			"scale": [0.4, 0.4, 0.4]
		},
		"ground": {
			"translation": [0, 2, 0],
			"scale": [0.5, 0.5, 0.5]
		},
		"gui": {
			"rotation": [30, 225, 0],
			"translation": [0, 2, 0],
			"scale": [0.8, 0.8, 0.8]
		},
		"head": {
			"translation": [0, 10, 0]
		},
		"fixed": {
			"rotation": [-90, 0, 0],
			"translation": [0, 0, -14],
			"scale": [2, 2, 2]
		}
	},
	"groups": [
		{
			"name": "group",
			"origin": [8, 8, 8],
			"color": 0,
			"children": [0, 1, 2, 3, 4, 5]
		},
		6
	]
}