{
	"credit": "Made by YSBB with Blockbench",
	"textures": {
		"1": "item/block/330",
		"2": "item/block/342",
		"particle": "item/block/342"
	},
	"elements": [
		{
			"from": [1, 0, 1],
			"to": [15, 2, 15],
			"rotation": {"angle": 0, "axis": "y", "origin": [0, 1, 0]},
			"faces": {
				"north": {"uv": [1, 2, 15, 0], "texture": "#1"},
				"east": {"uv": [1, 2, 15, 0], "texture": "#1"},
				"south": {"uv": [1, 2, 15, 0], "texture": "#1"},
				"west": {"uv": [1, 2, 15, 0], "texture": "#1"},
				"up": {"uv": [1, 1, 15, 15], "texture": "#1"},
				"down": {"uv": [1, 1, 15, 15], "texture": "#1"}
			}
		},
		{
			"from": [2, 2, 7],
			"to": [4, 7, 12],
			"rotation": {"angle": 22.5, "axis": "y", "origin": [3, 4.5, 9.5]},
			"faces": {
				"north": {"uv": [0, 14, 5, 16], "rotation": 90, "texture": "#2"},
				"east": {"uv": [11, 0, 16, 5], "rotation": 270, "texture": "#2"},
				"south": {"uv": [0, 14, 5, 16], "rotation": 270, "texture": "#2"},
				"west": {"uv": [11, 0, 16, 5], "rotation": 270, "texture": "#2"},
				"up": {"uv": [0, 14, 5, 16], "rotation": 270, "texture": "#2"},
				"down": {"uv": [0, 14, 5, 16], "rotation": 270, "texture": "#2"}
			}
		},
		{
			"from": [8, 2, 7],
			"to": [10, 7, 12],
			"rotation": {"angle": 22.5, "axis": "y", "origin": [9, 4.5, 9.5]},
			"faces": {
				"north": {"uv": [0, 14, 5, 16], "rotation": 90, "texture": "#2"},
				"east": {"uv": [11, 0, 16, 5], "rotation": 270, "texture": "#2"},
				"south": {"uv": [0, 14, 5, 16], "rotation": 270, "texture": "#2"},
				"west": {"uv": [11, 0, 16, 5], "rotation": 270, "texture": "#2"},
				"up": {"uv": [0, 14, 5, 16], "rotation": 270, "texture": "#2"},
				"down": {"uv": [0, 14, 5, 16], "rotation": 270, "texture": "#2"}
			}
		},
		{
			"from": [11, 2, 7],
			"to": [13, 7, 12],
			"rotation": {"angle": 22.5, "axis": "y", "origin": [12, 4.5, 9.5]},
			"faces": {
				"north": {"uv": [0, 14, 5, 16], "rotation": 90, "texture": "#2"},
				"east": {"uv": [11, 0, 16, 5], "rotation": 270, "texture": "#2"},
				"south": {"uv": [0, 14, 5, 16], "rotation": 270, "texture": "#2"},
				"west": {"uv": [11, 0, 16, 5], "rotation": 270, "texture": "#2"},
				"up": {"uv": [0, 14, 5, 16], "rotation": 270, "texture": "#2"},
				"down": {"uv": [0, 14, 5, 16], "rotation": 270, "texture": "#2"}
			}
		},
		{
			"from": [5, 2, 7],
			"to": [7, 7, 12],
			"rotation": {"angle": 22.5, "axis": "y", "origin": [6, 4.5, 9.5]},
			"faces": {
				"north": {"uv": [0, 14, 5, 16], "rotation": 90, "texture": "#2"},
				"east": {"uv": [11, 0, 16, 5], "rotation": 270, "texture": "#2"},
				"south": {"uv": [0, 14, 5, 16], "rotation": 270, "texture": "#2"},
				"west": {"uv": [11, 0, 16, 5], "rotation": 270, "texture": "#2"},
				"up": {"uv": [0, 14, 5, 16], "rotation": 270, "texture": "#2"},
				"down": {"uv": [0, 14, 5, 16], "rotation": 270, "texture": "#2"}
			}
		},
		{
			"from": [2, 2.2, 3],
			"to": [12, 2.2, 10],
			"rotation": {"angle": 22.5, "axis": "y", "origin": [8, 2.2, 6.5]},
			"faces": {
				"north": {"uv": [0, 0, 9, 0], "texture": "#2"},
				"east": {"uv": [0, 0, 4, 0], "texture": "#2"},
				"south": {"uv": [0, 0, 9, 0], "texture": "#2"},
				"west": {"uv": [0, 0, 4, 0], "texture": "#2"},
				"up": {"uv": [3, 7, 13, 14], "texture": "#2"},
				"down": {"uv": [0, 0, 9, 4], "texture": "#2"}
			}
		}
	],
	"display": {
		"thirdperson_righthand": {
			"rotation": [75, 45, 0],
			"translation": [0, 2.5, 0],
			"scale": [0.375, 0.375, 0.375]
		},
		"thirdperson_lefthand": {
			"rotation": [75, 45, 0],
			"translation": [0, 2.5, 0],
			"scale": [0.375, 0.375, 0.375]
		},
		"firstperson_righthand": {
			"rotation": [0, 45, 0],
			"translation": [0, 3, 0],
			"scale": [0.4, 0.4, 0.4]
		},
		"firstperson_lefthand": {
			"rotation": [0, 225, 0],
			"translation": [0, 3, 0],
			"scale": [0.4, 0.4, 0.4]
		},
		"ground": {
			"translation": [0, 2, 0],
			"scale": [0.5, 0.5, 0.5]
		},
		"gui": {
			"rotation": [30, 225, 0],
			"translation": [0, 2, 0],
			"scale": [0.8, 0.8, 0.8]
		},
		"head": {
			"translation": [0, 10, 0]
		},
		"fixed": {
			"rotation": [-90, 0, 0],
			"translation": [0, 0, -14],
			"scale": [2, 2, 2]
		}
	},
	"groups": [
		{
			"name": "group",
			"origin": [0, 0, 0],
			"color": 0,
			"children": []
		},
		0,
		1,
		2,
		3,
		4,
		5
	]
}