{
	"credit": "Made by YSBB with Blockbench",
	"render_type": "cutout",
	"textures": {
		"1": "item/block/145_3",
		"particle": "item/block/145_3"
	},
	"elements": [
		{
			"from": [5, 0, 5],
			"to": [11, 5, 11],
			"faces": {
				"north": {"uv": [0, 11, 6, 16], "texture": "#1"},
				"east": {"uv": [0, 11, 6, 16], "texture": "#1"},
				"south": {"uv": [0, 11, 6, 16], "texture": "#1"},
				"west": {"uv": [0, 11, 6, 16], "texture": "#1"},
				"up": {"uv": [0, 3, 6, 9], "texture": "#1"},
				"down": {"uv": [0, 10, 6, 16], "texture": "#1"}
			}
		},
		{
			"from": [6, 5, 6],
			"to": [10, 4, 10],
			"faces": {
				"north": {"uv": [7, 6, 11, 7], "texture": "#1"},
				"east": {"uv": [7, 6, 11, 7], "texture": "#1"},
				"south": {"uv": [7, 6, 11, 7], "texture": "#1"},
				"west": {"uv": [7, 6, 11, 7], "texture": "#1"},
				"up": {"uv": [16, 10, 12, 6], "texture": "#1"}
			}
		}
	],
	"display": {
		"thirdperson_righthand": {
			"rotation": [65, 180, 0],
			"translation": [0, 3, 1],
			"scale": [0.55, 0.55, 0.55]
		},
		"thirdperson_lefthand": {
			"rotation": [64, 0, 0],
			"translation": [0, 3, 1],
			"scale": [0.55, 0.55, 0.55]
		},
		"firstperson_righthand": {
			"rotation": [0, 130, 0],
			"translation": [3.13, 3.2, 1.13],
			"scale": [0.68, 0.68, 0.68]
		},
		"firstperson_lefthand": {
			"rotation": [0, 130, 0],
			"translation": [3.13, 3.2, 1.13],
			"scale": [0.68, 0.68, 0.68]
		},
		"ground": {
			"translation": [0, 2, 0],
			"scale": [0.6, 0.6, 0.6]
		},
		"gui": {
			"rotation": [30, -45, 0],
			"translation": [0, 2.5, 0]
		},
		"head": {
			"rotation": [0, 180, 0],
			"translation": [0, 14.75, -0.25]
		},
		"fixed": {
			"rotation": [0, 180, 0]
		}
	}
}