{
	"credit": "Made by YSBB with Blockbench",
	"render_type": "cutout",
	"texture_size": [32, 32],
	"textures": {
		"0": "item/block/145_2",
		"particle": "item/block/145_2"
	},
	"elements": [
		{
			"from": [4, 10.25, 6.75],
			"to": [12, 11.5, 9.25],
			"rotation": {"angle": 0, "axis": "y", "origin": [8, 9.25, 8.5]},
			"faces": {
				"north": {"uv": [4.5, 7, 0.5, 7.5], "texture": "#0"},
				"east": {"uv": [0.5, 7, 1.5, 7.5], "texture": "#0"},
				"south": {"uv": [0.5, 7, 4.5, 7.5], "texture": "#0"},
				"west": {"uv": [0.5, 7, 1.5, 7.5], "texture": "#0"},
				"up": {"uv": [0.5, 7, 4.5, 7.5], "texture": "#0"},
				"down": {"uv": [0.5, 7, 4.5, 7.5], "texture": "#0"}
			}
		},
		{
			"from": [3, 6, 7],
			"to": [3, 10.5, 9],
			"rotation": {"angle": 0, "axis": "y", "origin": [8, 9.75, 8]},
			"faces": {
				"east": {"uv": [0, 0, 1, 2.25], "texture": "#0"},
				"west": {"uv": [0, 0, 1, 2.25], "texture": "#0"}
			}
		},
		{
			"from": [13, 6, 7],
			"to": [13, 10.5, 9],
			"rotation": {"angle": 0, "axis": "y", "origin": [8, 9.75, 8]},
			"faces": {
				"east": {"uv": [0, 0, 1, 2.25], "texture": "#0"},
				"west": {"uv": [0, 0, 1, 2.25], "texture": "#0"}
			}
		},
		{
			"from": [3, 10.5, 7],
			"to": [13, 10.5, 9],
			"rotation": {"angle": 0, "axis": "y", "origin": [8, 9.25, 8]},
			"faces": {
				"up": {"uv": [0, 0, 5, 1], "texture": "#0"},
				"down": {"uv": [0, 0, 5, 1], "texture": "#0"}
			}
		},
		{
			"from": [3, 0, 3],
			"to": [13, 6, 13],
			"rotation": {"angle": 0, "axis": "y", "origin": [0, -7, 0]},
			"faces": {
				"north": {"uv": [8, 2.5, 5, 7.5], "rotation": 90, "texture": "#0"},
				"east": {"uv": [8, 2.5, 5, 7.5], "rotation": 90, "texture": "#0"},
				"south": {"uv": [8, 2.5, 5, 7.5], "rotation": 90, "texture": "#0"},
				"west": {"uv": [8, 2.5, 5, 7.5], "rotation": 90, "texture": "#0"},
				"up": {"uv": [0, 0, 5, 5], "texture": "#0"},
				"down": {"uv": [0, 0, 5, 5], "texture": "#0"}
			}
		},
		{
			"from": [5, 6.75, 5],
			"to": [11, 8.75, 11],
			"rotation": {"angle": 0, "axis": "x", "origin": [0, -8, 0]},
			"faces": {
				"north": {"uv": [0, 6.5, 5, 7.5], "texture": "#0"},
				"east": {"uv": [0, 6.5, 5, 7.5], "texture": "#0"},
				"south": {"uv": [0, 6.5, 5, 7.5], "texture": "#0"},
				"west": {"uv": [0, 6.5, 5, 7.5], "texture": "#0"},
				"up": {"uv": [0, 0, 3, 3], "texture": "#0"}
			}
		},
		{
			"from": [7, 8.75, 7],
			"to": [9, 9.75, 9],
			"rotation": {"angle": 0, "axis": "x", "origin": [0, -6, 0]},
			"faces": {
				"north": {"uv": [7, 0, 8, 0.5], "texture": "#0"},
				"east": {"uv": [7, 0, 8, 0.5], "texture": "#0"},
				"south": {"uv": [7, 0, 8, 0.5], "texture": "#0"},
				"west": {"uv": [7, 0, 8, 0.5], "texture": "#0"},
				"up": {"uv": [7, 0, 8, 1], "rotation": 90, "texture": "#0"}
			}
		},
		{
			"from": [0, 3, 7],
			"to": [4, 4, 9],
			"rotation": {"angle": 0, "axis": "y", "origin": [1, -8, 0]},
			"faces": {
				"north": {"uv": [0, 0, 2.5, 0.5], "texture": "#0"},
				"south": {"uv": [0, 0, 2.5, 0.5], "texture": "#0"},
				"west": {"uv": [0, 0, 0.5, 0.5], "texture": "#0"},
				"up": {"uv": [0, 0, 2.5, 1.5], "texture": "#0"},
				"down": {"uv": [0, 0, 2.5, 1.5], "texture": "#0"}
			}
		},
		{
			"from": [0, 0, 7],
			"to": [3, 1, 9],
			"rotation": {"angle": 0, "axis": "y", "origin": [1, -7, 0]},
			"faces": {
				"north": {"uv": [0, 0.5, 1.5, 0], "texture": "#0"},
				"south": {"uv": [0, 0, 1.5, 0.5], "texture": "#0"},
				"west": {"uv": [0, 0, 0.5, 0.5], "texture": "#0"},
				"up": {"uv": [0, 0, 1.5, 1], "texture": "#0"},
				"down": {"uv": [0, 0, 1.5, 1], "texture": "#0"}
			}
		},
		{
			"from": [0, 1, 7],
			"to": [2, 3, 9],
			"rotation": {"angle": 0, "axis": "y", "origin": [1, -8, 0]},
			"faces": {
				"north": {"uv": [0, 0, 1, 1], "texture": "#0"},
				"east": {"uv": [0, 0, 1, 1], "texture": "#0"},
				"south": {"uv": [0, 0, 1, 1], "texture": "#0"},
				"west": {"uv": [0, 0, 1, 1], "texture": "#0"}
			}
		},
		{
			"from": [13, 0, 7],
			"to": [15, 3.9, 9],
			"rotation": {"angle": 0, "axis": "z", "origin": [14.01759, -4.15398, 8]},
			"faces": {
				"north": {"uv": [2.90725, 6, 0.98551, 7], "rotation": 90, "texture": "#0"},
				"east": {"uv": [1.47826, 6, 3.4, 7], "rotation": 270, "texture": "#0"},
				"south": {"uv": [0.98551, 6, 2.90725, 7], "rotation": 270, "texture": "#0"},
				"up": {"uv": [1.97101, 3.5, 2.95652, 4.5], "texture": "#0"},
				"down": {"uv": [0, 7, 0.98551, 8], "texture": "#0"}
			}
		},
		{
			"from": [15, 3, 7],
			"to": [16, 3.9, 9],
			"rotation": {"angle": 0, "axis": "z", "origin": [14.01759, -4.15398, 8]},
			"faces": {
				"north": {"uv": [2.75508, 6, 2.30508, 5.5], "rotation": 90, "texture": "#0"},
				"east": {"uv": [2.30508, 6, 2.75508, 7], "rotation": 270, "texture": "#0"},
				"south": {"uv": [2.30508, 6, 2.75508, 5.5], "rotation": 270, "texture": "#0"},
				"up": {"uv": [2.30508, 4, 2.80508, 5], "texture": "#0"},
				"down": {"uv": [0, 7, 0.5, 8], "texture": "#0"}
			}
		},
		{
			"from": [4, 10.75, 6.75],
			"to": [12, 12, 9.25],
			"rotation": {"angle": 0, "axis": "y", "origin": [8, 9.25, 8.5]},
			"faces": {
				"north": {"uv": [12.5, 7, 8.5, 7.5], "texture": "#0"},
				"east": {"uv": [8.5, 7, 9.5, 7.5], "texture": "#0"},
				"south": {"uv": [8.5, 7, 12.5, 7.5], "texture": "#0"},
				"west": {"uv": [8.5, 7, 9.5, 7.5], "texture": "#0"},
				"up": {"uv": [8.5, 7, 12.5, 7.5], "texture": "#0"},
				"down": {"uv": [8.5, 7, 12.5, 7.5], "texture": "#0"}
			}
		},
		{
			"from": [3, 6.5, 7],
			"to": [3, 11, 9],
			"rotation": {"angle": 0, "axis": "y", "origin": [8, 9.75, 8]},
			"faces": {
				"east": {"uv": [8, 0, 9, 2.25], "texture": "#0"},
				"west": {"uv": [8, 0, 9, 2.25], "texture": "#0"}
			}
		},
		{
			"from": [13, 6.5, 7],
			"to": [13, 11, 9],
			"rotation": {"angle": 0, "axis": "y", "origin": [8, 9.75, 8]},
			"faces": {
				"east": {"uv": [8, 0, 9, 2.25], "texture": "#0"},
				"west": {"uv": [8, 0, 9, 2.25], "texture": "#0"}
			}
		},
		{
			"from": [3, 11, 7],
			"to": [13, 11, 9],
			"rotation": {"angle": 0, "axis": "y", "origin": [8, 9.25, 8]},
			"faces": {
				"up": {"uv": [8, 0, 13, 1], "texture": "#0"},
				"down": {"uv": [8, 0, 13, 1], "texture": "#0"}
			}
		},
		{
			"from": [3, 0.45, 3],
			"to": [13, 6.45, 13],
			"rotation": {"angle": 0, "axis": "y", "origin": [0, -6.55, 0]},
			"faces": {
				"north": {"uv": [16, 2.5, 13, 7.5], "rotation": 90, "texture": "#0"},
				"east": {"uv": [16, 2.5, 13, 7.5], "rotation": 90, "texture": "#0"},
				"south": {"uv": [16, 2.5, 13, 7.5], "rotation": 90, "texture": "#0"},
				"west": {"uv": [16, 2.5, 13, 7.5], "rotation": 90, "texture": "#0"},
				"up": {"uv": [8, 0, 13, 5], "texture": "#0"},
				"down": {"uv": [8, 0, 13, 5], "texture": "#0"}
			}
		},
		{
			"from": [5, 6.45, 5],
			"to": [11, 8.45, 11],
			"rotation": {"angle": 0, "axis": "y", "origin": [0, -7.55, 0]},
			"faces": {
				"north": {"uv": [8, 6.5, 13, 7.5], "texture": "#0"},
				"east": {"uv": [8, 6.5, 13, 7.5], "texture": "#0"},
				"south": {"uv": [8, 6.5, 13, 7.5], "texture": "#0"},
				"west": {"uv": [8, 6.5, 13, 7.5], "texture": "#0"},
				"up": {"uv": [8, 0, 11, 3], "texture": "#0"}
			}
		},
		{
			"from": [7, 8.45, 7],
			"to": [9, 9.45, 9],
			"rotation": {"angle": 0, "axis": "y", "origin": [0, -5.55, 0]},
			"faces": {
				"north": {"uv": [15, 0, 16, 0.5], "texture": "#0"},
				"east": {"uv": [15, 0, 16, 0.5], "texture": "#0"},
				"south": {"uv": [15, 0, 16, 0.5], "texture": "#0"},
				"west": {"uv": [15, 0, 16, 0.5], "texture": "#0"},
				"up": {"uv": [15, 0, 16, 1], "rotation": 90, "texture": "#0"}
			}
		},
		{
			"from": [0, 3.45, 7],
			"to": [4, 4.45, 9],
			"rotation": {"angle": 0, "axis": "y", "origin": [1, -7.55, 0]},
			"faces": {
				"north": {"uv": [8, 0, 10.5, 0.5], "texture": "#0"},
				"south": {"uv": [8, 0, 10.5, 0.5], "texture": "#0"},
				"west": {"uv": [8, 0, 8.5, 0.5], "texture": "#0"},
				"up": {"uv": [8, 0, 10.5, 1.5], "texture": "#0"},
				"down": {"uv": [8, 0, 10.5, 1.5], "texture": "#0"}
			}
		},
		{
			"from": [0, 0.45, 7],
			"to": [3, 1.45, 9],
			"rotation": {"angle": 0, "axis": "y", "origin": [1, -6.55, 0]},
			"faces": {
				"north": {"uv": [8, 0, 9.5, 0.5], "texture": "#0"},
				"south": {"uv": [8, 0, 9.5, 0.5], "texture": "#0"},
				"west": {"uv": [8, 0, 9, 0.5], "texture": "#0"},
				"up": {"uv": [8, 0, 9.5, 1], "texture": "#0"},
				"down": {"uv": [8, 0, 9.5, 1], "texture": "#0"}
			}
		},
		{
			"from": [0, 1.45, 7],
			"to": [2, 3.45, 9],
			"rotation": {"angle": 0, "axis": "y", "origin": [1, -7.55, 0]},
			"faces": {
				"north": {"uv": [8, 0, 9, 1], "texture": "#0"},
				"east": {"uv": [8, 0, 9, 1], "texture": "#0"},
				"south": {"uv": [8, 0, 9, 1], "texture": "#0"},
				"west": {"uv": [8, 0, 9, 1], "texture": "#0"}
			}
		},
		{
			"from": [13, 0.45, 7],
			"to": [15, 4.35, 9],
			"rotation": {"angle": 0, "axis": "y", "origin": [14.01759, -3.70398, 8]},
			"faces": {
				"north": {"uv": [10.90725, 6, 8.98551, 7], "rotation": 90, "texture": "#0"},
				"east": {"uv": [9.47826, 6, 11.4, 7], "rotation": 270, "texture": "#0"},
				"south": {"uv": [8.98551, 6, 10.90725, 7], "rotation": 270, "texture": "#0"},
				"up": {"uv": [9.97101, 3.5, 10.95652, 4.5], "texture": "#0"},
				"down": {"uv": [8, 7, 8.98551, 8], "texture": "#0"}
			}
		},
		{
			"from": [15, 3.45, 7],
			"to": [16, 4.35, 9],
			"rotation": {"angle": 0, "axis": "y", "origin": [14.01759, -3.70398, 8]},
			"faces": {
				"north": {"uv": [10.75508, 6, 10.30508, 5.5], "rotation": 90, "texture": "#0"},
				"east": {"uv": [10.30508, 6, 10.75508, 7], "rotation": 270, "texture": "#0"},
				"south": {"uv": [10.30508, 6, 10.75508, 5.5], "rotation": 270, "texture": "#0"},
				"up": {"uv": [10.30508, 4, 10.80508, 5], "texture": "#0"},
				"down": {"uv": [8, 7, 8.5, 8], "texture": "#0"}
			}
		}
	],
	"display": {
		"thirdperson_righthand": {
			"rotation": [65, 180, 0],
			"translation": [0, 3, 1],
			"scale": [0.55, 0.55, 0.55]
		},
		"thirdperson_lefthand": {
			"rotation": [64, 0, 0],
			"translation": [0, 3, 1],
			"scale": [0.55, 0.55, 0.55]
		},
		"firstperson_righthand": {
			"rotation": [0, 130, 0],
			"translation": [3.13, 3.2, 1.13],
			"scale": [0.68, 0.68, 0.68]
		},
		"firstperson_lefthand": {
			"rotation": [0, 130, 0],
			"translation": [3.13, 3.2, 1.13],
			"scale": [0.68, 0.68, 0.68]
		},
		"ground": {
			"translation": [0, 2, 0],
			"scale": [0.6, 0.6, 0.6]
		},
		"gui": {
			"rotation": [30, -45, 0],
			"translation": [0, 2.5, 0]
		},
		"head": {
			"rotation": [0, 180, 0],
			"translation": [0, 14.75, -0.25]
		},
		"fixed": {
			"rotation": [0, 180, 0]
		}
	},
	"groups": [
		{
			"name": "group",
			"origin": [14.01759, 2.84602, 8],
			"color": 0,
			"children": [
				{
					"name": "group",
					"origin": [8, 9.25, 8],
					"color": 0,
					"children": [0, 1, 2, 3]
				},
				4,
				5,
				6,
				7,
				8,
				9,
				10,
				11
			]
		},
		{
			"name": "group",
			"origin": [14.01759, 2.84602, 8],
			"color": 0,
			"children": [
				{
					"name": "group",
					"origin": [8, 9.25, 8],
					"color": 0,
					"children": [12, 13, 14, 15]
				},
				16,
				17,
				18,
				19,
				20,
				21,
				22,
				23
			]
		}
	]
}