{
	"credit": "Made by YSBB with Blockbench",
	"texture_size": [32, 32],
	"textures": {
		"0": "item/block/100",
		"1": "item/block/98",
		"particle": "item/block/100"
	},
	"elements": [
		{
			"from": [2, 7, 2],
			"to": [14, 5, 14],
			"rotation": {"angle": 0, "axis": "y", "origin": [0, 7, 0]},
			"faces": {
				"north": {"uv": [0.5, 7, 6.5, 8], "texture": "#0"},
				"east": {"uv": [0.5, 7, 6.5, 8], "texture": "#0"},
				"south": {"uv": [1, 7, 7, 8], "texture": "#0"},
				"west": {"uv": [1, 7, 7, 8], "texture": "#0"},
				"up": {"uv": [9, 1, 15, 7], "texture": "#1"}
			}
		},
		{
			"from": [0, 0, 0],
			"to": [16, 7, 16],
			"faces": {
				"north": {"uv": [8, 4, 0, 7.5], "texture": "#0"},
				"east": {"uv": [8, 4, 0, 7.5], "texture": "#0"},
				"south": {"uv": [0, 4, 8, 7.5], "texture": "#0"},
				"west": {"uv": [0, 4, 8, 7.5], "texture": "#0"},
				"up": {"uv": [8, 0, 16, 8], "texture": "#0"},
				"down": {"uv": [0, 8, 8, 16], "texture": "#0"}
			}
		},
		{
			"from": [2, 6, 2],
			"to": [14, 6, 14],
			"faces": {
				"up": {"uv": [9, 8.5, 15, 14.5], "texture": "#1"}
			}
		}
	],
	"display": {
		"thirdperson_righthand": {
			"rotation": [75, 45, 0],
			"translation": [0, 2.5, 0],
			"scale": [0.375, 0.375, 0.375]
		},
		"thirdperson_lefthand": {
			"rotation": [75, 45, 0],
			"translation": [0, 2.5, 0],
			"scale": [0.375, 0.375, 0.375]
		},
		"firstperson_righthand": {
			"rotation": [0, 45, 0],
			"translation": [0, 3, 0],
			"scale": [0.4, 0.4, 0.4]
		},
		"firstperson_lefthand": {
			"rotation": [0, 225, 0],
			"translation": [0, 3, 0],
			"scale": [0.4, 0.4, 0.4]
		},
		"ground": {
			"translation": [0, 2, 0],
			"scale": [0.5, 0.5, 0.5]
		},
		"gui": {
			"rotation": [30, 225, 0],
			"scale": [0.625, 0.625, 0.625]
		},
		"head": {
			"translation": [0, 10, 0],
			"scale": [0.83, 0.83, 0.83]
		},
		"fixed": {
			"rotation": [-90, 0, 0],
			"translation": [0, 0, -14],
			"scale": [2, 2, 2]
		}
	},
	"groups": [
		{
			"name": "group",
			"origin": [0, 0, 0],
			"color": 0,
			"children": [0, 1, 2]
		}
	]
}