{
	"credit": "by YSBB",
	"texture_size": [32, 32],
	"textures": {
		"layer0": "item/tool/kaleidos_ry"
	},
	"elements": [
		{
			"from": [7, -2, 7],
			"to": [9, 8, 9],
			"faces": {
				"north": {"uv": [15, 0.5, 16, 5.5], "texture": "#layer0"},
				"east": {"uv": [15, 0.5, 16, 5.5], "texture": "#layer0"},
				"south": {"uv": [15, 0.5, 16, 5.5], "texture": "#layer0"},
				"west": {"uv": [15, 0.5, 16, 5.5], "texture": "#layer0"},
				"up": {"uv": [15, 0, 16, 1], "texture": "#layer0"},
				"down": {"uv": [15, 0, 16, 1], "texture": "#layer0"}
			}
		},
		{
			"from": [6.5, 8, 6.5],
			"to": [9.5, 10, 9.5],
			"faces": {
				"north": {"uv": [13, 12, 14.5, 13], "texture": "#layer0"},
				"east": {"uv": [13, 12, 14.5, 13], "texture": "#layer0"},
				"south": {"uv": [13, 12, 14.5, 13], "texture": "#layer0"},
				"west": {"uv": [13, 12, 14.5, 13], "texture": "#layer0"},
				"up": {"uv": [13, 12, 14.5, 13.5], "texture": "#layer0"},
				"down": {"uv": [13, 12, 14.5, 13.5], "texture": "#layer0"}
			}
		},
		{
			"from": [6.5, -3, 6.5],
			"to": [9.5, -1, 9.5],
			"rotation": {"angle": 0, "axis": "y", "origin": [0, 4, 0]},
			"faces": {
				"north": {"uv": [13, 13, 14.5, 14], "texture": "#layer0"},
				"east": {"uv": [13, 13, 14.5, 14], "texture": "#layer0"},
				"south": {"uv": [13, 13, 14.5, 14], "texture": "#layer0"},
				"west": {"uv": [13, 13, 14.5, 14], "texture": "#layer0"},
				"up": {"uv": [13, 12, 14.5, 13.5], "texture": "#layer0"},
				"down": {"uv": [13, 12, 14.5, 13.5], "texture": "#layer0"}
			}
		},
		{
			"from": [6.5, 0, 6.5],
			"to": [9.5, 1, 9.5],
			"rotation": {"angle": 0, "axis": "y", "origin": [0, 4, 0]},
			"faces": {
				"north": {"uv": [13, 12.5, 14.5, 13], "texture": "#layer0"},
				"east": {"uv": [13, 12.5, 14.5, 13], "texture": "#layer0"},
				"south": {"uv": [13, 12.5, 14.5, 13], "texture": "#layer0"},
				"west": {"uv": [13, 12.5, 14.5, 13], "texture": "#layer0"},
				"up": {"uv": [13, 12.5, 14.5, 14], "texture": "#layer0"},
				"down": {"uv": [13, 12.5, 14.5, 14], "texture": "#layer0"}
			}
		},
		{
			"from": [6, 10, 6],
			"to": [10, 12, 10],
			"rotation": {"angle": 0, "axis": "y", "origin": [0, 0, 1]},
			"faces": {
				"north": {"uv": [7.5, 0, 9.5, 1.5], "texture": "#layer0"},
				"east": {"uv": [7.5, 0, 9.5, 1.5], "texture": "#layer0"},
				"south": {"uv": [7.5, 0, 9.5, 1.5], "texture": "#layer0"},
				"west": {"uv": [7.5, 0, 9.5, 1.5], "texture": "#layer0"},
				"up": {"uv": [7.5, 0, 9.5, 2], "texture": "#layer0"},
				"down": {"uv": [7.5, 0, 9.5, 2], "texture": "#layer0"}
			}
		},
		{
			"from": [8, 12, 11],
			"to": [10, 14, 13],
			"rotation": {"angle": 0, "axis": "y", "origin": [0, -1, 0]},
			"faces": {
				"north": {"uv": [0, 9, 1, 10], "texture": "#layer0"},
				"east": {"uv": [1, 6, 2, 7], "rotation": 90, "texture": "#layer0"},
				"south": {"uv": [0, 9, 1, 10], "texture": "#layer0"},
				"west": {"uv": [0, 9, 1, 10], "texture": "#layer0"},
				"up": {"uv": [0, 9, 1, 10], "rotation": 270, "texture": "#layer0"},
				"down": {"uv": [0, 9, 1, 10], "rotation": 270, "texture": "#layer0"}
			}
		},
		{
			"from": [8, 12, 5],
			"to": [10, 19, 7],
			"rotation": {"angle": 0, "axis": "y", "origin": [0, -1, -2]},
			"faces": {
				"north": {"uv": [1, 6.5, 2, 10], "texture": "#layer0"},
				"east": {"uv": [1, 6.5, 2, 10], "texture": "#layer0"},
				"south": {"uv": [0, 11, 1, 14.5], "texture": "#layer0"},
				"west": {"uv": [1, 6.5, 2, 10], "texture": "#layer0"},
				"up": {"uv": [1, 11, 0, 12], "rotation": 90, "texture": "#layer0"},
				"down": {"uv": [0, 11, 1, 12], "texture": "#layer0"}
			}
		},
		{
			"from": [8, 12, 9],
			"to": [10, 20, 11],
			"rotation": {"angle": 0, "axis": "y", "origin": [0, -1, -2]},
			"faces": {
				"north": {"uv": [0, 11, 1, 15], "texture": "#layer0"},
				"east": {"uv": [1, 5.5, 2, 9.5], "texture": "#layer0"},
				"south": {"uv": [1, 5.5, 2, 9.5], "texture": "#layer0"},
				"west": {"uv": [1, 6, 2, 10], "texture": "#layer0"},
				"up": {"uv": [1, 11, 0, 12], "rotation": 90, "texture": "#layer0"},
				"down": {"uv": [0, 11, 1, 12], "texture": "#layer0"}
			}
		},
		{
			"from": [6, 12, 7],
			"to": [10, 17, 9],
			"rotation": {"angle": 0, "axis": "y", "origin": [0, -1, 0]},
			"faces": {
				"north": {"uv": [2.5, 10.5, 4.5, 13], "texture": "#layer0"},
				"east": {"uv": [3, 7, 4, 9.5], "texture": "#layer0"},
				"south": {"uv": [4.5, 10.5, 2.5, 13], "texture": "#layer0"},
				"west": {"uv": [0, 11, 1, 13.5], "texture": "#layer0"},
				"up": {"uv": [1, 10.5, 0, 12.5], "rotation": 90, "texture": "#layer0"},
				"down": {"uv": [0, 12, 2, 14], "texture": "#layer0"}
			}
		},
		{
			"from": [10.05, 13.35, 7.05],
			"to": [10.05, 16.5, 8.3],
			"rotation": {"angle": 45, "axis": "x", "origin": [10, 13.75, 8.3]},
			"faces": {
				"north": {"uv": [3, 0, 3, 2], "texture": "#layer0"},
				"east": {"uv": [3, 0, 3.5, 2], "texture": "#layer0"},
				"south": {"uv": [3, 0, 3, 2], "texture": "#layer0"},
				"west": {"uv": [3, 0, 3.5, 2], "texture": "#layer0"},
				"up": {"uv": [3, 0, 3, 0.5], "texture": "#layer0"},
				"down": {"uv": [3, 0, 3, 0.5], "texture": "#layer0"}
			}
		},
		{
			"from": [10.05, 13.35, 7.3],
			"to": [10.05, 16.5, 8.55],
			"rotation": {"angle": -45, "axis": "x", "origin": [10, 14.25, 7.55]},
			"faces": {
				"north": {"uv": [3, 0, 3, 2], "texture": "#layer0"},
				"east": {"uv": [3, 0, 3.5, 2], "texture": "#layer0"},
				"south": {"uv": [3, 0, 3, 2], "texture": "#layer0"},
				"west": {"uv": [3, 0, 3.5, 2], "texture": "#layer0"},
				"up": {"uv": [3, 0, 3, 0.5], "texture": "#layer0"},
				"down": {"uv": [3, 0, 3, 0.5], "texture": "#layer0"}
			}
		},
		{
			"from": [10.05, 12.01746, 7.36287],
			"to": [10.05, 14.56746, 8.61287],
			"rotation": {"angle": 0, "axis": "x", "origin": [10.05, 12.99246, 7.98787]},
			"faces": {
				"north": {"uv": [3, 0, 3, 2], "texture": "#layer0"},
				"east": {"uv": [3, 0, 3.5, 2], "texture": "#layer0"},
				"south": {"uv": [3, 0, 3, 2], "texture": "#layer0"},
				"west": {"uv": [3, 0, 3.5, 2], "texture": "#layer0"},
				"up": {"uv": [3, 0, 3, 0.5], "texture": "#layer0"},
				"down": {"uv": [3, 0, 3, 0.5], "texture": "#layer0"}
			}
		}
	],
	"gui_light": "front",
	"display": {
		"thirdperson_righthand": {
			"translation": [0, 1.75, 1],
			"scale": [0.64, 0.64, 0.64]
		},
		"thirdperson_lefthand": {
			"translation": [0, 1.75, 1],
			"scale": [0.64, 0.64, 0.64]
		},
		"firstperson_righthand": {
			"rotation": [6, -90, 25],
			"translation": [1.38, 2.45, 0.13],
			"scale": [0.68, 0.68, 0.68]
		},
		"firstperson_lefthand": {
			"rotation": [6, -90, 25],
			"translation": [1.38, 2.45, 0.13],
			"scale": [0.68, 0.68, 0.68]
		},
		"ground": {
			"translation": [0, 2, 0],
			"scale": [0.5, 0.5, 0.5]
		},
		"gui": {
			"rotation": [-113.52, -42.01, -93.75],
			"translation": [0.25, -0.5, 0],
			"scale": [0.9, 0.9, 0.9]
		},
		"head": {
			"rotation": [0, 90, 0],
			"translation": [0, 7.5, 0]
		},
		"fixed": {
			"rotation": [0, 90, 0],
			"translation": [0, -0.25, 0],
			"scale": [0.75, 0.75, 0.75]
		}
	}
}