{
  "parent": "moxing:block/open/0",
  "criteria": {
    "ysbb": {
      "trigger": "minecraft:tick"
    }
  },
  "display": {
    "announce_to_chat": false,
    "description": {
      "translate": "§6森罗的装饰模型均由切石机切制所得\n§e注意看清切制所需的§a原料§e的名称,切勿混肴"
    },
    "icon": {
      "count": 1,
      "id": "minecraft:stonecutter"
    },
    "show_toast": false,
    "title": {
      "translate": "关于合成                         "
    }
}
}