{
  "parent": "moxing:block/open/2",
  "criteria": {
    "ysbb": {
      "trigger": "minecraft:tick"
    }
  },
  "display": {
    "announce_to_chat": false,
    "description": {
      "translate": "原料:铜锭\n§e手持法杖,右键森罗模型时将移动或旋转模型\n左键模型则反向操作\n§6按F3+B可显示或关闭模型判定箱,来辅助操作"
    },
    "icon": {
      "count": 1,
      "id": "minecraft:wooden_sword",
      "components": {
        "minecraft:custom_model_data":4}
    },
    "show_toast": false,
    "title": {
      "translate": "指指点点法杖                        "
    }
}
}