{
  "parent": "moxing:block/open/3",
  "criteria": {
    "ysbb": {
      "trigger": "minecraft:tick"
    }
  },
  "display": {
    "announce_to_chat": false,
    "description": {
      "translate": "原料:铜锭\n§6用于创建一个隐形的座位\n按F3+B使座位显形/消失"
    },
    "icon": {
      "count": 1,
      "id": "minecraft:cow_spawn_egg",
      "components": {
        "minecraft:custom_model_data":3}
    },
    "show_toast": false,
    "title": {
      "translate": "座位发生器         "
    }
}
}