{
  "parent": "moxing:block/open/5",
  "criteria": {
    "ysbb": {
      "trigger": "minecraft:tick"
    }
  },
  "display": {
    "announce_to_chat": false,
    "description": {
      "translate": "原料:铜锭\n§e一个透明活板门,用于模拟方块的碰撞箱\n§6当主/副手持它时,视野中的透明活板门将显形\n§7另外注意避免潜行时放置,易出现标记错误"
    },
    "icon": {
      "count": 1,
      "id": "minecraft:oxidized_copper_trapdoor"
    },
    "show_toast": false,
    "title": {
      "translate": "透明活板门                             "
    }
}
}