{
  "parent": "moxing:block/open/6",
  "criteria": {
    "ysbb": {
      "trigger": "minecraft:tick"
    }
  },
  "display": {
    "announce_to_chat": false,
    "description": {
      "translate": "原料:煤炭\n§6光源用于制作发光的场景\n§e光源无法被挖掘,但在光源处放置方块即可熄灭\n§6消除栓可清除一定范围光源\n§e右键消除栓可熄灭8×8×4范围内的光源"
    },
    "icon": {
      "count": 1,
      "id": "minecraft:light"
    },
    "show_toast": false,
    "title": {
      "translate": "光源、光源消除栓                           "
    }
}
}