{
	"credit": "Made by YSBB with Blockbench",
	"texture_size": [64, 64],
	"textures": {
		"0": "item/hat/101"
	},
	"elements": [
		{
			"name": "head",
			"from": [4, 4, -2],
			"to": [12, 9, 3],
			"rotation": {"angle": 0, "axis": "y", "origin": [8, 0, 8]},
			"faces": {
				"north": {"uv": [1.25, 1.5, 3.25, 2.75], "texture": "#0"},
				"east": {"uv": [0, 1.5, 1.25, 2.75], "texture": "#0"},
				"south": {"uv": [4.5, 1.5, 6.5, 2.75], "texture": "#0"},
				"west": {"uv": [3.25, 1.5, 4.5, 2.75], "texture": "#0"},
				"up": {"uv": [3.25, 1.5, 1.25, 0.25], "texture": "#0"},
				"down": {"uv": [5.25, 0.25, 3.25, 1.5], "texture": "#0"}
			}
		},
		{
			"name": "top_gills",
			"from": [4, 8, 2],
			"to": [12, 11, 2],
			"rotation": {"angle": 0, "axis": "y", "origin": [8, -1, 8]},
			"faces": {
				"north": {"uv": [0.75, 9.25, 2.75, 10], "texture": "#0"},
				"south": {"uv": [0.75, 9.25, 2.75, 10], "texture": "#0"}
			}
		},
		{
			"name": "left_gills",
			"from": [11, 3, 2],
			"to": [14, 10, 2],
			"rotation": {"angle": 0, "axis": "y", "origin": [7, -1, 8]},
			"faces": {
				"north": {"uv": [0.25, 10.25, 1, 12], "texture": "#0"},
				"south": {"uv": [2.75, 10, 3.5, 11.75], "texture": "#0"}
			}
		},
		{
			"name": "right_gills",
			"from": [2, 3, 2],
			"to": [5, 10, 2],
			"rotation": {"angle": 0, "axis": "y", "origin": [9, -1, 8]},
			"faces": {
				"north": {"uv": [2.5, 10.25, 3.25, 12], "texture": "#0"},
				"south": {"uv": [0, 9.75, 0.75, 11.5], "texture": "#0"}
			}
		},
		{
			"name": "body",
			"from": [4.25, -0.75, 3.25],
			"to": [11.75, 4.25, 13.25],
			"rotation": {"angle": 22.5, "axis": "x", "origin": [8, 6.5, 13.75]},
			"faces": {
				"north": {"uv": [2.5, 5.25, 4.5, 6.25], "texture": "#0"},
				"east": {"uv": [0, 5.25, 2.5, 6.25], "texture": "#0"},
				"south": {"uv": [7, 5.25, 9, 6.25], "texture": "#0"},
				"west": {"uv": [4.5, 5.25, 7, 6.25], "texture": "#0"},
				"up": {"uv": [4.5, 5.25, 2.5, 2.75], "texture": "#0"},
				"down": {"uv": [6.5, 2.75, 4.5, 5.25], "texture": "#0"}
			}
		},
		{
			"name": "body",
			"from": [8, 0.25, 4.25],
			"to": [8, 5.25, 10.25],
			"rotation": {"angle": 22.5, "axis": "x", "origin": [8, 6.5, 13.75]},
			"faces": {
				"east": {"uv": [0.5, 6.5, 2.75, 7.75], "texture": "#0"},
				"west": {"uv": [0.5, 6.5, 2.75, 7.75], "texture": "#0"}
			}
		},
		{
			"name": "leg4",
			"from": [3.5, 0.5, -1],
			"to": [6.5, 5.5, -1],
			"rotation": {"angle": 22.5, "axis": "x", "origin": [5, 3, -2]},
			"faces": {
				"north": {"uv": [0.5, 3.25, 1.25, 4.5], "texture": "#0"},
				"east": {"uv": [0.5, 3.25, 0.5, 4.5], "texture": "#0"},
				"south": {"uv": [1.25, 3.25, 2, 4.5], "texture": "#0"},
				"west": {"uv": [1.25, 3.25, 1.25, 4.5], "texture": "#0"},
				"up": {"uv": [1.25, 3.25, 0.5, 3.25], "texture": "#0"},
				"down": {"uv": [2, 3.25, 1.25, 3.25], "texture": "#0"}
			}
		},
		{
			"name": "leg5",
			"from": [9.5, 0.5, -1],
			"to": [12.5, 5.5, -1],
			"rotation": {"angle": 22.5, "axis": "x", "origin": [11, 3, -2]},
			"faces": {
				"north": {"uv": [0.5, 3.25, 1.25, 4.5], "texture": "#0"},
				"east": {"uv": [0.5, 3.25, 0.5, 4.5], "texture": "#0"},
				"south": {"uv": [1.25, 3.25, 2, 4.5], "texture": "#0"},
				"west": {"uv": [1.25, 3.25, 1.25, 4.5], "texture": "#0"},
				"up": {"uv": [1.25, 3.25, 0.5, 3.25], "texture": "#0"},
				"down": {"uv": [2, 3.25, 1.25, 3.25], "texture": "#0"}
			}
		},
		{
			"name": "leg2",
			"from": [4.25, 0.25, 10.75],
			"to": [7.25, 0.25, 15.75],
			"rotation": {"angle": 45, "axis": "x", "origin": [5.75, 1, 13.25]},
			"faces": {
				"north": {"uv": [1.25, 3.25, 0.5, 3.25], "rotation": 180, "texture": "#0"},
				"east": {"uv": [0.5, 3.25, 0.5, 4.5], "rotation": 90, "texture": "#0"},
				"south": {"uv": [2, 3.25, 1.25, 3.25], "texture": "#0"},
				"west": {"uv": [1.25, 3.25, 1.25, 4.5], "rotation": 270, "texture": "#0"},
				"up": {"uv": [1.25, 3.25, 2, 4.5], "texture": "#0"},
				"down": {"uv": [0.5, 3.25, 1.25, 4.5], "rotation": 180, "texture": "#0"}
			}
		},
		{
			"name": "leg3",
			"from": [8.75, 0.25, 10.75],
			"to": [11.75, 0.25, 15.75],
			"rotation": {"angle": 45, "axis": "x", "origin": [10.25, 1, 13.25]},
			"faces": {
				"north": {"uv": [1.25, 3.25, 0.5, 3.25], "rotation": 180, "texture": "#0"},
				"east": {"uv": [0.5, 3.25, 0.5, 4.5], "rotation": 90, "texture": "#0"},
				"south": {"uv": [2, 3.25, 1.25, 3.25], "texture": "#0"},
				"west": {"uv": [1.25, 3.25, 1.25, 4.5], "rotation": 270, "texture": "#0"},
				"up": {"uv": [1.25, 3.25, 2, 4.5], "texture": "#0"},
				"down": {"uv": [0.5, 3.25, 1.25, 4.5], "rotation": 180, "texture": "#0"}
			}
		},
		{
			"name": "tail",
			"from": [8, 4.18069, 9.14627],
			"to": [8, 8.18069, 18.14627],
			"rotation": {"angle": -45, "axis": "x", "origin": [8, 5.43069, 13.14627]},
			"faces": {
				"east": {"uv": [0.5, 7.75, 3.5, 9], "texture": "#0"},
				"west": {"uv": [3.5, 7.75, 0.5, 9], "texture": "#0"}
			}
		}
	],
	"display": {
		"thirdperson_righthand": {
			"rotation": [75, 45, 0],
			"translation": [0, -2, 1],
			"scale": [0.6, 0.6, 0.6]
		},
		"thirdperson_lefthand": {
			"rotation": [75, 45, 0],
			"translation": [0, -2, 1],
			"scale": [0.6, 0.6, 0.6]
		},
		"firstperson_righthand": {
			"rotation": [0, -90, 25],
			"translation": [1.13, 7, 1.13],
			"scale": [0.68, 0.68, 0.68]
		},
		"firstperson_lefthand": {
			"rotation": [0, -90, 25],
			"translation": [1.13, 7, 1.13],
			"scale": [0.68, 0.68, 0.68]
		},
		"ground": {
			"translation": [0, 5, 0]
		},
		"gui": {
			"rotation": [30, 225, 0],
			"translation": [-1.25, 1.5, 0],
			"scale": [0.8, 0.8, 0.8]
		},
		"head": {
			"rotation": [-22, 0, 0],
			"translation": [0, 13.5, -1.5],
			"scale": [1.2, 1.2, 1.2]
		},
		"fixed": {
			"rotation": [-72, 180, 0],
			"translation": [0, 4.25, -11.25],
			"scale": [1.8, 1.8, 1.8]
		}
	},
	"groups": [
		{
			"name": "head",
			"origin": [8, 6, 3],
			"color": 0,
			"children": [0]
		},
		{
			"name": "top_gills",
			"origin": [8, 9, 2],
			"color": 0,
			"children": [1]
		},
		{
			"name": "left_gills",
			"origin": [12, 6, 2],
			"color": 0,
			"children": [2]
		},
		{
			"name": "right_gills",
			"origin": [4, 6, 2],
			"color": 0,
			"children": [3]
		},
		{
			"name": "body",
			"origin": [8, 6, 12],
			"color": 0,
			"children": [4, 5]
		},
		{
			"name": "leg4",
			"origin": [4.5, 5, 4],
			"color": 0,
			"children": []
		},
		{
			"name": "leg2",
			"origin": [4.5, 5, 11],
			"color": 0,
			"children": []
		},
		{
			"name": "leg3",
			"origin": [11.5, 5, 4],
			"color": 0,
			"children": [6, 7]
		},
		{
			"name": "leg1",
			"origin": [11.5, 5, 11],
			"color": 0,
			"children": [8, 9]
		},
		{
			"name": "tail",
			"origin": [8, 6, 13],
			"color": 0,
			"children": [10]
		}
	]
}