{
	"credit": "Made by YSBB with Blockbench",
	"texture_size": [64, 64],
	"textures": {
		"0": "item/hat/110"
	},
	"elements": [
		{
			"from": [-5, 2.55, -9],
			"to": [22, 2.55, 5],
			"rotation": {"angle": 22.5, "axis": "x", "origin": [8, 2.55, -1.5]},
			"faces": {
				"up": {"uv": [0, 0, 6.75, 3.5], "texture": "#0"},
				"down": {"uv": [0, 3.5, 6.75, 0], "texture": "#0"}
			}
		},
		{
			"from": [0.5, 2.15, 0],
			"to": [15.5, 3.15, 5.1],
			"rotation": {"angle": 22.5, "axis": "x", "origin": [8.5, 2.55, -0.5]},
			"faces": {
				"north": {"uv": [4.5, 13.75, 9, 14], "texture": "#0"},
				"east": {"uv": [1.5, 11.75, 3.25, 12], "texture": "#0"},
				"south": {"uv": [4.5, 13.75, 9, 14], "texture": "#0"},
				"west": {"uv": [4.5, 13.75, 6.25, 14], "texture": "#0"},
				"up": {"uv": [0, 13, 4.5, 14.75], "texture": "#0"}
			}
		},
		{
			"from": [-5, 0.06248, 4.5056],
			"to": [22, 0.06248, 23.5056],
			"rotation": {"angle": 0, "axis": "x", "origin": [8, 0.06248, 12.0056]},
			"faces": {
				"up": {"uv": [0, 3.5, 6.75, 8.25], "texture": "#0"},
				"down": {"uv": [0, 8.25, 6.75, 3.5], "texture": "#0"}
			}
		},
		{
			"from": [0.5, 0.06248, 4.5056],
			"to": [15.5, 1.06248, 16.5056],
			"rotation": {"angle": 0, "axis": "x", "origin": [8.5, 0.06248, 12.0056]},
			"faces": {
				"north": {"uv": [0, 12.25, 4.5, 12.5], "texture": "#0"},
				"east": {"uv": [0, 11.75, 3.25, 12], "texture": "#0"},
				"south": {"uv": [0, 12.25, 4.5, 12.5], "texture": "#0"},
				"west": {"uv": [3.5, 11.75, 0.25, 12], "texture": "#0"},
				"up": {"uv": [0, 15.5, 4.5, 12.25], "texture": "#0"}
			}
		},
		{
			"from": [2, 0, 2],
			"to": [14, 6.8, 15],
			"rotation": {"angle": 0, "axis": "y", "origin": [0, 1.8, 12]},
			"faces": {
				"north": {"uv": [12.5, 8.5, 16, 10.2], "texture": "#0"},
				"east": {"uv": [16, 10.75, 12.5, 12.5], "texture": "#0"},
				"south": {"uv": [12.5, 7, 16, 8.5], "texture": "#0"},
				"west": {"uv": [12.5, 10.75, 16, 12.45], "texture": "#0"},
				"up": {"uv": [16, 12.5, 12.5, 16], "rotation": 270, "texture": "#0"}
			}
		},
		{
			"from": [3, 4.45, 4],
			"to": [13, 12.45, 13],
			"rotation": {"angle": 22.5, "axis": "x", "origin": [8, 7.95, 9]},
			"faces": {
				"north": {"uv": [13.5, 4, 16, 6], "texture": "#0"},
				"east": {"uv": [16, 0, 13.75, 2], "texture": "#0"},
				"south": {"uv": [13.5, 2, 16, 4], "texture": "#0"},
				"west": {"uv": [13.75, 0, 16, 2], "texture": "#0"},
				"up": {"uv": [11, 0, 13.5, 2.25], "texture": "#0"}
			}
		},
		{
			"from": [2.5, 6.45, 3.5],
			"to": [13.5, 8.45, 13.5],
			"rotation": {"angle": 22.5, "axis": "x", "origin": [8, 7.95, 9]},
			"faces": {
				"north": {"uv": [8.375, 7.5, 10.375, 8], "texture": "#0"},
				"east": {"uv": [11.25, 7.5, 10.25, 8], "texture": "#0"},
				"south": {"uv": [10.75, 7.5, 11.75, 8], "texture": "#0"},
				"west": {"uv": [10.25, 7.5, 11.25, 8], "texture": "#0"},
				"up": {"uv": [8.375, 7.5, 10.375, 8], "texture": "#0"}
			}
		},
		{
			"from": [5, 9.36391, 7.80182],
			"to": [11, 14.36391, 15.80182],
			"rotation": {"angle": -22.5, "axis": "x", "origin": [8, 11.86391, 11.80182]},
			"faces": {
				"east": {"uv": [6.75, 4.5, 8, 6.5], "rotation": 270, "texture": "#0"},
				"south": {"uv": [11.25, 0, 12.75, 1.25], "texture": "#0"},
				"west": {"uv": [8, 4.5, 6.75, 6.5], "rotation": 90, "texture": "#0"},
				"up": {"uv": [9.75, 4.5, 8.25, 6.5], "rotation": 180, "texture": "#0"},
				"down": {"uv": [14, 2, 15.5, 4], "texture": "#0"}
			}
		},
		{
			"from": [6.5, 13.4068, 15.09472],
			"to": [9.5, 15.4068, 22.09472],
			"rotation": {"angle": -22.5, "axis": "x", "origin": [8, 14.9068, 18.09472]},
			"faces": {
				"east": {"uv": [12, 0, 12.75, 1.25], "rotation": 270, "texture": "#0"},
				"south": {"uv": [12, 0, 12.75, 0.75], "texture": "#0"},
				"west": {"uv": [12, 0, 12.75, 1.25], "rotation": 90, "texture": "#0"},
				"up": {"uv": [12, 0, 12.75, 1.25], "rotation": 180, "texture": "#0"},
				"down": {"uv": [12, 0, 12.75, 1.25], "texture": "#0"}
			}
		},
		{
			"from": [7.75, 1.79881, 18.72627],
			"to": [7.75, 15.79881, 22.72627],
			"rotation": {"angle": 45, "axis": "y", "origin": [8, 7.29881, 20.47627]},
			"faces": {
				"east": {"uv": [1, 8.25, 1.75, 11.75], "texture": "#0"},
				"west": {"uv": [1.75, 8.25, 1, 11.75], "texture": "#0"}
			}
		},
		{
			"from": [6, 1.79881, 20.72627],
			"to": [10, 15.79881, 20.72627],
			"rotation": {"angle": 45, "axis": "y", "origin": [8, 7.29881, 20.47627]},
			"faces": {
				"north": {"uv": [1, 8.5, 1.75, 11.75], "texture": "#0"},
				"south": {"uv": [1, 8.25, 1.75, 11.75], "texture": "#0"}
			}
		},
		{
			"from": [6.25, 8, 2.5],
			"to": [9.75, 11.5, 4.5],
			"rotation": {"angle": 22.5, "axis": "x", "origin": [8, 9.7, 3]},
			"faces": {
				"north": {"uv": [6.5, 9.5, 7.5, 10.5], "texture": "#0"},
				"east": {"uv": [6.5, 9.5, 6.75, 10.5], "texture": "#0"},
				"south": {"uv": [7.5, 9.5, 8.375, 10.375], "texture": "#0"},
				"west": {"uv": [7.25, 9.5, 7.5, 10.5], "texture": "#0"},
				"up": {"uv": [7.5, 9.5, 6.5, 9.75], "texture": "#0"},
				"down": {"uv": [6.5, 10.25, 7.5, 10.5], "texture": "#0"}
			}
		},
		{
			"from": [6, 11.8, 2.25],
			"to": [10, 7.8, 4.2],
			"rotation": {"angle": 22.5, "axis": "x", "origin": [8, 9.7, 3]},
			"faces": {
				"north": {"uv": [5.5, 9.5, 6.5, 10.5], "texture": "#0"},
				"east": {"uv": [5.5, 9.5, 6.0625, 10.5], "texture": "#0"},
				"south": {"uv": [5.5, 9.5, 6.5, 10.5], "texture": "#0"},
				"west": {"uv": [5.5, 9.5, 6.0625, 10.5], "texture": "#0"},
				"up": {"uv": [5.5, 9.5, 6.5, 10.0625], "texture": "#0"},
				"down": {"uv": [5.5, 9.5, 6.5, 10.0625], "texture": "#0"}
			}
		}
	],
	"display": {
		"thirdperson_righthand": {
			"rotation": [75, 45, 0],
			"translation": [0, 2.5, 0],
			"scale": [0.5, 0.5, 0.5]
		},
		"thirdperson_lefthand": {
			"rotation": [75, 45, 0],
			"translation": [0, 2.5, 0],
			"scale": [0.5, 0.5, 0.5]
		},
		"firstperson_righthand": {
			"rotation": [0, -90, 25],
			"translation": [1.13, 3.2, 1.13],
			"scale": [0.35, 0.35, 0.35]
		},
		"firstperson_lefthand": {
			"rotation": [0, -90, 25],
			"translation": [1.13, 3.2, 1.13],
			"scale": [0.35, 0.35, 0.35]
		},
		"ground": {
			"translation": [0, 2, 0],
			"scale": [0.5, 0.5, 0.5]
		},
		"gui": {
			"rotation": [30, 225, 0],
			"translation": [1, 0, 0],
			"scale": [0.6, 0.6, 0.6]
		},
		"head": {
			"rotation": [19, 0, 0],
			"translation": [0, 9.75, 1.75],
			"scale": [1.32, 1.32, 1.32]
		},
		"fixed": {
			"rotation": [-82, 180, 0],
			"translation": [0, 0, -13],
			"scale": [1.8, 1.8, 1.8]
		}
	}
}