{
	"credit": "Made by YSBB with Blockbench",
	"texture_size": [32, 32],
	"textures": {
		"1": "item/hat/117_1",
		"2": "item/hat/117",
		"particle": "item/hat/117_1"
	},
	"elements": [
		{
			"from": [0.73054, 1.61919, 1.68463],
			"to": [15.73054, 8.61919, 16.18463],
			"rotation": {"angle": -22.5, "axis": "z", "origin": [9.73054, 4.16919, 6.93463]},
			"faces": {
				"north": {"uv": [3.5, 0, 7.25, 2.25], "texture": "#1"},
				"east": {"uv": [3.5, 0, 7, 2.25], "texture": "#1"},
				"south": {"uv": [3.5, 0, 7.25, 2.25], "texture": "#1"},
				"west": {"uv": [3.5, 0, 7, 2.25], "texture": "#1"},
				"up": {"uv": [12.5, 12.25, 16, 16], "rotation": 270, "texture": "#1"},
				"down": {"uv": [3.75, 0, 7.25, 3.75], "rotation": 90, "texture": "#1"}
			}
		},
		{
			"from": [-1.4549, 0.3024, -0.06537],
			"to": [17.5451, 5.3024, 17.93463],
			"rotation": {"angle": 0, "axis": "y", "origin": [13, 8.25663, 6.93463]},
			"faces": {
				"north": {"uv": [0, 3.25, 4.75, 4.75], "texture": "#1"},
				"east": {"uv": [0, 3.25, 4.5, 4.75], "texture": "#1"},
				"south": {"uv": [0, 3.25, 4.75, 4.75], "texture": "#1"},
				"west": {"uv": [0, 3.25, 4.5, 4.75], "texture": "#1"},
				"up": {"uv": [12.5, 12.25, 16, 16], "rotation": 270, "texture": "#1"},
				"down": {"uv": [12.75, 12.25, 16, 16], "rotation": 90, "texture": "#1"}
			}
		},
		{
			"from": [15.79289, 9.08528, 2.93463],
			"to": [26.79289, 17.08528, 14.93463],
			"rotation": {"angle": -45, "axis": "z", "origin": [9.79289, 20.08528, 6.93463]},
			"faces": {
				"north": {"uv": [0, 0, 2.75, 2], "texture": "#1"},
				"east": {"uv": [8.25, 0, 11.25, 2], "texture": "#1"},
				"south": {"uv": [0, 0, 2.75, 2], "texture": "#1"},
				"west": {"uv": [3, 0, 0, 2], "texture": "#1"},
				"up": {"uv": [13, 6.5, 16, 9.25], "rotation": 270, "texture": "#1"},
				"down": {"uv": [0, 0, 3, 2.75], "rotation": 90, "texture": "#1"}
			}
		},
		{
			"from": [18, 4, 2],
			"to": [24, 9, 7],
			"rotation": {"angle": -22.5, "axis": "x", "origin": [17.5, 16.5, 4.5]},
			"faces": {
				"north": {"uv": [14.75, 0, 16, 1.25], "rotation": 270, "texture": "#1"},
				"east": {"uv": [14.75, 0, 16, 1.25], "rotation": 180, "texture": "#1"},
				"south": {"uv": [14.75, 0, 16, 1.25], "rotation": 90, "texture": "#1"},
				"west": {"uv": [14.75, 0, 16, 1.25], "rotation": 180, "texture": "#1"},
				"up": {"uv": [14.75, 0, 16, 1.25], "rotation": 90, "texture": "#1"},
				"down": {"uv": [14.75, 0, 16, 1.25], "texture": "#1"}
			}
		},
		{
			"from": [0, -11, -1],
			"to": [0, 21, 31],
			"rotation": {"angle": 45, "axis": "y", "origin": [-6, 5, 9], "rescale": true},
			"faces": {
				"north": {"uv": [0, 0, 0, 16], "texture": "#2"},
				"east": {"uv": [0, 0, 16, 16], "texture": "#2"},
				"south": {"uv": [0, 0, 0, 16], "texture": "#2"},
				"west": {"uv": [0, 0, 16, 16], "texture": "#2"},
				"up": {"uv": [0, 0, 0, 16], "texture": "#2"},
				"down": {"uv": [0, 0, 0, 16], "texture": "#2"}
			}
		},
		{
			"from": [0, -11, -13],
			"to": [0, 21, 19],
			"rotation": {"angle": -45, "axis": "y", "origin": [-6, 5, 9], "rescale": true},
			"faces": {
				"north": {"uv": [0, 0, 0, 16], "texture": "#2"},
				"east": {"uv": [0, 0, 16, 16], "texture": "#2"},
				"south": {"uv": [0, 0, 0, 16], "texture": "#2"},
				"west": {"uv": [0, 0, 16, 16], "texture": "#2"},
				"up": {"uv": [0, 0, 0, 16], "rotation": 180, "texture": "#2"},
				"down": {"uv": [0, 0, 0, 16], "rotation": 180, "texture": "#2"}
			}
		}
	],
	"gui_light": "front",
	"display": {
		"thirdperson_righthand": {
			"rotation": [75, 45, 0],
			"translation": [0, 2.5, 0],
			"scale": [0.5, 0.5, 0.5]
		},
		"thirdperson_lefthand": {
			"rotation": [75, 45, 0],
			"translation": [0, 2.5, 0],
			"scale": [0.5, 0.5, 0.5]
		},
		"firstperson_righthand": {
			"rotation": [0, -90, 25],
			"translation": [1.13, 3.2, 1.13],
			"scale": [0.35, 0.35, 0.35]
		},
		"firstperson_lefthand": {
			"rotation": [0, -90, 25],
			"translation": [1.13, 3.2, 1.13],
			"scale": [0.35, 0.35, 0.35]
		},
		"ground": {
			"translation": [0, 2, 0],
			"scale": [0.5, 0.5, 0.5]
		},
		"gui": {
			"rotation": [30, 225, 0],
			"translation": [0.25, 1.5, 0],
			"scale": [0.55, 0.55, 0.55]
		},
		"head": {
			"rotation": [0, 0, -24],
			"translation": [3.5, 9, -0.75],
			"scale": [1, 1, 1.12]
		},
		"fixed": {
			"rotation": [-90, 180, 0],
			"translation": [-0.25, 1.75, -12],
			"scale": [1.8, 1.8, 1.8]
		}
	},
	"groups": [
		{
			"name": "xidai",
			"origin": [8, 1.5, 8],
			"color": 0,
			"children": []
		},
		{
			"name": "group",
			"origin": [8, 1.5, 8],
			"color": 0,
			"children": []
		},
		{
			"name": "group",
			"origin": [8, 1.5, 8],
			"color": 0,
			"children": [
				{
					"name": "group",
					"origin": [8, 1.5, 8],
					"color": 0,
					"children": []
				}
			]
		},
		0,
		1,
		2,
		3,
		4,
		5
	]
}