{
	"credit": "Made by YSBB with Blockbench",
	"textures": {
		"1": "item/hat/118",
		"2": "item/hat/118_1",
		"3": "item/hat/118_2",
		"4": "item/hat/118_3",
		"5": "item/hat/118_4",
		"6": "item/hat/118_5",
		"particle": "item/hat/118"
	},
	"elements": [
		{
			"from": [0.5, 0, 1.5],
			"to": [7.5, 5, 8.5],
			"rotation": {"angle": 0, "axis": "y", "origin": [1, 0, -3]},
			"faces": {
				"north": {"uv": [3, 0, 5, 2], "texture": "#1"},
				"east": {"uv": [3, 0, 5, 2], "texture": "#1"},
				"south": {"uv": [3, 0, 5, 2], "texture": "#1"},
				"west": {"uv": [3, 0, 5, 2], "texture": "#1"},
				"up": {"uv": [3, 0, 5, 2], "texture": "#1"},
				"down": {"uv": [3, 0, 5, 2], "texture": "#1"}
			}
		},
		{
			"from": [0.75, 1, 1.75],
			"to": [7.25, 6.25, 8.25],
			"rotation": {"angle": 0, "axis": "y", "origin": [1, 0, -3]},
			"faces": {
				"north": {"uv": [3, 2, 5, 4], "texture": "#1"},
				"east": {"uv": [3, 2, 5, 4], "texture": "#1"},
				"south": {"uv": [3, 2, 5, 4], "texture": "#1"},
				"west": {"uv": [3, 2, 5, 4], "texture": "#1"},
				"up": {"uv": [3, 2, 5, 4], "texture": "#1"},
				"down": {"uv": [3, 2, 5, 4], "texture": "#1"}
			}
		},
		{
			"from": [1, 2, 2],
			"to": [7, 7.5, 8],
			"rotation": {"angle": 0, "axis": "y", "origin": [1, 0, -3]},
			"faces": {
				"north": {"uv": [3, 4, 5, 6], "texture": "#1"},
				"east": {"uv": [3, 4, 5, 6], "texture": "#1"},
				"south": {"uv": [3, 4, 5, 6], "texture": "#1"},
				"west": {"uv": [3, 4, 5, 6], "texture": "#1"},
				"up": {"uv": [3, 4, 5, 6], "texture": "#1"},
				"down": {"uv": [3, 4, 5, 6], "texture": "#1"}
			}
		},
		{
			"from": [1.25, 3.5, 2.25],
			"to": [6.75, 9.25, 7.75],
			"rotation": {"angle": 0, "axis": "y", "origin": [1, 0, -3]},
			"faces": {
				"north": {"uv": [3, 6, 5, 8], "texture": "#1"},
				"east": {"uv": [3, 6, 5, 8], "texture": "#1"},
				"south": {"uv": [3, 6, 5, 8], "texture": "#1"},
				"west": {"uv": [3, 6, 5, 8], "texture": "#1"},
				"up": {"uv": [3, 6, 5, 8], "texture": "#1"},
				"down": {"uv": [3, 6, 5, 8], "texture": "#1"}
			}
		},
		{
			"from": [1, 6, 2],
			"to": [7, 11.5, 8],
			"rotation": {"angle": 0, "axis": "y", "origin": [1, 0, -3]},
			"faces": {
				"north": {"uv": [3, 10, 5, 12], "texture": "#1"},
				"east": {"uv": [3, 10, 5, 12], "texture": "#1"},
				"south": {"uv": [3, 10, 5, 12], "texture": "#1"},
				"west": {"uv": [3, 10, 5, 12], "texture": "#1"},
				"up": {"uv": [3, 10, 5, 12], "texture": "#1"},
				"down": {"uv": [3, 10, 5, 12], "texture": "#1"}
			}
		},
		{
			"from": [0.75, 7, 1.75],
			"to": [7.25, 12.25, 8.25],
			"rotation": {"angle": 0, "axis": "y", "origin": [1, 0, -3]},
			"faces": {
				"north": {"uv": [3, 12, 5, 14], "texture": "#1"},
				"east": {"uv": [3, 12, 5, 14], "texture": "#1"},
				"south": {"uv": [3, 12, 5, 14], "texture": "#1"},
				"west": {"uv": [3, 12, 5, 14], "texture": "#1"},
				"up": {"uv": [3, 12, 5, 14], "texture": "#1"},
				"down": {"uv": [3, 12, 5, 14], "texture": "#1"}
			}
		},
		{
			"from": [0.5, 8, 1.5],
			"to": [7.5, 13, 8.5],
			"rotation": {"angle": 0, "axis": "y", "origin": [1, 0, -3]},
			"faces": {
				"north": {"uv": [3, 14, 5, 16], "texture": "#1"},
				"east": {"uv": [3, 14, 5, 16], "texture": "#1"},
				"south": {"uv": [3, 14, 5, 16], "texture": "#1"},
				"west": {"uv": [3, 14, 5, 16], "texture": "#1"},
				"up": {"uv": [3, 14, 5, 16], "texture": "#1"},
				"down": {"uv": [3, 14, 5, 16], "texture": "#1"}
			}
		},
		{
			"from": [1.25, 5, 2.25],
			"to": [6.75, 10.75, 7.75],
			"rotation": {"angle": 0, "axis": "y", "origin": [1, 0, -3]},
			"faces": {
				"north": {"uv": [3, 8, 5, 10], "texture": "#1"},
				"east": {"uv": [3, 8, 5, 10], "texture": "#1"},
				"south": {"uv": [3, 8, 5, 10], "texture": "#1"},
				"west": {"uv": [3, 8, 5, 10], "texture": "#1"},
				"up": {"uv": [3, 8, 5, 10], "texture": "#1"},
				"down": {"uv": [3, 8, 5, 10], "texture": "#1"}
			}
		},
		{
			"from": [-0.001, -9.201, -0.001],
			"to": [16.001, -0.199, 15.001],
			"faces": {
				"east": {"uv": [0, 16, 16, 7], "texture": "#4"},
				"south": {"uv": [0, 0, 16, 9], "texture": "#4"},
				"west": {"uv": [0, 16, 16, 7], "texture": "#4"}
			}
		},
		{
			"from": [-1, -10, -0.01],
			"to": [15, -1, -0.01],
			"faces": {
				"north": {"uv": [0, 0, 16, 9], "texture": "#4"}
			}
		},
		{
			"from": [0, -3, 0],
			"to": [16, -0.2, 15],
			"faces": {
				"north": {"uv": [0, 0, 15.8, 2.8], "texture": "#5"},
				"east": {"uv": [0, 2.8, 15.8, 0], "texture": "#5"},
				"south": {"uv": [0, 0, 15.8, 2.8], "texture": "#5"},
				"west": {"uv": [0, 2.8, 15.8, 0], "texture": "#5"},
				"up": {"uv": [0, 0, 16, 16], "texture": "#5"},
				"down": {"uv": [0, 0, 15.8, 15.8], "texture": "#5"}
			}
		},
		{
			"from": [6.25, 3.6, 7.25],
			"to": [9.75, 7.35, 10.75],
			"rotation": {"angle": 45, "axis": "y", "origin": [12, 6.5, 10]},
			"faces": {
				"north": {"uv": [3, 8, 5, 10], "texture": "#2"},
				"east": {"uv": [3, 8, 5, 10], "texture": "#2"},
				"south": {"uv": [3, 8, 5, 10], "texture": "#2"},
				"west": {"uv": [3, 8, 5, 10], "texture": "#2"},
				"up": {"uv": [3, 8, 5, 10], "texture": "#2"},
				"down": {"uv": [3, 8, 5, 10], "texture": "#2"}
			}
		},
		{
			"from": [5.5, 6, 6.5],
			"to": [10.5, 9, 11.5],
			"rotation": {"angle": 45, "axis": "y", "origin": [12, 6.5, 10]},
			"faces": {
				"north": {"uv": [3, 14, 5, 16], "texture": "#2"},
				"east": {"uv": [3, 14, 5, 16], "texture": "#2"},
				"south": {"uv": [3, 14, 5, 16], "texture": "#2"},
				"west": {"uv": [3, 14, 5, 16], "texture": "#2"},
				"up": {"uv": [3, 14, 5, 16], "texture": "#2"},
				"down": {"uv": [3, 14, 5, 16], "texture": "#2"}
			}
		},
		{
			"from": [5.75, 6, 6.75],
			"to": [10.25, 9.25, 11.25],
			"rotation": {"angle": 45, "axis": "y", "origin": [12, 6.5, 10]},
			"faces": {
				"north": {"uv": [3, 12, 5, 14], "texture": "#2"},
				"east": {"uv": [3, 12, 5, 14], "texture": "#2"},
				"south": {"uv": [3, 12, 5, 14], "texture": "#2"},
				"west": {"uv": [3, 12, 5, 14], "texture": "#2"},
				"up": {"uv": [3, 12, 5, 14], "texture": "#2"},
				"down": {"uv": [3, 12, 5, 14], "texture": "#2"}
			}
		},
		{
			"from": [6, 5, 7],
			"to": [10, 8.5, 11],
			"rotation": {"angle": 45, "axis": "y", "origin": [12, 6.5, 10]},
			"faces": {
				"north": {"uv": [3, 10, 5, 12], "texture": "#2"},
				"east": {"uv": [3, 10, 5, 12], "texture": "#2"},
				"south": {"uv": [3, 10, 5, 12], "texture": "#2"},
				"west": {"uv": [3, 10, 5, 12], "texture": "#2"},
				"up": {"uv": [3, 10, 5, 12], "texture": "#2"},
				"down": {"uv": [3, 10, 5, 12], "texture": "#2"}
			}
		},
		{
			"from": [6.25, 2.5, 7.25],
			"to": [9.75, 6.25, 10.75],
			"rotation": {"angle": 45, "axis": "y", "origin": [12, 6.5, 10]},
			"faces": {
				"north": {"uv": [3, 6, 5, 8], "texture": "#2"},
				"east": {"uv": [3, 6, 5, 8], "texture": "#2"},
				"south": {"uv": [3, 6, 5, 8], "texture": "#2"},
				"west": {"uv": [3, 6, 5, 8], "texture": "#2"},
				"up": {"uv": [3, 6, 5, 8], "texture": "#2"},
				"down": {"uv": [3, 6, 5, 8], "texture": "#2"}
			}
		},
		{
			"from": [6, 1.25, 7],
			"to": [10, 4.75, 11],
			"rotation": {"angle": 45, "axis": "y", "origin": [12, 6.5, 10]},
			"faces": {
				"north": {"uv": [3, 4, 5, 6], "texture": "#2"},
				"east": {"uv": [3, 4, 5, 6], "texture": "#2"},
				"south": {"uv": [3, 4, 5, 6], "texture": "#2"},
				"west": {"uv": [3, 4, 5, 6], "texture": "#2"},
				"up": {"uv": [3, 4, 5, 6], "texture": "#2"},
				"down": {"uv": [3, 4, 5, 6], "texture": "#2"}
			}
		},
		{
			"from": [5.75, 0.75, 6.75],
			"to": [10.25, 4, 11.25],
			"rotation": {"angle": 45, "axis": "y", "origin": [12, 6.5, 10]},
			"faces": {
				"north": {"uv": [3, 2, 5, 4], "texture": "#2"},
				"east": {"uv": [3, 2, 5, 4], "texture": "#2"},
				"south": {"uv": [3, 2, 5, 4], "texture": "#2"},
				"west": {"uv": [3, 2, 5, 4], "texture": "#2"},
				"up": {"uv": [3, 2, 5, 4], "texture": "#2"},
				"down": {"uv": [3, 2, 5, 4], "texture": "#2"}
			}
		},
		{
			"from": [5.5, 0, 6.5],
			"to": [10.5, 3, 11.5],
			"rotation": {"angle": 45, "axis": "y", "origin": [12, 6.5, 10]},
			"faces": {
				"north": {"uv": [3, 0, 5, 2], "texture": "#2"},
				"east": {"uv": [3, 0, 5, 2], "texture": "#2"},
				"south": {"uv": [3, 0, 5, 2], "texture": "#2"},
				"west": {"uv": [3, 0, 5, 2], "texture": "#2"},
				"up": {"uv": [3, 0, 5, 2], "texture": "#2"},
				"down": {"uv": [3, 0, 5, 2], "texture": "#2"}
			}
		},
		{
			"from": [9.90685, 3.6, 1.59315],
			"to": [13.40685, 7.35, 5.09315],
			"rotation": {"angle": 22.5, "axis": "y", "origin": [17.65685, 4.5625, 4.34315]},
			"faces": {
				"north": {"uv": [3, 8, 5, 10], "texture": "#3"},
				"east": {"uv": [3, 8, 5, 10], "texture": "#3"},
				"south": {"uv": [3, 8, 5, 10], "texture": "#3"},
				"west": {"uv": [3, 8, 5, 10], "texture": "#3"},
				"up": {"uv": [3, 8, 5, 10], "rotation": 270, "texture": "#3"},
				"down": {"uv": [3, 8, 5, 10], "rotation": 90, "texture": "#3"}
			}
		},
		{
			"from": [9.15685, 6, 0.84315],
			"to": [14.15685, 9, 5.84315],
			"rotation": {"angle": 22.5, "axis": "y", "origin": [17.65685, 4.5625, 4.34315]},
			"faces": {
				"north": {"uv": [3, 14, 5, 16], "texture": "#3"},
				"east": {"uv": [3, 14, 5, 16], "texture": "#3"},
				"south": {"uv": [3, 14, 5, 16], "texture": "#3"},
				"west": {"uv": [3, 14, 5, 16], "texture": "#3"},
				"up": {"uv": [3, 14, 5, 16], "rotation": 270, "texture": "#3"},
				"down": {"uv": [3, 14, 5, 16], "rotation": 90, "texture": "#3"}
			}
		},
		{
			"from": [9.40685, 6, 1.09315],
			"to": [13.90685, 9.25, 5.59315],
			"rotation": {"angle": 22.5, "axis": "y", "origin": [17.65685, 4.5625, 4.34315]},
			"faces": {
				"north": {"uv": [3, 12, 5, 14], "texture": "#3"},
				"east": {"uv": [3, 12, 5, 14], "texture": "#3"},
				"south": {"uv": [3, 12, 5, 14], "texture": "#3"},
				"west": {"uv": [3, 12, 5, 14], "texture": "#3"},
				"up": {"uv": [3, 12, 5, 14], "rotation": 270, "texture": "#3"},
				"down": {"uv": [3, 12, 5, 14], "rotation": 90, "texture": "#3"}
			}
		},
		{
			"from": [9.65685, 5, 1.34315],
			"to": [13.65685, 8.5, 5.34315],
			"rotation": {"angle": 22.5, "axis": "y", "origin": [17.65685, 4.5625, 4.34315]},
			"faces": {
				"north": {"uv": [3, 10, 5, 12], "texture": "#3"},
				"east": {"uv": [3, 10, 5, 12], "texture": "#3"},
				"south": {"uv": [3, 10, 5, 12], "texture": "#3"},
				"west": {"uv": [3, 10, 5, 12], "texture": "#3"},
				"up": {"uv": [3, 10, 5, 12], "rotation": 270, "texture": "#3"},
				"down": {"uv": [3, 10, 5, 12], "rotation": 90, "texture": "#3"}
			}
		},
		{
			"from": [9.90685, 2.5, 1.59315],
			"to": [13.40685, 6.25, 5.09315],
			"rotation": {"angle": 22.5, "axis": "y", "origin": [17.65685, 4.5625, 4.34315]},
			"faces": {
				"north": {"uv": [3, 6, 5, 8], "texture": "#3"},
				"east": {"uv": [3, 6, 5, 8], "texture": "#3"},
				"south": {"uv": [3, 6, 5, 8], "texture": "#3"},
				"west": {"uv": [3, 6, 5, 8], "texture": "#3"},
				"up": {"uv": [3, 6, 5, 8], "rotation": 270, "texture": "#3"},
				"down": {"uv": [3, 6, 5, 8], "rotation": 90, "texture": "#3"}
			}
		},
		{
			"from": [9.65685, 1.25, 1.34315],
			"to": [13.65685, 4.75, 5.34315],
			"rotation": {"angle": 22.5, "axis": "y", "origin": [17.65685, 4.5625, 4.34315]},
			"faces": {
				"north": {"uv": [3, 4, 5, 6], "texture": "#3"},
				"east": {"uv": [3, 4, 5, 6], "texture": "#3"},
				"south": {"uv": [3, 4, 5, 6], "texture": "#3"},
				"west": {"uv": [3, 4, 5, 6], "texture": "#3"},
				"up": {"uv": [3, 4, 5, 6], "rotation": 270, "texture": "#3"},
				"down": {"uv": [3, 4, 5, 6], "rotation": 90, "texture": "#3"}
			}
		},
		{
			"from": [9.40685, 0.75, 1.09315],
			"to": [13.90685, 4, 5.59315],
			"rotation": {"angle": 22.5, "axis": "y", "origin": [17.65685, 4.5625, 4.34315]},
			"faces": {
				"north": {"uv": [3, 2, 5, 4], "texture": "#3"},
				"east": {"uv": [3, 2, 5, 4], "texture": "#3"},
				"south": {"uv": [3, 2, 5, 4], "texture": "#3"},
				"west": {"uv": [3, 2, 5, 4], "texture": "#3"},
				"up": {"uv": [3, 2, 5, 4], "rotation": 270, "texture": "#3"},
				"down": {"uv": [3, 2, 5, 4], "rotation": 90, "texture": "#3"}
			}
		},
		{
			"from": [9.15685, 0, 0.84315],
			"to": [14.15685, 3, 5.84315],
			"rotation": {"angle": 22.5, "axis": "y", "origin": [17.65685, 4.5625, 4.34315]},
			"faces": {
				"north": {"uv": [3, 0, 5, 2], "texture": "#3"},
				"east": {"uv": [3, 0, 5, 2], "texture": "#3"},
				"south": {"uv": [3, 0, 5, 2], "texture": "#3"},
				"west": {"uv": [3, 0, 5, 2], "texture": "#3"},
				"up": {"uv": [3, 0, 5, 2], "rotation": 270, "texture": "#3"},
				"down": {"uv": [3, 0, 5, 2], "rotation": 90, "texture": "#3"}
			}
		},
		{
			"from": [9, -4, 1],
			"to": [17, 4, 1],
			"faces": {
				"north": {"uv": [0, 0, 8, 8], "texture": "#6"},
				"south": {"uv": [0, 0, 8, 8], "texture": "#6"}
			}
		},
		{
			"from": [-5.5, -9.25, 5],
			"to": [3.5, -0.25, 8],
			"faces": {
				"north": {"uv": [0, 0, 9, 9], "texture": "#6"},
				"south": {"uv": [0, 0, 9, 9], "texture": "#6"}
			}
		},
		{
			"from": [6.25, 1.25, 9.25],
			"to": [11.75, 6.75, 6.75],
			"faces": {
				"north": {"uv": [0, 0, 8, 8], "texture": "#6"},
				"south": {"uv": [0, 0, 8, 8], "texture": "#6"}
			}
		},
		{
			"from": [-0.5, -3, 13.5],
			"to": [7.5, 5, 13.5],
			"rotation": {"angle": 0, "axis": "y", "origin": [1.5, 0, 14]},
			"faces": {
				"north": {"uv": [8, 5, 16, 13], "texture": "#6"},
				"south": {"uv": [8, 5, 16, 13], "texture": "#6"}
			}
		},
		{
			"from": [-2, -10.5, 11],
			"to": [4, -4.5, 8],
			"rotation": {"angle": 0, "axis": "y", "origin": [1.5, 0, 14]},
			"faces": {
				"north": {"uv": [8, 3, 16, 11], "texture": "#6"},
				"south": {"uv": [8, 3, 16, 11], "texture": "#6"}
			}
		},
		{
			"from": [9.25, 0.25, 15.25],
			"to": [15.75, 6.75, 13.75],
			"rotation": {"angle": 0, "axis": "y", "origin": [1.5, 0, 14]},
			"faces": {
				"north": {"uv": [8, 5, 16, 13], "texture": "#6"},
				"south": {"uv": [8, 5, 16, 13], "texture": "#6"}
			}
		},
		{
			"from": [0.75, -2.75, 5.75],
			"to": [6.25, 2.75, 3.25],
			"rotation": {"angle": 0, "axis": "y", "origin": [1.5, 0, 14]},
			"faces": {
				"north": {"uv": [8, 5, 16, 13], "texture": "#6"},
				"south": {"uv": [8, 5, 16, 13], "texture": "#6"}
			}
		},
		{
			"from": [1, -6, -0.01],
			"to": [3, -2, -0.01],
			"faces": {
				"north": {"uv": [3, 3, 5, 7], "texture": "#4"}
			}
		}
	],
	"gui_light": "front",
	"display": {
		"thirdperson_righthand": {
			"rotation": [75, 45, 0],
			"translation": [0, 2.5, 0],
			"scale": [0.5, 0.5, 0.5]
		},
		"thirdperson_lefthand": {
			"rotation": [75, 45, 0],
			"translation": [0, 2.5, 0],
			"scale": [0.5, 0.5, 0.5]
		},
		"firstperson_righthand": {
			"rotation": [0, -90, 25],
			"translation": [1.13, 3.2, 1.13],
			"scale": [0.35, 0.35, 0.35]
		},
		"firstperson_lefthand": {
			"rotation": [0, -90, 25],
			"translation": [1.13, 3.2, 1.13],
			"scale": [0.35, 0.35, 0.35]
		},
		"ground": {
			"translation": [0, 2, 0],
			"scale": [0.5, 0.5, 0.5]
		},
		"gui": {
			"rotation": [30, 225, 0],
			"translation": [0, 4.75, 0],
			"scale": [0.7, 0.7, 0.7]
		},
		"head": {
			"translation": [0.25, 16.5, 0.5]
		},
		"fixed": {
			"rotation": [-90, 0, 0],
			"translation": [0.25, -0.25, -20],
			"scale": [2.05, 2.05, 2.05]
		}
	},
	"groups": [
		{
			"name": "group",
			"origin": [1, 0, -3],
			"color": 0,
			"children": [0, 1, 2, 3, 4, 5, 6, 7, 8, 9, 10]
		},
		{
			"name": "group",
			"origin": [12, 6.5, 10],
			"color": 0,
			"children": [11, 12, 13, 14, 15, 16, 17, 18]
		},
		{
			"name": "group",
			"origin": [17.65685, 4.5625, 4.34315],
			"color": 0,
			"children": [19, 20, 21, 22, 23, 24, 25, 26]
		},
		27,
		28,
		29,
		30,
		31,
		32,
		33,
		34
	]
}