{
	"credit": "Made by YSBB with Blockbench",
	"texture_size": [32, 32],
	"textures": {
		"0": "item/hat/119",
		"particle": "item/hat/119"
	},
	"elements": [
		{
			"from": [0, 0, 0],
			"to": [16, 3, 16],
			"faces": {
				"north": {"uv": [0, 0, 8, 1.5], "texture": "#0"},
				"east": {"uv": [0, 0, 8, 1.5], "texture": "#0"},
				"south": {"uv": [0, 0, 8, 1.5], "texture": "#0"},
				"west": {"uv": [0, 0, 8, 1.5], "texture": "#0"},
				"up": {"uv": [0, 0, 8, 8], "texture": "#0"},
				"down": {"uv": [0, 1, 0.5, 1.5], "texture": "#0"}
			}
		},
		{
			"from": [1, 9, 1],
			"to": [15, 12, 15],
			"rotation": {"angle": 0, "axis": "y", "origin": [0, 9, 0]},
			"faces": {
				"north": {"uv": [14.5, 2, 16, 9], "rotation": 90, "texture": "#0"},
				"east": {"uv": [14.5, 2, 16, 9], "rotation": 90, "texture": "#0"},
				"south": {"uv": [14.5, 2, 16, 9], "rotation": 90, "texture": "#0"},
				"west": {"uv": [14.5, 2, 16, 9], "rotation": 90, "texture": "#0"},
				"up": {"uv": [9, 9, 16, 16], "texture": "#0"},
				"down": {"uv": [0, 0, 7, 7], "texture": "#0"}
			}
		},
		{
			"from": [6, 12, 6],
			"to": [10, 14, 10],
			"rotation": {"angle": 0, "axis": "y", "origin": [0, 12, 0]},
			"faces": {
				"north": {"uv": [0, 0, 2, 1], "texture": "#0"},
				"east": {"uv": [0, 0, 2, 1], "texture": "#0"},
				"south": {"uv": [0, 0, 2, 1], "texture": "#0"},
				"west": {"uv": [0, 0, 2, 1], "texture": "#0"},
				"up": {"uv": [0, 0, 2, 2], "texture": "#0"},
				"down": {"uv": [0, 0, 2, 2], "texture": "#0"}
			}
		},
		{
			"from": [7, 14, 7],
			"to": [9, 16, 9],
			"rotation": {"angle": 0, "axis": "y", "origin": [0, 15, 0]},
			"faces": {
				"north": {"uv": [0, 0, 1, 1], "texture": "#0"},
				"east": {"uv": [0, 0, 1, 1], "texture": "#0"},
				"south": {"uv": [0, 0, 1, 1], "texture": "#0"},
				"west": {"uv": [0, 0, 1, 1], "texture": "#0"},
				"up": {"uv": [0, 0, 1, 1], "texture": "#0"},
				"down": {"uv": [0, 0, 1, 1], "texture": "#0"}
			}
		},
		{
			"from": [7.5, 16, 7.5],
			"to": [8.5, 27, 8.5],
			"rotation": {"angle": 0, "axis": "y", "origin": [0, 16, 0]},
			"faces": {
				"north": {"uv": [10, 1, 9.5, 6.5], "texture": "#0"},
				"east": {"uv": [10, 1, 9.5, 6.5], "texture": "#0"},
				"south": {"uv": [10, 1, 9.5, 6.5], "texture": "#0"},
				"west": {"uv": [10, 1, 9.5, 6.5], "texture": "#0"},
				"up": {"uv": [10, 1, 9.5, 1.5], "texture": "#0"},
				"down": {"uv": [10, 1, 9.5, 1.5], "texture": "#0"}
			}
		},
		{
			"from": [-1, 3, -1],
			"to": [17, 9, 17],
			"rotation": {"angle": 0, "axis": "y", "origin": [0, 3, 0]},
			"faces": {
				"north": {"uv": [0, 2, 9, 5], "texture": "#0"},
				"east": {"uv": [0, 2, 9, 5], "texture": "#0"},
				"south": {"uv": [0, 2, 9, 5], "texture": "#0"},
				"west": {"uv": [0, 2, 9, 5], "texture": "#0"},
				"up": {"uv": [0, 5.5, 9, 14.5], "texture": "#0"},
				"down": {"uv": [0, 4, 1, 5], "texture": "#0"}
			}
		},
		{
			"from": [6, 0, -2],
			"to": [10, 4, 0],
			"rotation": {"angle": 0, "axis": "y", "origin": [7, 0, -2]},
			"faces": {
				"north": {"uv": [12.5, 0, 14.5, 2], "texture": "#0"},
				"east": {"uv": [12.5, 0, 13.5, 2], "texture": "#0"},
				"south": {"uv": [0, 0, 2, 2], "texture": "#0"},
				"west": {"uv": [12.5, 0, 13.5, 2], "texture": "#0"},
				"up": {"uv": [12.5, 0, 14.5, 1], "texture": "#0"},
				"down": {"uv": [12.5, 1, 14.5, 2], "texture": "#0"}
			}
		},
		{
			"from": [7, 3, -1.75],
			"to": [9, 6, -1.75],
			"rotation": {"angle": -22.5, "axis": "x", "origin": [8, 5, -1.75]},
			"faces": {
				"north": {"uv": [10.5, 4, 11.5, 5.5], "texture": "#0"},
				"south": {"uv": [10.5, 4, 11.75, 5.5], "texture": "#0"}
			}
		},
		{
			"from": [7, 5.92388, -2.13268],
			"to": [9, 8.92388, -2.13268],
			"rotation": {"angle": 0, "axis": "x", "origin": [8, 8.42388, -2.13268]},
			"faces": {
				"north": {"uv": [10.5, 1.5, 11.5, 3], "texture": "#0"},
				"south": {"uv": [10.5, 1.5, 11.75, 3], "texture": "#0"}
			}
		},
		{
			"from": [7, 8.48454, -1.07202],
			"to": [9, 12.98454, -1.07202],
			"rotation": {"angle": 45, "axis": "x", "origin": [8, 9.98454, -1.07202]},
			"faces": {
				"north": {"uv": [10.5, 0, 11.5, 2.25], "texture": "#0"},
				"south": {"uv": [10.5, 0, 11.75, 2.25], "texture": "#0"}
			}
		}
	],
	"gui_light": "front",
	"display": {
		"thirdperson_righthand": {
			"rotation": [75, 45, 0],
			"translation": [0, 2.5, 0],
			"scale": [0.5, 0.5, 0.5]
		},
		"thirdperson_lefthand": {
			"rotation": [75, 45, 0],
			"translation": [0, 2.5, 0],
			"scale": [0.5, 0.5, 0.5]
		},
		"firstperson_righthand": {
			"rotation": [0, -90, 25],
			"translation": [1.13, 3.2, 1.13],
			"scale": [0.35, 0.35, 0.35]
		},
		"firstperson_lefthand": {
			"rotation": [0, -90, 25],
			"translation": [1.13, 3.2, 1.13],
			"scale": [0.35, 0.35, 0.35]
		},
		"ground": {
			"translation": [0, 2, 0],
			"scale": [0.5, 0.5, 0.5]
		},
		"gui": {
			"rotation": [30, 225, 0],
			"scale": [0.63, 0.63, 0.63]
		},
		"head": {
			"translation": [0.25, 9.25, 0.5]
		},
		"fixed": {
			"rotation": [-90, 0, 0],
			"translation": [0, 0, -12.5],
			"scale": [1.8, 1.8, 1.8]
		}
	}
}