{
	"credit": "Made by YSBB with Blockbench",
	"texture_size": [32, 32],
	"textures": {
		"0": "item/hat/120",
		"particle": "item/hat/120"
	},
	"elements": [
		{
			"from": [1.5, 0, 1.5],
			"to": [14.5, 8, 14.5],
			"rotation": {"angle": 0, "axis": "y", "origin": [1.5, -3, 1.5]},
			"faces": {
				"north": {"uv": [6.5, 4.5, 0, 8.5], "texture": "#0"},
				"east": {"uv": [0, 0, 6.5, 4], "texture": "#0"},
				"south": {"uv": [0, 4.5, 6.5, 8.5], "texture": "#0"},
				"west": {"uv": [7, 0, 13.5, 4], "texture": "#0"},
				"up": {"uv": [14, 5, 16, 7], "texture": "#0"},
				"down": {"uv": [9, 9, 15.5, 15.5], "texture": "#0"}
			}
		},
		{
			"from": [-1.3, 4.25, 0.5],
			"to": [14.2, 9.5, 15.5],
			"rotation": {"angle": 22.5, "axis": "z", "origin": [6.95, 8.25, 8]},
			"faces": {
				"north": {"uv": [0, 12, 8, 16], "texture": "#0"},
				"east": {"uv": [0, 12, 7.5, 16], "texture": "#0"},
				"south": {"uv": [0, 12, 8, 16], "texture": "#0"},
				"west": {"uv": [0, 12, 7.5, 16], "texture": "#0"},
				"up": {"uv": [8, 8.5, 16, 16], "texture": "#0"},
				"down": {"uv": [0, 8.5, 8, 16], "texture": "#0"}
			}
		}
	],
	"gui_light": "front",
	"display": {
		"thirdperson_righthand": {
			"rotation": [75, 45, 0],
			"translation": [0, 2.5, 0],
			"scale": [0.5, 0.5, 0.5]
		},
		"thirdperson_lefthand": {
			"rotation": [75, 45, 0],
			"translation": [0, 2.5, 0],
			"scale": [0.5, 0.5, 0.5]
		},
		"firstperson_righthand": {
			"rotation": [0, -90, 25],
			"translation": [1.13, 3.2, 1.13],
			"scale": [0.35, 0.35, 0.35]
		},
		"firstperson_lefthand": {
			"rotation": [0, -90, 25],
			"translation": [1.13, 3.2, 1.13],
			"scale": [0.35, 0.35, 0.35]
		},
		"ground": {
			"translation": [0, 2, 0],
			"scale": [0.5, 0.5, 0.5]
		},
		"gui": {
			"rotation": [30, 225, 0],
			"translation": [-0.5, 2, 0],
			"scale": [0.7, 0.7, 0.7]
		},
		"head": {
			"translation": [0, 11.5, 0],
			"scale": [1.2, 1.2, 1.2]
		},
		"fixed": {
			"rotation": [-90, 0, 0],
			"translation": [0, 0, -12.75],
			"scale": [1.8, 1.8, 1.8]
		}
	}
}