{
	"credit": "Made by YSBB with Blockbench",
	"texture_size": [32, 32],
	"textures": {
		"0": "item/hat/121",
		"particle": "item/hat/121"
	},
	"elements": [
		{
			"from": [2, 1, 2],
			"to": [14, 10, 14],
			"faces": {
				"north": {"uv": [6.5, 0, 12.5, 4.5], "texture": "#0"},
				"east": {"uv": [6.5, 0, 12.5, 4.5], "texture": "#0"},
				"south": {"uv": [6.5, 0, 12.5, 4.5], "texture": "#0"},
				"west": {"uv": [6.5, 0, 12.5, 4.5], "texture": "#0"},
				"up": {"uv": [0, 0, 6, 6], "texture": "#0"},
				"down": {"uv": [0, 0, 6, 6], "texture": "#0"}
			}
		},
		{
			"from": [0, 0, 0],
			"to": [16, 1, 16],
			"faces": {
				"north": {"uv": [0, 7, 8, 7.5], "texture": "#0"},
				"east": {"uv": [0, 9.5, 8, 10], "texture": "#0"},
				"south": {"uv": [0, 7, 8, 7.5], "texture": "#0"},
				"west": {"uv": [0, 9.5, 8, 10], "texture": "#0"},
				"up": {"uv": [0, 8, 8, 16], "texture": "#0"},
				"down": {"uv": [0, 8, 8, 16], "texture": "#0"}
			}
		},
		{
			"from": [0, 1, 0],
			"to": [1, 2, 16],
			"faces": {
				"north": {"uv": [0, 8, 0.5, 8.5], "texture": "#0"},
				"east": {"uv": [0, 8, 8, 8.5], "texture": "#0"},
				"south": {"uv": [0, 8, 0.5, 8.5], "texture": "#0"},
				"west": {"uv": [8, 15.5, 16, 16], "texture": "#0"},
				"up": {"uv": [0, 8, 0.5, 16], "texture": "#0"},
				"down": {"uv": [0, 8, 0.5, 16], "texture": "#0"}
			}
		},
		{
			"from": [15, 1, 0],
			"to": [16, 2, 16],
			"faces": {
				"north": {"uv": [0, 8, 0.5, 8.5], "texture": "#0"},
				"east": {"uv": [8, 15.5, 16, 16], "texture": "#0"},
				"south": {"uv": [0, 8, 0.5, 8.5], "texture": "#0"},
				"west": {"uv": [0, 8, 8, 8.5], "texture": "#0"},
				"up": {"uv": [0, 8, 0.5, 16], "texture": "#0"},
				"down": {"uv": [0, 8, 0.5, 16], "texture": "#0"}
			}
		}
	],
	"gui_light": "front",
	"display": {
		"thirdperson_righthand": {
			"rotation": [75, 45, 0],
			"translation": [0, 2.5, 0],
			"scale": [0.5, 0.5, 0.5]
		},
		"thirdperson_lefthand": {
			"rotation": [75, 45, 0],
			"translation": [0, 2.5, 0],
			"scale": [0.5, 0.5, 0.5]
		},
		"firstperson_righthand": {
			"rotation": [0, -90, 25],
			"translation": [1.13, 3.2, 1.13],
			"scale": [0.35, 0.35, 0.35]
		},
		"firstperson_lefthand": {
			"rotation": [0, -90, 25],
			"translation": [1.13, 3.2, 1.13],
			"scale": [0.35, 0.35, 0.35]
		},
		"ground": {
			"translation": [0, 2, 0],
			"scale": [0.5, 0.5, 0.5]
		},
		"gui": {
			"rotation": [30, 225, 0],
			"translation": [0, 1.5, 0],
			"scale": [0.7, 0.7, 0.7]
		},
		"head": {
			"translation": [0.25, 11.75, 0.25],
			"scale": [1.25, 1.25, 1.25]
		},
		"fixed": {
			"rotation": [-90, 0, 0],
			"translation": [0, 0, -12.75],
			"scale": [1.8, 1.8, 1.8]
		}
	}
}