{
  "parent": "moxing:block/1/4",
  "criteria": {"ysbb": {"trigger": "minecraft:inventory_changed","conditions": {"items": [{"items": ["minecraft:structure_block"],"count": {"min": 1,"max": 1}}]}}},

  "display": {
    "announce_to_chat": false,
    "description": {
      "translate": "茶壶原料:铜块\n§7右键切换形态\n§a茶杯原料:花盆"
    },
    "icon": {
      "count": 1,
      "id": "minecraft:cow_spawn_egg",
      "components": {
        "minecraft:custom_model_data":145}
    },
    "show_toast": false,
    "title": {
      "translate": "茶壶/茶杯        "
    }
}
}