{
  "parent": "moxing:block/1/5",
  "criteria": {"ysbb": {"trigger": "minecraft:inventory_changed","conditions": {"items": [{"items": ["minecraft:structure_block"],"count": {"min": 1,"max": 1}}]}}},

  "display": {
    "frame":"challenge",
    "announce_to_chat": false,
    "description": {
      "translate": "§a原料:去皮原木\n§7木椅:右键坐下\n其他:右键切换形态"
    },
    "icon": {
      "count": 1,
      "id": "minecraft:cow_spawn_egg",
      "components": {
        "minecraft:custom_model_data":180}
    },
    "show_toast": false,
    "title": {
      "translate": "基础家具系列"
    }
}
}