{
  "parent": "moxing:other/3",
  "criteria": {"ysbb": {"trigger": "minecraft:inventory_changed","conditions": {"items": [{"items": ["minecraft:structure_block"],"count": {"min": 1,"max": 1}}]}}},

  "display": {
    "announce_to_chat": false,
    "description": {
      "translate": "§7屑作者"
    },
    "icon": {
      "count": 1,
      "id": "minecraft:cow_spawn_egg",
      "components": {
        "minecraft:custom_model_data":10000}
    },
    "show_toast": false,
    "title": {
      "translate": "药水棒冰  "
    }
}
}