{
  "parent": "moxing:other/3/1",
  "criteria": {"ysbb": {"trigger": "minecraft:inventory_changed","conditions": {"items": [{"items": ["minecraft:structure_block"],"count": {"min": 1,"max": 1}}]}}},

  "display": {
    "announce_to_chat": false,
    "description": {
      "translate": "§7一位喜欢吃肉的魔物松鼠!\n是一位可爱的个人势VUP!"
    },
    "icon": {
      "count": 1,
      "id": "minecraft:cow_spawn_egg",
      "components": {
        "minecraft:custom_model_data":10001}
    },
    "show_toast": false,
    "title": {
      "translate": "花樽栗守         "
    }
}
}