{
  "parent": "moxing:block/3/4",
  "criteria": {"ysbb": {"trigger": "minecraft:inventory_changed","conditions": {"items": [{"items": ["minecraft:structure_block"],"count": {"min": 1,"max": 1}}]}}},

  "display": {
    "frame":"challenge",
    "announce_to_chat": false,
    "description": {
      "translate": "§a原材料:面包"
    },
    "icon": {
      "count": 1,
      "id": "minecraft:cow_spawn_egg",
      "components": {
        "minecraft:custom_model_data":334}
    },
    "show_toast": false,
    "title": {
      "translate": "料理拼盘系列"
    }
}
}