{
  "parent": "moxing:block/3/7",
  "criteria": {"ysbb": {"trigger": "minecraft:inventory_changed","conditions": {"items": [{"items": ["minecraft:structure_block"],"count": {"min": 1,"max": 1}}]}}},

  "display": {
    "announce_to_chat": false,
    "description": {
      "translate": "原材料:箱子\n§7右键切换形态"
    },
    "icon": {
      "count": 1,
      "id": "minecraft:cow_spawn_egg",
      "components": {
        "minecraft:custom_model_data":322}
    },
    "show_toast": false,
    "title": {
      "translate": "礼品盒"
    }
}
}