{
  "parent": "moxing:hat/2",
  "criteria": {"ysbb": {"trigger": "minecraft:inventory_changed","conditions": {"items": [{"items": ["minecraft:structure_block"],"count": {"min": 1,"max": 1}}]}}},

  "display": {
    "announce_to_chat": false,
    "description": {
      "translate": "§a戴在头上时:           §f\ue101\n§9+2护甲值\n+1.6安全摔落高度\n§c-0.4最大行走高度"
    },
    "icon": {
      "count": 1,
      "id": "minecraft:netherite_helmet",
      "components": {
        "minecraft:custom_model_data":101}
    },
    "show_toast": false,
    "title": {
      "translate": "小龙趴                  "
    }
}
}