{
  "parent": "moxing:hat/1/104",
  "criteria": {"ysbb": {"trigger": "minecraft:inventory_changed","conditions": {"items": [{"items": ["minecraft:structure_block"],"count": {"min": 1,"max": 1}}]}}},

  "display": {
    "announce_to_chat": false,
    "description": {
      "translate": "§a戴在头上时:           §f\ue105\n§9+4护甲值\n+12%尺寸\n§c-40%攻击速度"
    },
    "icon": {
      "count": 1,
      "id": "minecraft:carved_pumpkin",
      "components": {
        "minecraft:custom_model_data":105}
    },
    "show_toast": false,
    "title": {
      "translate": "幽匿双马尾              "
    }
}
}