{
  "parent": "moxing:hat/1/105",
  "criteria": {"ysbb": {"trigger": "minecraft:inventory_changed","conditions": {"items": [{"items": ["minecraft:structure_block"],"count": {"min": 1,"max": 1}}]}}},

  "display": {
    "announce_to_chat": false,
    "description": {
      "translate": "§a戴在头上时:           §f\ue106\n§a戴在头上时:\n§9+14%跳跃力度\n+10%速度\n§c-2护甲值\n-25%尺寸"
    },
    "icon": {
      "count": 1,
      "id": "minecraft:carved_pumpkin",
      "components": {
        "minecraft:custom_model_data":106}
    },
    "show_toast": false,
    "title": {
      "translate": "扑腾扑腾                "
    }
}
}