{
  "parent": "moxing:hat/1/106",
  "criteria": {"ysbb": {"trigger": "minecraft:inventory_changed","conditions": {"items": [{"items": ["minecraft:structure_block"],"count": {"min": 1,"max": 1}}]}}},

  "display": {
    "announce_to_chat": false,
    "description": {
      "translate": "§a戴在头上时:           §f\ue107\n§a戴在头上时:\n§9+9%跳跃力度\n+8%速度\n§c-1护甲值\n-12%尺寸"
    },
    "icon": {
      "count": 1,
      "id": "minecraft:carved_pumpkin",
      "components": {
        "minecraft:custom_model_data":107}
    },
    "show_toast": false,
    "title": {
      "translate": "啪嗒啪嗒                "
    }
}
}