{
  "parent": "moxing:hat/1/107",
  "criteria": {"ysbb": {"trigger": "minecraft:inventory_changed","conditions": {"items": [{"items": ["minecraft:structure_block"],"count": {"min": 1,"max": 1}}]}}},

  "display": {
    "announce_to_chat": false,
    "description": {
      "translate": "§a戴在头上时:           §f\ue108\n§a戴在头上时:\n§9+8护甲值\n§c-100%移动速度"
    },
    "icon": {
      "count": 1,
      "id": "minecraft:carved_pumpkin",
      "components": {
        "minecraft:custom_model_data":108}
    },
    "show_toast": false,
    "title": {
      "translate": "假装思考者             "
    }
}
}