{
  "parent": "moxing:hat/1/108",
  "criteria": {"ysbb": {"trigger": "minecraft:inventory_changed","conditions": {"items": [{"items": ["minecraft:structure_block"],"count": {"min": 1,"max": 1}}]}}},

  "display": {
    "announce_to_chat": false,
    "description": {
      "translate": "§a戴在头上时:           §f\ue109\n§a戴在头上时:\n§9+0.5幸运值\n§c-25%跳跃力度\n-1护甲值"
    },
    "icon": {
      "count": 1,
      "id": "minecraft:carved_pumpkin",
      "components": {
        "minecraft:custom_model_data":109}
    },
    "show_toast": false,
    "title": {
      "translate": "农夫乐事                 "
    }
}
}