{
  "variants": {
    "facing=east,half=bottom,open=false": {"model": "minecraft:block/kaleidos"},
    "facing=east,half=bottom,open=true": {"model": "minecraft:block/kaleidos","x": 90,"y": 90},
    "facing=north,half=bottom,open=false": {"model": "minecraft:block/kaleidos"},
    "facing=north,half=bottom,open=true": {"model": "minecraft:block/kaleidos","x": 90,"y": 0},
    "facing=south,half=bottom,open=false": {"model": "minecraft:block/kaleidos"},
    "facing=south,half=bottom,open=true": {"model": "minecraft:block/kaleidos","x": 90,"y": 180},
    "facing=west,half=bottom,open=false": {"model": "minecraft:block/kaleidos"},
    "facing=west,half=bottom,open=true": {"model": "minecraft:block/kaleidos","x": 90,"y": 270},

    "facing=north,half=top,open=false": {"model": "minecraft:block/kaleidos","x": 180},
    "facing=north,half=top,open=true": {"model": "minecraft:block/kaleidos","x": 90,"y": 0},
    "facing=east,half=top,open=false": {"model": "minecraft:block/kaleidos","x": 180},
    "facing=east,half=top,open=true": {"model": "minecraft:block/kaleidos","x": 90,"y": 90},
    "facing=south,half=top,open=false": {"model": "minecraft:block/kaleidos","x": 180},
    "facing=south,half=top,open=true": {"model": "minecraft:block/kaleidos","x": 90,"y": 180},
    "facing=west,half=top,open=false": {"model": "minecraft:block/kaleidos","x": 180},
    "facing=west,half=top,open=true": {"model": "minecraft:block/kaleidos","x": 90,"y": 270}
  }
}