{
    "type": "minecraft:stonecutting",
    "category": "blocks",
    "ingredient": {
      "item": "minecraft:command_block"
    },
    "result": {
      "id": "minecraft:cow_spawn_egg",
      "count":1,
      "components": {
        "minecraft:custom_model_data":2,
        "minecraft:item_name": "{\"translate\":\"光源消除栓\",\"italic\": false}",
        "minecraft:entity_data": {
        "id":"minecraft:marker",
        "Tags":["dc_place"],
        "data":{"index":"2"}
      }
    }
  }
  }