{
  "parent": "moxing:hat/0",
  "criteria": {
    "ysbb": {
      "trigger": "minecraft:tick"
    }
  },
  "display": {
    "announce_to_chat": false,
    "description": {
      "translate": "§6所有合成后的帽子原型均为南瓜头\n§e把帽子当成方块放置后只会让你损失一顶帽子"
    },
    "icon": {
      "count": 1,
      "id": "minecraft:carved_pumpkin"
    },
    "show_toast": false,
    "title": {
      "translate": "森罗の帽子                              "
    }
}
}