{
  "parent": "moxing:hat/3/110",
  "criteria": {"ysbb": {"trigger": "minecraft:inventory_changed","conditions": {"items": [{"items": ["minecraft:structure_block"],"count": {"min": 1,"max": 1}}]}}},

  "display": {
    "announce_to_chat": false,
    "description": {
      "translate": "§a戴在头上时:           §f\ue121\n§9+2护甲值\n+5幸运"
    },
    "icon": {
      "count": 1,
      "id": "minecraft:carved_pumpkin",
      "components": {
        "minecraft:custom_model_data":121}
    },
    "show_toast": false,
    "title": {
      "translate": "高筒礼帽                  "
    }
  }
}