{
  "parent": "moxing:hat/3/111",
  "criteria": {"ysbb": {"trigger": "minecraft:inventory_changed","conditions": {"items": [{"items": ["minecraft:structure_block"],"count": {"min": 1,"max": 1}}]}}},

  "display": {
    "announce_to_chat": false,
    "description": {
      "translate": "§a戴在头上时:           §f\ue122\n§9+16方块交互距离\n\n"
    },
    "icon": {
      "count": 1,
      "id": "minecraft:carved_pumpkin",
      "components": {
        "minecraft:custom_model_data":122}
    },
    "show_toast": false,
    "title": {
      "translate": "魔术师帽                  "
    }
}
}