{
  "parent": "moxing:hat/2/111",
  "criteria": {"ysbb": {"trigger": "minecraft:inventory_changed","conditions": {"items": [{"items": ["minecraft:structure_block"],"count": {"min": 1,"max": 1}}]}}},

  "display": {
    "announce_to_chat": false,
    "description": {
      "translate": "§a戴在头上时:           §f\ue112\n§9+2.5安全摔落高度\n+4护甲值\n§c-0.02重力\n-10幸运"
    },
    "icon": {
      "count": 1,
      "id": "minecraft:carved_pumpkin",
      "components": {
        "minecraft:custom_model_data":112}
    },
    "show_toast": false,
    "title": {
      "translate": "魔女帽                  "
    }
}
}