{
  "parent": "moxing:hat/2/113",
  "criteria": {"ysbb": {"trigger": "minecraft:inventory_changed","conditions": {"items": [{"items": ["minecraft:structure_block"],"count": {"min": 1,"max": 1}}]}}},

  "display": {
    "announce_to_chat": false,
    "description": {
      "translate": "§a戴在头上时:           §f\ue114\n§9+2盔甲韧性\n+2护甲值"
    },
    "icon": {
      "count": 1,
      "id": "minecraft:carved_pumpkin",
      "components": {
        "minecraft:custom_model_data":114}
    },
    "show_toast": false,
    "title": {
      "translate": "翘边羽帽                "
    }
}
}