{
  "parent": "moxing:hat/2/114",
  "criteria": {"ysbb": {"trigger": "minecraft:inventory_changed","conditions": {"items": [{"items": ["minecraft:structure_block"],"count": {"min": 1,"max": 1}}]}}},

  "display": {
    "announce_to_chat": false,
    "description": {
      "translate": "§a戴在头上时:           §f\ue115\n§9+3护甲值\n+2安全摔落高度\n+33%挖掘掘速度\n§c-15%速度"
    },
    "icon": {
      "count": 1,
      "id": "minecraft:carved_pumpkin",
      "components": {
        "minecraft:custom_model_data":115}
    },
    "show_toast": false,
    "title": {
      "translate": "洞穴探险家之帽         "
    }
}
}