{
  "parent": "moxing:hat/2/115",
  "criteria": {"ysbb": {"trigger": "minecraft:inventory_changed","conditions": {"items": [{"items": ["minecraft:structure_block"],"count": {"min": 1,"max": 1}}]}}},

  "display": {
    "announce_to_chat": false,
    "description": {
      "translate": "§a戴在头上时:           §f\ue116\n§9+6盔甲韧性\n+1护甲值\n§c-40%攻击速度"
    },
    "icon": {
      "count": 1,
      "id": "minecraft:carved_pumpkin",
      "components": {
        "minecraft:custom_model_data":116}
    },
    "show_toast": false,
    "title": {
      "translate": "樱花朵朵高丘帽         "
    }
}
}