{
  "parent": "moxing:hat/2/116",
  "criteria": {"ysbb": {"trigger": "minecraft:inventory_changed","conditions": {"items": [{"items": ["minecraft:structure_block"],"count": {"min": 1,"max": 1}}]}}},

  "display": {
    "announce_to_chat": false,
    "description": {
      "translate": "§a戴在头上时:           §f\ue117\n§c-1护甲值\n-55%尺寸\n-1方块交互距离\n-1实体交互距离\n-6最大生命值\n-10%跳跃高度\n-2安全摔落高度\n-40%速度\n-0.5最大行走高度"
    },
    "icon": {
      "count": 1,
      "id": "minecraft:carved_pumpkin",
      "components": {
        "minecraft:custom_model_data":117}
    },
    "show_toast": false,
    "title": {
      "translate": "昏昏帽                  "
    }
}
}