{
  "parent": "moxing:hat/2/117",
  "criteria": {"ysbb": {"trigger": "minecraft:inventory_changed","conditions": {"items": [{"items": ["minecraft:structure_block"],"count": {"min": 1,"max": 1}}]}}},

  "display": {
    "announce_to_chat": false,
    "description": {
      "translate": "§a戴在头上时:           §f\ue118\n§9+50%跳跃力度\n+1.5摔落高度\n+0.03重力\n§c-8%速度"
    },
    "icon": {
      "count": 1,
      "id": "minecraft:carved_pumpkin",
      "components": {
        "minecraft:custom_model_data":118}
    },
    "show_toast": false,
    "title": {
      "translate": "胶粘小帽                "
    }
}
}