{
  "parent": "moxing:hat/2/118",
  "criteria": {"ysbb": {"trigger": "minecraft:inventory_changed","conditions": {"items": [{"items": ["minecraft:structure_block"],"count": {"min": 1,"max": 1}}]}}},

  "display": {
    "announce_to_chat": false,
    "description": {
      "translate": "§a戴在头上时:           §f\ue119\n§9+4生命上限\n+2.5实体交互距离\n+0.08重力\n§c-15%速度"
    },
    "icon": {
      "count": 1,
      "id": "minecraft:carved_pumpkin",
      "components": {
        "minecraft:custom_model_data":119}
    },
    "show_toast": false,
    "title": {
      "translate": "皇阿帽                  "
    }
}
}